suite,task_id,trial_id,success,executed_steps,elapsed_seconds,environment_seed,model_seed,actions_finite,trajectory
libero_spatial,0,0,True,93,44.692109246971086,0,0,True,/mnt/project_eai_hs/zrm2/eval_isolated/dreamzero_none_cb08c9e_20260726/runs/formal_libero40_none_20_cb08c9e/shards/gpu0/tasks/libero_spatial/task_000/trajectories/trial_000.npz
libero_spatial,0,1,True,85,30.380100190988742,0,0,True,/mnt/project_eai_hs/zrm2/eval_isolated/dreamzero_none_cb08c9e_20260726/runs/formal_libero40_none_20_cb08c9e/shards/gpu0/tasks/libero_spatial/task_000/trajectories/trial_001.npz
libero_spatial,0,2,True,87,29.84669765899889,0,0,True,/mnt/project_eai_hs/zrm2/eval_isolated/dreamzero_none_cb08c9e_20260726/runs/formal_libero40_none_20_cb08c9e/shards/gpu0/tasks/libero_spatial/task_000/trajectories/trial_002.npz
libero_spatial,0,3,True,85,29.937242205021903,0,0,True,/mnt/project_eai_hs/zrm2/eval_isolated/dreamzero_none_cb08c9e_20260726/runs/formal_libero40_none_20_cb08c9e/shards/gpu0/tasks/libero_spatial/task_000/trajectories/trial_003.npz
libero_spatial,0,4,True,92,32.551405682927,0,0,True,/mnt/project_eai_hs/zrm2/eval_isolated/dreamzero_none_cb08c9e_20260726/runs/formal_libero40_none_20_cb08c9e/shards/gpu0/tasks/libero_spatial/task_000/trajectories/trial_004.npz
libero_spatial,0,5,True,89,32.34735474700574,0,0,True,/mnt/project_eai_hs/zrm2/eval_isolated/dreamzero_none_cb08c9e_20260726/runs/formal_libero40_none_20_cb08c9e/shards/gpu0/tasks/libero_spatial/task_000/trajectories/trial_005.npz
libero_spatial,0,6,True,92,33.67536921403371,0,0,True,/mnt/project_eai_hs/zrm2/eval_isolated/dreamzero_none_cb08c9e_20260726/runs/formal_libero40_none_20_cb08c9e/shards/gpu0/tasks/libero_spatial/task_000/trajectories/trial_006.npz
libero_spatial,0,7,False,480,151.40752044005785,0,0,True,/mnt/project_eai_hs/zrm2/eval_isolated/dreamzero_none_cb08c9e_20260726/runs/formal_libero40_none_20_cb08c9e/shards/gpu0/tasks/libero_spatial/task_000/trajectories/trial_007.npz
libero_spatial,0,8,True,89,32.89276447996963,0,0,True,/mnt/project_eai_hs/zrm2/eval_isolated/dreamzero_none_cb08c9e_20260726/runs/formal_libero40_none_20_cb08c9e/shards/gpu0/tasks/libero_spatial/task_000/trajectories/trial_008.npz
libero_spatial,0,9,True,84,29.917911672964692,0,0,True,/mnt/project_eai_hs/zrm2/eval_isolated/dreamzero_none_cb08c9e_20260726/runs/formal_libero40_none_20_cb08c9e/shards/gpu0/tasks/libero_spatial/task_000/trajectories/trial_009.npz
libero_spatial,0,10,True,92,32.6273501040414,0,0,True,/mnt/project_eai_hs/zrm2/eval_isolated/dreamzero_none_cb08c9e_20260726/runs/formal_libero40_none_20_cb08c9e/shards/gpu0/tasks/libero_spatial/task_000/trajectories/trial_010.npz
libero_spatial,0,11,True,131,47.68463498004712,0,0,True,/mnt/project_eai_hs/zrm2/eval_isolated/dreamzero_none_cb08c9e_20260726/runs/formal_libero40_none_20_cb08c9e/shards/gpu0/tasks/libero_spatial/task_000/trajectories/trial_011.npz
libero_spatial,0,12,True,91,34.60239727701992,0,0,True,/mnt/project_eai_hs/zrm2/eval_isolated/dreamzero_none_cb08c9e_20260726/runs/formal_libero40_none_20_cb08c9e/shards/gpu0/tasks/libero_spatial/task_000/trajectories/trial_012.npz
libero_spatial,0,13,True,217,69.08400936203543,0,0,True,/mnt/project_eai_hs/zrm2/eval_isolated/dreamzero_none_cb08c9e_20260726/runs/formal_libero40_none_20_cb08c9e/shards/gpu0/tasks/libero_spatial/task_000/trajectories/trial_013.npz
libero_spatial,0,14,True,284,90.98738483001944,0,0,True,/mnt/project_eai_hs/zrm2/eval_isolated/dreamzero_none_cb08c9e_20260726/runs/formal_libero40_none_20_cb08c9e/shards/gpu0/tasks/libero_spatial/task_000/trajectories/trial_014.npz
libero_spatial,0,15,True,78,28.505993445054628,0,0,True,/mnt/project_eai_hs/zrm2/eval_isolated/dreamzero_none_cb08c9e_20260726/runs/formal_libero40_none_20_cb08c9e/shards/gpu0/tasks/libero_spatial/task_000/trajectories/trial_015.npz
libero_spatial,0,16,True,83,28.1235377920093,0,0,True,/mnt/project_eai_hs/zrm2/eval_isolated/dreamzero_none_cb08c9e_20260726/runs/formal_libero40_none_20_cb08c9e/shards/gpu0/tasks/libero_spatial/task_000/trajectories/trial_016.npz
libero_spatial,0,17,True,92,31.667723743012175,0,0,True,/mnt/project_eai_hs/zrm2/eval_isolated/dreamzero_none_cb08c9e_20260726/runs/formal_libero40_none_20_cb08c9e/shards/gpu0/tasks/libero_spatial/task_000/trajectories/trial_017.npz
libero_spatial,0,18,True,89,33.60252765798941,0,0,True,/mnt/project_eai_hs/zrm2/eval_isolated/dreamzero_none_cb08c9e_20260726/runs/formal_libero40_none_20_cb08c9e/shards/gpu0/tasks/libero_spatial/task_000/trajectories/trial_018.npz
libero_spatial,0,19,True,92,31.92893243592698,0,0,True,/mnt/project_eai_hs/zrm2/eval_isolated/dreamzero_none_cb08c9e_20260726/runs/formal_libero40_none_20_cb08c9e/shards/gpu0/tasks/libero_spatial/task_000/trajectories/trial_019.npz
libero_spatial,1,0,True,169,66.9248081779806,0,0,True,/mnt/project_eai_hs/zrm2/eval_isolated/dreamzero_none_cb08c9e_20260726/runs/formal_libero40_none_20_cb08c9e/shards/gpu1/tasks/libero_spatial/task_001/trajectories/trial_000.npz
libero_spatial,1,1,True,120,39.7586922069313,0,0,True,/mnt/project_eai_hs/zrm2/eval_isolated/dreamzero_none_cb08c9e_20260726/runs/formal_libero40_none_20_cb08c9e/shards/gpu1/tasks/libero_spatial/task_001/trajectories/trial_001.npz
libero_spatial,1,2,False,480,147.3357783430256,0,0,True,/mnt/project_eai_hs/zrm2/eval_isolated/dreamzero_none_cb08c9e_20260726/runs/formal_libero40_none_20_cb08c9e/shards/gpu1/tasks/libero_spatial/task_001/trajectories/trial_002.npz
libero_spatial,1,3,True,165,49.58318115002476,0,0,True,/mnt/project_eai_hs/zrm2/eval_isolated/dreamzero_none_cb08c9e_20260726/runs/formal_libero40_none_20_cb08c9e/shards/gpu1/tasks/libero_spatial/task_001/trajectories/trial_003.npz
libero_spatial,1,4,True,159,50.31420299306046,0,0,True,/mnt/project_eai_hs/zrm2/eval_isolated/dreamzero_none_cb08c9e_20260726/runs/formal_libero40_none_20_cb08c9e/shards/gpu1/tasks/libero_spatial/task_001/trajectories/trial_004.npz
libero_spatial,1,5,True,181,62.88210254907608,0,0,True,/mnt/project_eai_hs/zrm2/eval_isolated/dreamzero_none_cb08c9e_20260726/runs/formal_libero40_none_20_cb08c9e/shards/gpu1/tasks/libero_spatial/task_001/trajectories/trial_005.npz
libero_spatial,1,6,True,142,45.19554797199089,0,0,True,/mnt/project_eai_hs/zrm2/eval_isolated/dreamzero_none_cb08c9e_20260726/runs/formal_libero40_none_20_cb08c9e/shards/gpu1/tasks/libero_spatial/task_001/trajectories/trial_006.npz
libero_spatial,1,7,True,238,80.997429151088,0,0,True,/mnt/project_eai_hs/zrm2/eval_isolated/dreamzero_none_cb08c9e_20260726/runs/formal_libero40_none_20_cb08c9e/shards/gpu1/tasks/libero_spatial/task_001/trajectories/trial_007.npz
libero_spatial,1,8,True,161,55.46579296304844,0,0,True,/mnt/project_eai_hs/zrm2/eval_isolated/dreamzero_none_cb08c9e_20260726/runs/formal_libero40_none_20_cb08c9e/shards/gpu1/tasks/libero_spatial/task_001/trajectories/trial_008.npz
libero_spatial,1,9,True,290,87.77238483296242,0,0,True,/mnt/project_eai_hs/zrm2/eval_isolated/dreamzero_none_cb08c9e_20260726/runs/formal_libero40_none_20_cb08c9e/shards/gpu1/tasks/libero_spatial/task_001/trajectories/trial_009.npz
libero_spatial,1,10,True,142,48.113712617894635,0,0,True,/mnt/project_eai_hs/zrm2/eval_isolated/dreamzero_none_cb08c9e_20260726/runs/formal_libero40_none_20_cb08c9e/shards/gpu1/tasks/libero_spatial/task_001/trajectories/trial_010.npz
libero_spatial,1,11,True,140,47.35597872000653,0,0,True,/mnt/project_eai_hs/zrm2/eval_isolated/dreamzero_none_cb08c9e_20260726/runs/formal_libero40_none_20_cb08c9e/shards/gpu1/tasks/libero_spatial/task_001/trajectories/trial_011.npz
libero_spatial,1,12,True,166,55.63163609697949,0,0,True,/mnt/project_eai_hs/zrm2/eval_isolated/dreamzero_none_cb08c9e_20260726/runs/formal_libero40_none_20_cb08c9e/shards/gpu1/tasks/libero_spatial/task_001/trajectories/trial_012.npz
libero_spatial,1,13,True,128,42.311847266042605,0,0,True,/mnt/project_eai_hs/zrm2/eval_isolated/dreamzero_none_cb08c9e_20260726/runs/formal_libero40_none_20_cb08c9e/shards/gpu1/tasks/libero_spatial/task_001/trajectories/trial_013.npz
libero_spatial,1,14,True,298,90.20935984991957,0,0,True,/mnt/project_eai_hs/zrm2/eval_isolated/dreamzero_none_cb08c9e_20260726/runs/formal_libero40_none_20_cb08c9e/shards/gpu1/tasks/libero_spatial/task_001/trajectories/trial_014.npz
libero_spatial,1,15,True,148,48.8239738419652,0,0,True,/mnt/project_eai_hs/zrm2/eval_isolated/dreamzero_none_cb08c9e_20260726/runs/formal_libero40_none_20_cb08c9e/shards/gpu1/tasks/libero_spatial/task_001/trajectories/trial_015.npz
libero_spatial,1,16,True,255,82.7655485610012,0,0,True,/mnt/project_eai_hs/zrm2/eval_isolated/dreamzero_none_cb08c9e_20260726/runs/formal_libero40_none_20_cb08c9e/shards/gpu1/tasks/libero_spatial/task_001/trajectories/trial_016.npz
libero_spatial,1,17,True,159,51.156744675012305,0,0,True,/mnt/project_eai_hs/zrm2/eval_isolated/dreamzero_none_cb08c9e_20260726/runs/formal_libero40_none_20_cb08c9e/shards/gpu1/tasks/libero_spatial/task_001/trajectories/trial_017.npz
libero_spatial,1,18,True,215,69.19246338005178,0,0,True,/mnt/project_eai_hs/zrm2/eval_isolated/dreamzero_none_cb08c9e_20260726/runs/formal_libero40_none_20_cb08c9e/shards/gpu1/tasks/libero_spatial/task_001/trajectories/trial_018.npz
libero_spatial,1,19,True,177,56.67865763406735,0,0,True,/mnt/project_eai_hs/zrm2/eval_isolated/dreamzero_none_cb08c9e_20260726/runs/formal_libero40_none_20_cb08c9e/shards/gpu1/tasks/libero_spatial/task_001/trajectories/trial_019.npz
libero_spatial,2,0,True,111,48.078734794049524,0,0,True,/mnt/project_eai_hs/zrm2/eval_isolated/dreamzero_none_cb08c9e_20260726/runs/formal_libero40_none_20_cb08c9e/shards/gpu2/tasks/libero_spatial/task_002/trajectories/trial_000.npz
libero_spatial,2,1,True,111,36.760791767039336,0,0,True,/mnt/project_eai_hs/zrm2/eval_isolated/dreamzero_none_cb08c9e_20260726/runs/formal_libero40_none_20_cb08c9e/shards/gpu2/tasks/libero_spatial/task_002/trajectories/trial_001.npz
libero_spatial,2,2,True,104,35.14782139810268,0,0,True,/mnt/project_eai_hs/zrm2/eval_isolated/dreamzero_none_cb08c9e_20260726/runs/formal_libero40_none_20_cb08c9e/shards/gpu2/tasks/libero_spatial/task_002/trajectories/trial_002.npz
libero_spatial,2,3,True,105,33.91619073704351,0,0,True,/mnt/project_eai_hs/zrm2/eval_isolated/dreamzero_none_cb08c9e_20260726/runs/formal_libero40_none_20_cb08c9e/shards/gpu2/tasks/libero_spatial/task_002/trajectories/trial_003.npz
libero_spatial,2,4,True,106,36.49121521192137,0,0,True,/mnt/project_eai_hs/zrm2/eval_isolated/dreamzero_none_cb08c9e_20260726/runs/formal_libero40_none_20_cb08c9e/shards/gpu2/tasks/libero_spatial/task_002/trajectories/trial_004.npz
libero_spatial,2,5,True,108,35.30059690307826,0,0,True,/mnt/project_eai_hs/zrm2/eval_isolated/dreamzero_none_cb08c9e_20260726/runs/formal_libero40_none_20_cb08c9e/shards/gpu2/tasks/libero_spatial/task_002/trajectories/trial_005.npz
libero_spatial,2,6,True,108,32.93435413495172,0,0,True,/mnt/project_eai_hs/zrm2/eval_isolated/dreamzero_none_cb08c9e_20260726/runs/formal_libero40_none_20_cb08c9e/shards/gpu2/tasks/libero_spatial/task_002/trajectories/trial_006.npz
libero_spatial,2,7,True,111,35.33825348201208,0,0,True,/mnt/project_eai_hs/zrm2/eval_isolated/dreamzero_none_cb08c9e_20260726/runs/formal_libero40_none_20_cb08c9e/shards/gpu2/tasks/libero_spatial/task_002/trajectories/trial_007.npz
libero_spatial,2,8,True,133,43.620896389940754,0,0,True,/mnt/project_eai_hs/zrm2/eval_isolated/dreamzero_none_cb08c9e_20260726/runs/formal_libero40_none_20_cb08c9e/shards/gpu2/tasks/libero_spatial/task_002/trajectories/trial_008.npz
libero_spatial,2,9,True,109,38.07322835503146,0,0,True,/mnt/project_eai_hs/zrm2/eval_isolated/dreamzero_none_cb08c9e_20260726/runs/formal_libero40_none_20_cb08c9e/shards/gpu2/tasks/libero_spatial/task_002/trajectories/trial_009.npz
libero_spatial,2,10,True,111,37.63409343594685,0,0,True,/mnt/project_eai_hs/zrm2/eval_isolated/dreamzero_none_cb08c9e_20260726/runs/formal_libero40_none_20_cb08c9e/shards/gpu2/tasks/libero_spatial/task_002/trajectories/trial_010.npz
libero_spatial,2,11,True,111,35.20828378002625,0,0,True,/mnt/project_eai_hs/zrm2/eval_isolated/dreamzero_none_cb08c9e_20260726/runs/formal_libero40_none_20_cb08c9e/shards/gpu2/tasks/libero_spatial/task_002/trajectories/trial_011.npz
libero_spatial,2,12,True,109,38.67000360193197,0,0,True,/mnt/project_eai_hs/zrm2/eval_isolated/dreamzero_none_cb08c9e_20260726/runs/formal_libero40_none_20_cb08c9e/shards/gpu2/tasks/libero_spatial/task_002/trajectories/trial_012.npz
libero_spatial,2,13,True,108,38.29276833194308,0,0,True,/mnt/project_eai_hs/zrm2/eval_isolated/dreamzero_none_cb08c9e_20260726/runs/formal_libero40_none_20_cb08c9e/shards/gpu2/tasks/libero_spatial/task_002/trajectories/trial_013.npz
libero_spatial,2,14,True,107,37.74362162791658,0,0,True,/mnt/project_eai_hs/zrm2/eval_isolated/dreamzero_none_cb08c9e_20260726/runs/formal_libero40_none_20_cb08c9e/shards/gpu2/tasks/libero_spatial/task_002/trajectories/trial_014.npz
libero_spatial,2,15,True,107,35.213625701959245,0,0,True,/mnt/project_eai_hs/zrm2/eval_isolated/dreamzero_none_cb08c9e_20260726/runs/formal_libero40_none_20_cb08c9e/shards/gpu2/tasks/libero_spatial/task_002/trajectories/trial_015.npz
libero_spatial,2,16,True,108,33.22478572209366,0,0,True,/mnt/project_eai_hs/zrm2/eval_isolated/dreamzero_none_cb08c9e_20260726/runs/formal_libero40_none_20_cb08c9e/shards/gpu2/tasks/libero_spatial/task_002/trajectories/trial_016.npz
libero_spatial,2,17,False,480,148.78459514596034,0,0,True,/mnt/project_eai_hs/zrm2/eval_isolated/dreamzero_none_cb08c9e_20260726/runs/formal_libero40_none_20_cb08c9e/shards/gpu2/tasks/libero_spatial/task_002/trajectories/trial_017.npz
libero_spatial,2,18,True,110,36.76707192801405,0,0,True,/mnt/project_eai_hs/zrm2/eval_isolated/dreamzero_none_cb08c9e_20260726/runs/formal_libero40_none_20_cb08c9e/shards/gpu2/tasks/libero_spatial/task_002/trajectories/trial_018.npz
libero_spatial,2,19,True,102,35.67447229498066,0,0,True,/mnt/project_eai_hs/zrm2/eval_isolated/dreamzero_none_cb08c9e_20260726/runs/formal_libero40_none_20_cb08c9e/shards/gpu2/tasks/libero_spatial/task_002/trajectories/trial_019.npz
libero_spatial,3,0,True,217,81.28584914910607,0,0,True,/mnt/project_eai_hs/zrm2/eval_isolated/dreamzero_none_cb08c9e_20260726/runs/formal_libero40_none_20_cb08c9e/shards/gpu3/tasks/libero_spatial/task_003/trajectories/trial_000.npz
libero_spatial,3,1,False,480,146.92880574206356,0,0,True,/mnt/project_eai_hs/zrm2/eval_isolated/dreamzero_none_cb08c9e_20260726/runs/formal_libero40_none_20_cb08c9e/shards/gpu3/tasks/libero_spatial/task_003/trajectories/trial_001.npz
libero_spatial,3,2,True,151,46.979968940024264,0,0,True,/mnt/project_eai_hs/zrm2/eval_isolated/dreamzero_none_cb08c9e_20260726/runs/formal_libero40_none_20_cb08c9e/shards/gpu3/tasks/libero_spatial/task_003/trajectories/trial_002.npz
libero_spatial,3,3,True,140,42.99008011200931,0,0,True,/mnt/project_eai_hs/zrm2/eval_isolated/dreamzero_none_cb08c9e_20260726/runs/formal_libero40_none_20_cb08c9e/shards/gpu3/tasks/libero_spatial/task_003/trajectories/trial_003.npz
libero_spatial,3,4,True,142,49.34607246203814,0,0,True,/mnt/project_eai_hs/zrm2/eval_isolated/dreamzero_none_cb08c9e_20260726/runs/formal_libero40_none_20_cb08c9e/shards/gpu3/tasks/libero_spatial/task_003/trajectories/trial_004.npz
libero_spatial,3,5,True,88,32.01800443301909,0,0,True,/mnt/project_eai_hs/zrm2/eval_isolated/dreamzero_none_cb08c9e_20260726/runs/formal_libero40_none_20_cb08c9e/shards/gpu3/tasks/libero_spatial/task_003/trajectories/trial_005.npz
libero_spatial,3,6,True,90,30.230688918032683,0,0,True,/mnt/project_eai_hs/zrm2/eval_isolated/dreamzero_none_cb08c9e_20260726/runs/formal_libero40_none_20_cb08c9e/shards/gpu3/tasks/libero_spatial/task_003/trajectories/trial_006.npz
libero_spatial,3,7,True,99,33.22770856600255,0,0,True,/mnt/project_eai_hs/zrm2/eval_isolated/dreamzero_none_cb08c9e_20260726/runs/formal_libero40_none_20_cb08c9e/shards/gpu3/tasks/libero_spatial/task_003/trajectories/trial_007.npz
libero_spatial,3,8,True,134,46.26003280899022,0,0,True,/mnt/project_eai_hs/zrm2/eval_isolated/dreamzero_none_cb08c9e_20260726/runs/formal_libero40_none_20_cb08c9e/shards/gpu3/tasks/libero_spatial/task_003/trajectories/trial_008.npz
libero_spatial,3,9,True,215,74.22958090994507,0,0,True,/mnt/project_eai_hs/zrm2/eval_isolated/dreamzero_none_cb08c9e_20260726/runs/formal_libero40_none_20_cb08c9e/shards/gpu3/tasks/libero_spatial/task_003/trajectories/trial_009.npz
libero_spatial,3,10,True,155,47.16617733996827,0,0,True,/mnt/project_eai_hs/zrm2/eval_isolated/dreamzero_none_cb08c9e_20260726/runs/formal_libero40_none_20_cb08c9e/shards/gpu3/tasks/libero_spatial/task_003/trajectories/trial_010.npz
libero_spatial,3,11,True,87,29.00910313904751,0,0,True,/mnt/project_eai_hs/zrm2/eval_isolated/dreamzero_none_cb08c9e_20260726/runs/formal_libero40_none_20_cb08c9e/shards/gpu3/tasks/libero_spatial/task_003/trajectories/trial_011.npz
libero_spatial,3,12,True,136,45.573594753979705,0,0,True,/mnt/project_eai_hs/zrm2/eval_isolated/dreamzero_none_cb08c9e_20260726/runs/formal_libero40_none_20_cb08c9e/shards/gpu3/tasks/libero_spatial/task_003/trajectories/trial_012.npz
libero_spatial,3,13,True,138,47.460318673052825,0,0,True,/mnt/project_eai_hs/zrm2/eval_isolated/dreamzero_none_cb08c9e_20260726/runs/formal_libero40_none_20_cb08c9e/shards/gpu3/tasks/libero_spatial/task_003/trajectories/trial_013.npz
libero_spatial,3,14,True,115,38.72943319706246,0,0,True,/mnt/project_eai_hs/zrm2/eval_isolated/dreamzero_none_cb08c9e_20260726/runs/formal_libero40_none_20_cb08c9e/shards/gpu3/tasks/libero_spatial/task_003/trajectories/trial_014.npz
libero_spatial,3,15,True,224,72.02329457097221,0,0,True,/mnt/project_eai_hs/zrm2/eval_isolated/dreamzero_none_cb08c9e_20260726/runs/formal_libero40_none_20_cb08c9e/shards/gpu3/tasks/libero_spatial/task_003/trajectories/trial_015.npz
libero_spatial,3,16,True,259,76.96448396297637,0,0,True,/mnt/project_eai_hs/zrm2/eval_isolated/dreamzero_none_cb08c9e_20260726/runs/formal_libero40_none_20_cb08c9e/shards/gpu3/tasks/libero_spatial/task_003/trajectories/trial_016.npz
libero_spatial,3,17,True,224,71.49178315803874,0,0,True,/mnt/project_eai_hs/zrm2/eval_isolated/dreamzero_none_cb08c9e_20260726/runs/formal_libero40_none_20_cb08c9e/shards/gpu3/tasks/libero_spatial/task_003/trajectories/trial_017.npz
libero_spatial,3,18,True,103,34.876994528924115,0,0,True,/mnt/project_eai_hs/zrm2/eval_isolated/dreamzero_none_cb08c9e_20260726/runs/formal_libero40_none_20_cb08c9e/shards/gpu3/tasks/libero_spatial/task_003/trajectories/trial_018.npz
libero_spatial,3,19,True,188,62.65496646089014,0,0,True,/mnt/project_eai_hs/zrm2/eval_isolated/dreamzero_none_cb08c9e_20260726/runs/formal_libero40_none_20_cb08c9e/shards/gpu3/tasks/libero_spatial/task_003/trajectories/trial_019.npz
libero_spatial,4,0,True,283,100.88689713797066,0,0,True,/mnt/project_eai_hs/zrm2/eval_isolated/dreamzero_none_cb08c9e_20260726/runs/formal_libero40_none_20_cb08c9e/shards/gpu4/tasks/libero_spatial/task_004/trajectories/trial_000.npz
libero_spatial,4,1,False,480,149.23186525399797,0,0,True,/mnt/project_eai_hs/zrm2/eval_isolated/dreamzero_none_cb08c9e_20260726/runs/formal_libero40_none_20_cb08c9e/shards/gpu4/tasks/libero_spatial/task_004/trajectories/trial_001.npz
libero_spatial,4,2,True,161,49.764632430044,0,0,True,/mnt/project_eai_hs/zrm2/eval_isolated/dreamzero_none_cb08c9e_20260726/runs/formal_libero40_none_20_cb08c9e/shards/gpu4/tasks/libero_spatial/task_004/trajectories/trial_002.npz
libero_spatial,4,3,False,480,153.5431257300079,0,0,True,/mnt/project_eai_hs/zrm2/eval_isolated/dreamzero_none_cb08c9e_20260726/runs/formal_libero40_none_20_cb08c9e/shards/gpu4/tasks/libero_spatial/task_004/trajectories/trial_003.npz
libero_spatial,4,4,True,140,48.32594292098656,0,0,True,/mnt/project_eai_hs/zrm2/eval_isolated/dreamzero_none_cb08c9e_20260726/runs/formal_libero40_none_20_cb08c9e/shards/gpu4/tasks/libero_spatial/task_004/trajectories/trial_004.npz
libero_spatial,4,5,False,480,152.75248108897358,0,0,True,/mnt/project_eai_hs/zrm2/eval_isolated/dreamzero_none_cb08c9e_20260726/runs/formal_libero40_none_20_cb08c9e/shards/gpu4/tasks/libero_spatial/task_004/trajectories/trial_005.npz
libero_spatial,4,6,True,253,83.20630006596912,0,0,True,/mnt/project_eai_hs/zrm2/eval_isolated/dreamzero_none_cb08c9e_20260726/runs/formal_libero40_none_20_cb08c9e/shards/gpu4/tasks/libero_spatial/task_004/trajectories/trial_006.npz
libero_spatial,4,7,True,163,55.274459436070174,0,0,True,/mnt/project_eai_hs/zrm2/eval_isolated/dreamzero_none_cb08c9e_20260726/runs/formal_libero40_none_20_cb08c9e/shards/gpu4/tasks/libero_spatial/task_004/trajectories/trial_007.npz
libero_spatial,4,8,False,480,148.10910041397437,0,0,True,/mnt/project_eai_hs/zrm2/eval_isolated/dreamzero_none_cb08c9e_20260726/runs/formal_libero40_none_20_cb08c9e/shards/gpu4/tasks/libero_spatial/task_004/trajectories/trial_008.npz
libero_spatial,4,9,False,480,155.70397543697618,0,0,True,/mnt/project_eai_hs/zrm2/eval_isolated/dreamzero_none_cb08c9e_20260726/runs/formal_libero40_none_20_cb08c9e/shards/gpu4/tasks/libero_spatial/task_004/trajectories/trial_009.npz
libero_spatial,4,10,True,234,73.25251883896999,0,0,True,/mnt/project_eai_hs/zrm2/eval_isolated/dreamzero_none_cb08c9e_20260726/runs/formal_libero40_none_20_cb08c9e/shards/gpu4/tasks/libero_spatial/task_004/trajectories/trial_010.npz
libero_spatial,4,11,False,480,152.83593718300108,0,0,True,/mnt/project_eai_hs/zrm2/eval_isolated/dreamzero_none_cb08c9e_20260726/runs/formal_libero40_none_20_cb08c9e/shards/gpu4/tasks/libero_spatial/task_004/trajectories/trial_011.npz
libero_spatial,4,12,False,480,157.38922555698082,0,0,True,/mnt/project_eai_hs/zrm2/eval_isolated/dreamzero_none_cb08c9e_20260726/runs/formal_libero40_none_20_cb08c9e/shards/gpu4/tasks/libero_spatial/task_004/trajectories/trial_012.npz
libero_spatial,4,13,True,153,51.676450288970955,0,0,True,/mnt/project_eai_hs/zrm2/eval_isolated/dreamzero_none_cb08c9e_20260726/runs/formal_libero40_none_20_cb08c9e/shards/gpu4/tasks/libero_spatial/task_004/trajectories/trial_013.npz
libero_spatial,4,14,False,480,155.4128935590852,0,0,True,/mnt/project_eai_hs/zrm2/eval_isolated/dreamzero_none_cb08c9e_20260726/runs/formal_libero40_none_20_cb08c9e/shards/gpu4/tasks/libero_spatial/task_004/trajectories/trial_014.npz
libero_spatial,4,15,True,215,69.58456762798596,0,0,True,/mnt/project_eai_hs/zrm2/eval_isolated/dreamzero_none_cb08c9e_20260726/runs/formal_libero40_none_20_cb08c9e/shards/gpu4/tasks/libero_spatial/task_004/trajectories/trial_015.npz
libero_spatial,4,16,True,143,54.469176804996096,0,0,True,/mnt/project_eai_hs/zrm2/eval_isolated/dreamzero_none_cb08c9e_20260726/runs/formal_libero40_none_20_cb08c9e/shards/gpu4/tasks/libero_spatial/task_004/trajectories/trial_016.npz
libero_spatial,4,17,False,480,157.17852673702873,0,0,True,/mnt/project_eai_hs/zrm2/eval_isolated/dreamzero_none_cb08c9e_20260726/runs/formal_libero40_none_20_cb08c9e/shards/gpu4/tasks/libero_spatial/task_004/trajectories/trial_017.npz
libero_spatial,4,18,False,480,152.4455495571019,0,0,True,/mnt/project_eai_hs/zrm2/eval_isolated/dreamzero_none_cb08c9e_20260726/runs/formal_libero40_none_20_cb08c9e/shards/gpu4/tasks/libero_spatial/task_004/trajectories/trial_018.npz
libero_spatial,4,19,True,174,62.26228164101485,0,0,True,/mnt/project_eai_hs/zrm2/eval_isolated/dreamzero_none_cb08c9e_20260726/runs/formal_libero40_none_20_cb08c9e/shards/gpu4/tasks/libero_spatial/task_004/trajectories/trial_019.npz
libero_spatial,5,0,False,480,155.83168838906568,0,0,True,/mnt/project_eai_hs/zrm2/eval_isolated/dreamzero_none_cb08c9e_20260726/runs/formal_libero40_none_20_cb08c9e/shards/gpu5/tasks/libero_spatial/task_005/trajectories/trial_000.npz
libero_spatial,5,1,False,480,144.66971435397863,0,0,True,/mnt/project_eai_hs/zrm2/eval_isolated/dreamzero_none_cb08c9e_20260726/runs/formal_libero40_none_20_cb08c9e/shards/gpu5/tasks/libero_spatial/task_005/trajectories/trial_001.npz
libero_spatial,5,2,False,480,149.16082310897764,0,0,True,/mnt/project_eai_hs/zrm2/eval_isolated/dreamzero_none_cb08c9e_20260726/runs/formal_libero40_none_20_cb08c9e/shards/gpu5/tasks/libero_spatial/task_005/trajectories/trial_002.npz
libero_spatial,5,3,False,480,150.7472863709554,0,0,True,/mnt/project_eai_hs/zrm2/eval_isolated/dreamzero_none_cb08c9e_20260726/runs/formal_libero40_none_20_cb08c9e/shards/gpu5/tasks/libero_spatial/task_005/trajectories/trial_003.npz
libero_spatial,5,4,False,480,143.23999154299963,0,0,True,/mnt/project_eai_hs/zrm2/eval_isolated/dreamzero_none_cb08c9e_20260726/runs/formal_libero40_none_20_cb08c9e/shards/gpu5/tasks/libero_spatial/task_005/trajectories/trial_004.npz
libero_spatial,5,5,False,480,155.27565371105447,0,0,True,/mnt/project_eai_hs/zrm2/eval_isolated/dreamzero_none_cb08c9e_20260726/runs/formal_libero40_none_20_cb08c9e/shards/gpu5/tasks/libero_spatial/task_005/trajectories/trial_005.npz
libero_spatial,5,6,True,447,142.59081733005587,0,0,True,/mnt/project_eai_hs/zrm2/eval_isolated/dreamzero_none_cb08c9e_20260726/runs/formal_libero40_none_20_cb08c9e/shards/gpu5/tasks/libero_spatial/task_005/trajectories/trial_006.npz
libero_spatial,5,7,False,480,143.5296470320318,0,0,True,/mnt/project_eai_hs/zrm2/eval_isolated/dreamzero_none_cb08c9e_20260726/runs/formal_libero40_none_20_cb08c9e/shards/gpu5/tasks/libero_spatial/task_005/trajectories/trial_007.npz
libero_spatial,5,8,True,228,79.93349738093093,0,0,True,/mnt/project_eai_hs/zrm2/eval_isolated/dreamzero_none_cb08c9e_20260726/runs/formal_libero40_none_20_cb08c9e/shards/gpu5/tasks/libero_spatial/task_005/trajectories/trial_008.npz
libero_spatial,5,9,False,480,161.74005287396722,0,0,True,/mnt/project_eai_hs/zrm2/eval_isolated/dreamzero_none_cb08c9e_20260726/runs/formal_libero40_none_20_cb08c9e/shards/gpu5/tasks/libero_spatial/task_005/trajectories/trial_009.npz
libero_spatial,5,10,False,480,148.80427905998658,0,0,True,/mnt/project_eai_hs/zrm2/eval_isolated/dreamzero_none_cb08c9e_20260726/runs/formal_libero40_none_20_cb08c9e/shards/gpu5/tasks/libero_spatial/task_005/trajectories/trial_010.npz
libero_spatial,5,11,False,480,164.57118034607265,0,0,True,/mnt/project_eai_hs/zrm2/eval_isolated/dreamzero_none_cb08c9e_20260726/runs/formal_libero40_none_20_cb08c9e/shards/gpu5/tasks/libero_spatial/task_005/trajectories/trial_011.npz
libero_spatial,5,12,False,480,157.19869435403962,0,0,True,/mnt/project_eai_hs/zrm2/eval_isolated/dreamzero_none_cb08c9e_20260726/runs/formal_libero40_none_20_cb08c9e/shards/gpu5/tasks/libero_spatial/task_005/trajectories/trial_012.npz
libero_spatial,5,13,False,480,148.17344033892732,0,0,True,/mnt/project_eai_hs/zrm2/eval_isolated/dreamzero_none_cb08c9e_20260726/runs/formal_libero40_none_20_cb08c9e/shards/gpu5/tasks/libero_spatial/task_005/trajectories/trial_013.npz
libero_spatial,5,14,False,480,150.7960490580881,0,0,True,/mnt/project_eai_hs/zrm2/eval_isolated/dreamzero_none_cb08c9e_20260726/runs/formal_libero40_none_20_cb08c9e/shards/gpu5/tasks/libero_spatial/task_005/trajectories/trial_014.npz
libero_spatial,5,15,False,480,153.0278821379179,0,0,True,/mnt/project_eai_hs/zrm2/eval_isolated/dreamzero_none_cb08c9e_20260726/runs/formal_libero40_none_20_cb08c9e/shards/gpu5/tasks/libero_spatial/task_005/trajectories/trial_015.npz
libero_spatial,5,16,True,344,112.26561879809014,0,0,True,/mnt/project_eai_hs/zrm2/eval_isolated/dreamzero_none_cb08c9e_20260726/runs/formal_libero40_none_20_cb08c9e/shards/gpu5/tasks/libero_spatial/task_005/trajectories/trial_016.npz
libero_spatial,5,17,False,480,146.94084902608301,0,0,True,/mnt/project_eai_hs/zrm2/eval_isolated/dreamzero_none_cb08c9e_20260726/runs/formal_libero40_none_20_cb08c9e/shards/gpu5/tasks/libero_spatial/task_005/trajectories/trial_017.npz
libero_spatial,5,18,False,480,161.5031055280706,0,0,True,/mnt/project_eai_hs/zrm2/eval_isolated/dreamzero_none_cb08c9e_20260726/runs/formal_libero40_none_20_cb08c9e/shards/gpu5/tasks/libero_spatial/task_005/trajectories/trial_018.npz
libero_spatial,5,19,False,480,151.8634751510108,0,0,True,/mnt/project_eai_hs/zrm2/eval_isolated/dreamzero_none_cb08c9e_20260726/runs/formal_libero40_none_20_cb08c9e/shards/gpu5/tasks/libero_spatial/task_005/trajectories/trial_019.npz
libero_spatial,6,0,True,109,48.77784002502449,0,0,True,/mnt/project_eai_hs/zrm2/eval_isolated/dreamzero_none_cb08c9e_20260726/runs/formal_libero40_none_20_cb08c9e/shards/gpu6/tasks/libero_spatial/task_006/trajectories/trial_000.npz
libero_spatial,6,1,True,108,37.20556257199496,0,0,True,/mnt/project_eai_hs/zrm2/eval_isolated/dreamzero_none_cb08c9e_20260726/runs/formal_libero40_none_20_cb08c9e/shards/gpu6/tasks/libero_spatial/task_006/trajectories/trial_001.npz
libero_spatial,6,2,True,107,37.200229182024486,0,0,True,/mnt/project_eai_hs/zrm2/eval_isolated/dreamzero_none_cb08c9e_20260726/runs/formal_libero40_none_20_cb08c9e/shards/gpu6/tasks/libero_spatial/task_006/trajectories/trial_002.npz
libero_spatial,6,3,True,100,32.91104731999803,0,0,True,/mnt/project_eai_hs/zrm2/eval_isolated/dreamzero_none_cb08c9e_20260726/runs/formal_libero40_none_20_cb08c9e/shards/gpu6/tasks/libero_spatial/task_006/trajectories/trial_003.npz
libero_spatial,6,4,True,125,43.75141177489422,0,0,True,/mnt/project_eai_hs/zrm2/eval_isolated/dreamzero_none_cb08c9e_20260726/runs/formal_libero40_none_20_cb08c9e/shards/gpu6/tasks/libero_spatial/task_006/trajectories/trial_004.npz
libero_spatial,6,5,True,114,39.52910351695027,0,0,True,/mnt/project_eai_hs/zrm2/eval_isolated/dreamzero_none_cb08c9e_20260726/runs/formal_libero40_none_20_cb08c9e/shards/gpu6/tasks/libero_spatial/task_006/trajectories/trial_005.npz
libero_spatial,6,6,True,111,34.43566227599513,0,0,True,/mnt/project_eai_hs/zrm2/eval_isolated/dreamzero_none_cb08c9e_20260726/runs/formal_libero40_none_20_cb08c9e/shards/gpu6/tasks/libero_spatial/task_006/trajectories/trial_006.npz
libero_spatial,6,7,True,107,34.53958865592722,0,0,True,/mnt/project_eai_hs/zrm2/eval_isolated/dreamzero_none_cb08c9e_20260726/runs/formal_libero40_none_20_cb08c9e/shards/gpu6/tasks/libero_spatial/task_006/trajectories/trial_007.npz
libero_spatial,6,8,True,114,40.14076285401825,0,0,True,/mnt/project_eai_hs/zrm2/eval_isolated/dreamzero_none_cb08c9e_20260726/runs/formal_libero40_none_20_cb08c9e/shards/gpu6/tasks/libero_spatial/task_006/trajectories/trial_008.npz
libero_spatial,6,9,True,109,39.44951977208257,0,0,True,/mnt/project_eai_hs/zrm2/eval_isolated/dreamzero_none_cb08c9e_20260726/runs/formal_libero40_none_20_cb08c9e/shards/gpu6/tasks/libero_spatial/task_006/trajectories/trial_009.npz
libero_spatial,6,10,True,118,40.07019265694544,0,0,True,/mnt/project_eai_hs/zrm2/eval_isolated/dreamzero_none_cb08c9e_20260726/runs/formal_libero40_none_20_cb08c9e/shards/gpu6/tasks/libero_spatial/task_006/trajectories/trial_010.npz
libero_spatial,6,11,True,457,151.7913138360018,0,0,True,/mnt/project_eai_hs/zrm2/eval_isolated/dreamzero_none_cb08c9e_20260726/runs/formal_libero40_none_20_cb08c9e/shards/gpu6/tasks/libero_spatial/task_006/trajectories/trial_011.npz
libero_spatial,6,12,True,111,34.718838960980065,0,0,True,/mnt/project_eai_hs/zrm2/eval_isolated/dreamzero_none_cb08c9e_20260726/runs/formal_libero40_none_20_cb08c9e/shards/gpu6/tasks/libero_spatial/task_006/trajectories/trial_012.npz
libero_spatial,6,13,True,111,36.925365118077025,0,0,True,/mnt/project_eai_hs/zrm2/eval_isolated/dreamzero_none_cb08c9e_20260726/runs/formal_libero40_none_20_cb08c9e/shards/gpu6/tasks/libero_spatial/task_006/trajectories/trial_013.npz
libero_spatial,6,14,True,116,40.57769007002935,0,0,True,/mnt/project_eai_hs/zrm2/eval_isolated/dreamzero_none_cb08c9e_20260726/runs/formal_libero40_none_20_cb08c9e/shards/gpu6/tasks/libero_spatial/task_006/trajectories/trial_014.npz
libero_spatial,6,15,True,188,62.65030168695375,0,0,True,/mnt/project_eai_hs/zrm2/eval_isolated/dreamzero_none_cb08c9e_20260726/runs/formal_libero40_none_20_cb08c9e/shards/gpu6/tasks/libero_spatial/task_006/trajectories/trial_015.npz
libero_spatial,6,16,True,119,40.27017233998049,0,0,True,/mnt/project_eai_hs/zrm2/eval_isolated/dreamzero_none_cb08c9e_20260726/runs/formal_libero40_none_20_cb08c9e/shards/gpu6/tasks/libero_spatial/task_006/trajectories/trial_016.npz
libero_spatial,6,17,True,182,60.284386239014566,0,0,True,/mnt/project_eai_hs/zrm2/eval_isolated/dreamzero_none_cb08c9e_20260726/runs/formal_libero40_none_20_cb08c9e/shards/gpu6/tasks/libero_spatial/task_006/trajectories/trial_017.npz
libero_spatial,6,18,True,109,35.89814214000944,0,0,True,/mnt/project_eai_hs/zrm2/eval_isolated/dreamzero_none_cb08c9e_20260726/runs/formal_libero40_none_20_cb08c9e/shards/gpu6/tasks/libero_spatial/task_006/trajectories/trial_018.npz
libero_spatial,6,19,True,182,67.36861531797331,0,0,True,/mnt/project_eai_hs/zrm2/eval_isolated/dreamzero_none_cb08c9e_20260726/runs/formal_libero40_none_20_cb08c9e/shards/gpu6/tasks/libero_spatial/task_006/trajectories/trial_019.npz
libero_spatial,7,0,True,114,49.808212708099745,0,0,True,/mnt/project_eai_hs/zrm2/eval_isolated/dreamzero_none_cb08c9e_20260726/runs/formal_libero40_none_20_cb08c9e/shards/gpu7/tasks/libero_spatial/task_007/trajectories/trial_000.npz
libero_spatial,7,1,True,116,38.830970000009984,0,0,True,/mnt/project_eai_hs/zrm2/eval_isolated/dreamzero_none_cb08c9e_20260726/runs/formal_libero40_none_20_cb08c9e/shards/gpu7/tasks/libero_spatial/task_007/trajectories/trial_001.npz
libero_spatial,7,2,True,147,48.71615864499472,0,0,True,/mnt/project_eai_hs/zrm2/eval_isolated/dreamzero_none_cb08c9e_20260726/runs/formal_libero40_none_20_cb08c9e/shards/gpu7/tasks/libero_spatial/task_007/trajectories/trial_002.npz
libero_spatial,7,3,True,113,39.930213761050254,0,0,True,/mnt/project_eai_hs/zrm2/eval_isolated/dreamzero_none_cb08c9e_20260726/runs/formal_libero40_none_20_cb08c9e/shards/gpu7/tasks/libero_spatial/task_007/trajectories/trial_003.npz
libero_spatial,7,4,True,112,38.84001539298333,0,0,True,/mnt/project_eai_hs/zrm2/eval_isolated/dreamzero_none_cb08c9e_20260726/runs/formal_libero40_none_20_cb08c9e/shards/gpu7/tasks/libero_spatial/task_007/trajectories/trial_004.npz
libero_spatial,7,5,True,117,39.317979549989104,0,0,True,/mnt/project_eai_hs/zrm2/eval_isolated/dreamzero_none_cb08c9e_20260726/runs/formal_libero40_none_20_cb08c9e/shards/gpu7/tasks/libero_spatial/task_007/trajectories/trial_005.npz
libero_spatial,7,6,True,110,36.020819196943194,0,0,True,/mnt/project_eai_hs/zrm2/eval_isolated/dreamzero_none_cb08c9e_20260726/runs/formal_libero40_none_20_cb08c9e/shards/gpu7/tasks/libero_spatial/task_007/trajectories/trial_006.npz
libero_spatial,7,7,True,110,37.79792321601417,0,0,True,/mnt/project_eai_hs/zrm2/eval_isolated/dreamzero_none_cb08c9e_20260726/runs/formal_libero40_none_20_cb08c9e/shards/gpu7/tasks/libero_spatial/task_007/trajectories/trial_007.npz
libero_spatial,7,8,True,217,75.84122242603917,0,0,True,/mnt/project_eai_hs/zrm2/eval_isolated/dreamzero_none_cb08c9e_20260726/runs/formal_libero40_none_20_cb08c9e/shards/gpu7/tasks/libero_spatial/task_007/trajectories/trial_008.npz
libero_spatial,7,9,True,113,37.580338036990725,0,0,True,/mnt/project_eai_hs/zrm2/eval_isolated/dreamzero_none_cb08c9e_20260726/runs/formal_libero40_none_20_cb08c9e/shards/gpu7/tasks/libero_spatial/task_007/trajectories/trial_009.npz
libero_spatial,7,10,False,480,157.34513285791036,0,0,True,/mnt/project_eai_hs/zrm2/eval_isolated/dreamzero_none_cb08c9e_20260726/runs/formal_libero40_none_20_cb08c9e/shards/gpu7/tasks/libero_spatial/task_007/trajectories/trial_010.npz
libero_spatial,7,11,True,121,38.981207774952054,0,0,True,/mnt/project_eai_hs/zrm2/eval_isolated/dreamzero_none_cb08c9e_20260726/runs/formal_libero40_none_20_cb08c9e/shards/gpu7/tasks/libero_spatial/task_007/trajectories/trial_011.npz
libero_spatial,7,12,True,155,54.09236033295747,0,0,True,/mnt/project_eai_hs/zrm2/eval_isolated/dreamzero_none_cb08c9e_20260726/runs/formal_libero40_none_20_cb08c9e/shards/gpu7/tasks/libero_spatial/task_007/trajectories/trial_012.npz
libero_spatial,7,13,True,112,37.97589931101538,0,0,True,/mnt/project_eai_hs/zrm2/eval_isolated/dreamzero_none_cb08c9e_20260726/runs/formal_libero40_none_20_cb08c9e/shards/gpu7/tasks/libero_spatial/task_007/trajectories/trial_013.npz
libero_spatial,7,14,True,114,42.42432500410359,0,0,True,/mnt/project_eai_hs/zrm2/eval_isolated/dreamzero_none_cb08c9e_20260726/runs/formal_libero40_none_20_cb08c9e/shards/gpu7/tasks/libero_spatial/task_007/trajectories/trial_014.npz
libero_spatial,7,15,True,115,39.41438646998722,0,0,True,/mnt/project_eai_hs/zrm2/eval_isolated/dreamzero_none_cb08c9e_20260726/runs/formal_libero40_none_20_cb08c9e/shards/gpu7/tasks/libero_spatial/task_007/trajectories/trial_015.npz
libero_spatial,7,16,True,111,40.22279076697305,0,0,True,/mnt/project_eai_hs/zrm2/eval_isolated/dreamzero_none_cb08c9e_20260726/runs/formal_libero40_none_20_cb08c9e/shards/gpu7/tasks/libero_spatial/task_007/trajectories/trial_016.npz
libero_spatial,7,17,True,110,36.57177999801934,0,0,True,/mnt/project_eai_hs/zrm2/eval_isolated/dreamzero_none_cb08c9e_20260726/runs/formal_libero40_none_20_cb08c9e/shards/gpu7/tasks/libero_spatial/task_007/trajectories/trial_017.npz
libero_spatial,7,18,True,109,35.46135122899432,0,0,True,/mnt/project_eai_hs/zrm2/eval_isolated/dreamzero_none_cb08c9e_20260726/runs/formal_libero40_none_20_cb08c9e/shards/gpu7/tasks/libero_spatial/task_007/trajectories/trial_018.npz
libero_spatial,7,19,True,142,49.32251668302342,0,0,True,/mnt/project_eai_hs/zrm2/eval_isolated/dreamzero_none_cb08c9e_20260726/runs/formal_libero40_none_20_cb08c9e/shards/gpu7/tasks/libero_spatial/task_007/trajectories/trial_019.npz
libero_spatial,8,0,True,201,66.93549580406398,0,0,True,/mnt/project_eai_hs/zrm2/eval_isolated/dreamzero_none_cb08c9e_20260726/runs/formal_libero40_none_20_cb08c9e/shards/gpu0/tasks/libero_spatial/task_008/trajectories/trial_000.npz
libero_spatial,8,1,True,156,54.025947501999326,0,0,True,/mnt/project_eai_hs/zrm2/eval_isolated/dreamzero_none_cb08c9e_20260726/runs/formal_libero40_none_20_cb08c9e/shards/gpu0/tasks/libero_spatial/task_008/trajectories/trial_001.npz
libero_spatial,8,2,False,480,163.64473065000493,0,0,True,/mnt/project_eai_hs/zrm2/eval_isolated/dreamzero_none_cb08c9e_20260726/runs/formal_libero40_none_20_cb08c9e/shards/gpu0/tasks/libero_spatial/task_008/trajectories/trial_002.npz
libero_spatial,8,3,True,224,81.30251644202508,0,0,True,/mnt/project_eai_hs/zrm2/eval_isolated/dreamzero_none_cb08c9e_20260726/runs/formal_libero40_none_20_cb08c9e/shards/gpu0/tasks/libero_spatial/task_008/trajectories/trial_003.npz
libero_spatial,8,4,False,480,158.737059623003,0,0,True,/mnt/project_eai_hs/zrm2/eval_isolated/dreamzero_none_cb08c9e_20260726/runs/formal_libero40_none_20_cb08c9e/shards/gpu0/tasks/libero_spatial/task_008/trajectories/trial_004.npz
libero_spatial,8,5,True,360,119.13356521201786,0,0,True,/mnt/project_eai_hs/zrm2/eval_isolated/dreamzero_none_cb08c9e_20260726/runs/formal_libero40_none_20_cb08c9e/shards/gpu0/tasks/libero_spatial/task_008/trajectories/trial_005.npz
libero_spatial,8,6,True,169,65.34645676100627,0,0,True,/mnt/project_eai_hs/zrm2/eval_isolated/dreamzero_none_cb08c9e_20260726/runs/formal_libero40_none_20_cb08c9e/shards/gpu0/tasks/libero_spatial/task_008/trajectories/trial_006.npz
libero_spatial,8,7,True,106,35.2731231499929,0,0,True,/mnt/project_eai_hs/zrm2/eval_isolated/dreamzero_none_cb08c9e_20260726/runs/formal_libero40_none_20_cb08c9e/shards/gpu0/tasks/libero_spatial/task_008/trajectories/trial_007.npz
libero_spatial,8,8,True,345,116.33522890100721,0,0,True,/mnt/project_eai_hs/zrm2/eval_isolated/dreamzero_none_cb08c9e_20260726/runs/formal_libero40_none_20_cb08c9e/shards/gpu0/tasks/libero_spatial/task_008/trajectories/trial_008.npz
libero_spatial,8,9,True,182,63.656285437056795,0,0,True,/mnt/project_eai_hs/zrm2/eval_isolated/dreamzero_none_cb08c9e_20260726/runs/formal_libero40_none_20_cb08c9e/shards/gpu0/tasks/libero_spatial/task_008/trajectories/trial_009.npz
libero_spatial,8,10,True,281,97.16242887405679,0,0,True,/mnt/project_eai_hs/zrm2/eval_isolated/dreamzero_none_cb08c9e_20260726/runs/formal_libero40_none_20_cb08c9e/shards/gpu0/tasks/libero_spatial/task_008/trajectories/trial_010.npz
libero_spatial,8,11,True,145,50.19894279097207,0,0,True,/mnt/project_eai_hs/zrm2/eval_isolated/dreamzero_none_cb08c9e_20260726/runs/formal_libero40_none_20_cb08c9e/shards/gpu0/tasks/libero_spatial/task_008/trajectories/trial_011.npz
libero_spatial,8,12,True,209,73.79911402100697,0,0,True,/mnt/project_eai_hs/zrm2/eval_isolated/dreamzero_none_cb08c9e_20260726/runs/formal_libero40_none_20_cb08c9e/shards/gpu0/tasks/libero_spatial/task_008/trajectories/trial_012.npz
libero_spatial,8,13,True,255,80.35047553095501,0,0,True,/mnt/project_eai_hs/zrm2/eval_isolated/dreamzero_none_cb08c9e_20260726/runs/formal_libero40_none_20_cb08c9e/shards/gpu0/tasks/libero_spatial/task_008/trajectories/trial_013.npz
libero_spatial,8,14,False,480,160.78206031001173,0,0,True,/mnt/project_eai_hs/zrm2/eval_isolated/dreamzero_none_cb08c9e_20260726/runs/formal_libero40_none_20_cb08c9e/shards/gpu0/tasks/libero_spatial/task_008/trajectories/trial_014.npz
libero_spatial,8,15,False,480,156.76994225103408,0,0,True,/mnt/project_eai_hs/zrm2/eval_isolated/dreamzero_none_cb08c9e_20260726/runs/formal_libero40_none_20_cb08c9e/shards/gpu0/tasks/libero_spatial/task_008/trajectories/trial_015.npz
libero_spatial,8,16,True,141,50.51418543898035,0,0,True,/mnt/project_eai_hs/zrm2/eval_isolated/dreamzero_none_cb08c9e_20260726/runs/formal_libero40_none_20_cb08c9e/shards/gpu0/tasks/libero_spatial/task_008/trajectories/trial_016.npz
libero_spatial,8,17,False,480,154.95889967889525,0,0,True,/mnt/project_eai_hs/zrm2/eval_isolated/dreamzero_none_cb08c9e_20260726/runs/formal_libero40_none_20_cb08c9e/shards/gpu0/tasks/libero_spatial/task_008/trajectories/trial_017.npz
libero_spatial,8,18,True,368,128.90749367396347,0,0,True,/mnt/project_eai_hs/zrm2/eval_isolated/dreamzero_none_cb08c9e_20260726/runs/formal_libero40_none_20_cb08c9e/shards/gpu0/tasks/libero_spatial/task_008/trajectories/trial_018.npz
libero_spatial,8,19,False,480,151.8505027909996,0,0,True,/mnt/project_eai_hs/zrm2/eval_isolated/dreamzero_none_cb08c9e_20260726/runs/formal_libero40_none_20_cb08c9e/shards/gpu0/tasks/libero_spatial/task_008/trajectories/trial_019.npz
libero_spatial,9,0,True,246,81.48348666599486,0,0,True,/mnt/project_eai_hs/zrm2/eval_isolated/dreamzero_none_cb08c9e_20260726/runs/formal_libero40_none_20_cb08c9e/shards/gpu1/tasks/libero_spatial/task_009/trajectories/trial_000.npz
libero_spatial,9,1,False,480,156.26603054604493,0,0,True,/mnt/project_eai_hs/zrm2/eval_isolated/dreamzero_none_cb08c9e_20260726/runs/formal_libero40_none_20_cb08c9e/shards/gpu1/tasks/libero_spatial/task_009/trajectories/trial_001.npz
libero_spatial,9,2,False,480,154.1940471980488,0,0,True,/mnt/project_eai_hs/zrm2/eval_isolated/dreamzero_none_cb08c9e_20260726/runs/formal_libero40_none_20_cb08c9e/shards/gpu1/tasks/libero_spatial/task_009/trajectories/trial_002.npz
libero_spatial,9,3,True,190,61.22065350005869,0,0,True,/mnt/project_eai_hs/zrm2/eval_isolated/dreamzero_none_cb08c9e_20260726/runs/formal_libero40_none_20_cb08c9e/shards/gpu1/tasks/libero_spatial/task_009/trajectories/trial_003.npz
libero_spatial,9,4,True,191,67.81215786701068,0,0,True,/mnt/project_eai_hs/zrm2/eval_isolated/dreamzero_none_cb08c9e_20260726/runs/formal_libero40_none_20_cb08c9e/shards/gpu1/tasks/libero_spatial/task_009/trajectories/trial_004.npz
libero_spatial,9,5,True,281,99.50797427201178,0,0,True,/mnt/project_eai_hs/zrm2/eval_isolated/dreamzero_none_cb08c9e_20260726/runs/formal_libero40_none_20_cb08c9e/shards/gpu1/tasks/libero_spatial/task_009/trajectories/trial_005.npz
libero_spatial,9,6,True,190,61.77728678705171,0,0,True,/mnt/project_eai_hs/zrm2/eval_isolated/dreamzero_none_cb08c9e_20260726/runs/formal_libero40_none_20_cb08c9e/shards/gpu1/tasks/libero_spatial/task_009/trajectories/trial_006.npz
libero_spatial,9,7,False,480,151.6918193650199,0,0,True,/mnt/project_eai_hs/zrm2/eval_isolated/dreamzero_none_cb08c9e_20260726/runs/formal_libero40_none_20_cb08c9e/shards/gpu1/tasks/libero_spatial/task_009/trajectories/trial_007.npz
libero_spatial,9,8,True,190,63.441406574100256,0,0,True,/mnt/project_eai_hs/zrm2/eval_isolated/dreamzero_none_cb08c9e_20260726/runs/formal_libero40_none_20_cb08c9e/shards/gpu1/tasks/libero_spatial/task_009/trajectories/trial_008.npz
libero_spatial,9,9,True,198,70.0587373659946,0,0,True,/mnt/project_eai_hs/zrm2/eval_isolated/dreamzero_none_cb08c9e_20260726/runs/formal_libero40_none_20_cb08c9e/shards/gpu1/tasks/libero_spatial/task_009/trajectories/trial_009.npz
libero_spatial,9,10,True,188,62.10956283810083,0,0,True,/mnt/project_eai_hs/zrm2/eval_isolated/dreamzero_none_cb08c9e_20260726/runs/formal_libero40_none_20_cb08c9e/shards/gpu1/tasks/libero_spatial/task_009/trajectories/trial_010.npz
libero_spatial,9,11,True,186,62.07018073706422,0,0,True,/mnt/project_eai_hs/zrm2/eval_isolated/dreamzero_none_cb08c9e_20260726/runs/formal_libero40_none_20_cb08c9e/shards/gpu1/tasks/libero_spatial/task_009/trajectories/trial_011.npz
libero_spatial,9,12,False,480,155.47524181299377,0,0,True,/mnt/project_eai_hs/zrm2/eval_isolated/dreamzero_none_cb08c9e_20260726/runs/formal_libero40_none_20_cb08c9e/shards/gpu1/tasks/libero_spatial/task_009/trajectories/trial_012.npz
libero_spatial,9,13,True,197,64.34284463594668,0,0,True,/mnt/project_eai_hs/zrm2/eval_isolated/dreamzero_none_cb08c9e_20260726/runs/formal_libero40_none_20_cb08c9e/shards/gpu1/tasks/libero_spatial/task_009/trajectories/trial_013.npz
libero_spatial,9,14,False,480,165.77949363307562,0,0,True,/mnt/project_eai_hs/zrm2/eval_isolated/dreamzero_none_cb08c9e_20260726/runs/formal_libero40_none_20_cb08c9e/shards/gpu1/tasks/libero_spatial/task_009/trajectories/trial_014.npz
libero_spatial,9,15,True,189,63.317375750048086,0,0,True,/mnt/project_eai_hs/zrm2/eval_isolated/dreamzero_none_cb08c9e_20260726/runs/formal_libero40_none_20_cb08c9e/shards/gpu1/tasks/libero_spatial/task_009/trajectories/trial_015.npz
libero_spatial,9,16,True,231,75.67442962294444,0,0,True,/mnt/project_eai_hs/zrm2/eval_isolated/dreamzero_none_cb08c9e_20260726/runs/formal_libero40_none_20_cb08c9e/shards/gpu1/tasks/libero_spatial/task_009/trajectories/trial_016.npz
libero_spatial,9,17,True,163,49.11622215202078,0,0,True,/mnt/project_eai_hs/zrm2/eval_isolated/dreamzero_none_cb08c9e_20260726/runs/formal_libero40_none_20_cb08c9e/shards/gpu1/tasks/libero_spatial/task_009/trajectories/trial_017.npz
libero_spatial,9,18,True,264,93.98665065900423,0,0,True,/mnt/project_eai_hs/zrm2/eval_isolated/dreamzero_none_cb08c9e_20260726/runs/formal_libero40_none_20_cb08c9e/shards/gpu1/tasks/libero_spatial/task_009/trajectories/trial_018.npz
libero_spatial,9,19,True,129,43.26157833496109,0,0,True,/mnt/project_eai_hs/zrm2/eval_isolated/dreamzero_none_cb08c9e_20260726/runs/formal_libero40_none_20_cb08c9e/shards/gpu1/tasks/libero_spatial/task_009/trajectories/trial_019.npz
libero_object,0,0,False,480,145.137390821008,0,0,True,/mnt/project_eai_hs/zrm2/eval_isolated/dreamzero_none_cb08c9e_20260726/runs/formal_libero40_none_20_cb08c9e/shards/gpu2/tasks/libero_object/task_000/trajectories/trial_000.npz
libero_object,0,1,True,297,91.44711752200965,0,0,True,/mnt/project_eai_hs/zrm2/eval_isolated/dreamzero_none_cb08c9e_20260726/runs/formal_libero40_none_20_cb08c9e/shards/gpu2/tasks/libero_object/task_000/trajectories/trial_001.npz
libero_object,0,2,False,480,142.24419266893528,0,0,True,/mnt/project_eai_hs/zrm2/eval_isolated/dreamzero_none_cb08c9e_20260726/runs/formal_libero40_none_20_cb08c9e/shards/gpu2/tasks/libero_object/task_000/trajectories/trial_002.npz
libero_object,0,3,True,442,141.6297192539787,0,0,True,/mnt/project_eai_hs/zrm2/eval_isolated/dreamzero_none_cb08c9e_20260726/runs/formal_libero40_none_20_cb08c9e/shards/gpu2/tasks/libero_object/task_000/trajectories/trial_003.npz
libero_object,0,4,False,480,145.78998225508258,0,0,True,/mnt/project_eai_hs/zrm2/eval_isolated/dreamzero_none_cb08c9e_20260726/runs/formal_libero40_none_20_cb08c9e/shards/gpu2/tasks/libero_object/task_000/trajectories/trial_004.npz
libero_object,0,5,True,338,103.95624423096888,0,0,True,/mnt/project_eai_hs/zrm2/eval_isolated/dreamzero_none_cb08c9e_20260726/runs/formal_libero40_none_20_cb08c9e/shards/gpu2/tasks/libero_object/task_000/trajectories/trial_005.npz
libero_object,0,6,True,186,58.55682511499617,0,0,True,/mnt/project_eai_hs/zrm2/eval_isolated/dreamzero_none_cb08c9e_20260726/runs/formal_libero40_none_20_cb08c9e/shards/gpu2/tasks/libero_object/task_000/trajectories/trial_006.npz
libero_object,0,7,True,219,72.78600434504915,0,0,True,/mnt/project_eai_hs/zrm2/eval_isolated/dreamzero_none_cb08c9e_20260726/runs/formal_libero40_none_20_cb08c9e/shards/gpu2/tasks/libero_object/task_000/trajectories/trial_007.npz
libero_object,0,8,True,169,60.474156270967796,0,0,True,/mnt/project_eai_hs/zrm2/eval_isolated/dreamzero_none_cb08c9e_20260726/runs/formal_libero40_none_20_cb08c9e/shards/gpu2/tasks/libero_object/task_000/trajectories/trial_008.npz
libero_object,0,9,True,254,79.53180438303389,0,0,True,/mnt/project_eai_hs/zrm2/eval_isolated/dreamzero_none_cb08c9e_20260726/runs/formal_libero40_none_20_cb08c9e/shards/gpu2/tasks/libero_object/task_000/trajectories/trial_009.npz
libero_object,0,10,False,480,145.64339499594644,0,0,True,/mnt/project_eai_hs/zrm2/eval_isolated/dreamzero_none_cb08c9e_20260726/runs/formal_libero40_none_20_cb08c9e/shards/gpu2/tasks/libero_object/task_000/trajectories/trial_010.npz
libero_object,0,11,True,286,89.62097781198099,0,0,True,/mnt/project_eai_hs/zrm2/eval_isolated/dreamzero_none_cb08c9e_20260726/runs/formal_libero40_none_20_cb08c9e/shards/gpu2/tasks/libero_object/task_000/trajectories/trial_011.npz
libero_object,0,12,False,480,150.9818163070595,0,0,True,/mnt/project_eai_hs/zrm2/eval_isolated/dreamzero_none_cb08c9e_20260726/runs/formal_libero40_none_20_cb08c9e/shards/gpu2/tasks/libero_object/task_000/trajectories/trial_012.npz
libero_object,0,13,True,234,77.53826928697526,0,0,True,/mnt/project_eai_hs/zrm2/eval_isolated/dreamzero_none_cb08c9e_20260726/runs/formal_libero40_none_20_cb08c9e/shards/gpu2/tasks/libero_object/task_000/trajectories/trial_013.npz
libero_object,0,14,True,264,85.56924118299503,0,0,True,/mnt/project_eai_hs/zrm2/eval_isolated/dreamzero_none_cb08c9e_20260726/runs/formal_libero40_none_20_cb08c9e/shards/gpu2/tasks/libero_object/task_000/trajectories/trial_014.npz
libero_object,0,15,True,233,68.4690662289504,0,0,True,/mnt/project_eai_hs/zrm2/eval_isolated/dreamzero_none_cb08c9e_20260726/runs/formal_libero40_none_20_cb08c9e/shards/gpu2/tasks/libero_object/task_000/trajectories/trial_015.npz
libero_object,0,16,False,480,153.82671555993147,0,0,True,/mnt/project_eai_hs/zrm2/eval_isolated/dreamzero_none_cb08c9e_20260726/runs/formal_libero40_none_20_cb08c9e/shards/gpu2/tasks/libero_object/task_000/trajectories/trial_016.npz
libero_object,0,17,True,220,73.20092544401996,0,0,True,/mnt/project_eai_hs/zrm2/eval_isolated/dreamzero_none_cb08c9e_20260726/runs/formal_libero40_none_20_cb08c9e/shards/gpu2/tasks/libero_object/task_000/trajectories/trial_017.npz
libero_object,0,18,True,154,51.744481735047884,0,0,True,/mnt/project_eai_hs/zrm2/eval_isolated/dreamzero_none_cb08c9e_20260726/runs/formal_libero40_none_20_cb08c9e/shards/gpu2/tasks/libero_object/task_000/trajectories/trial_018.npz
libero_object,0,19,True,234,72.07141004898585,0,0,True,/mnt/project_eai_hs/zrm2/eval_isolated/dreamzero_none_cb08c9e_20260726/runs/formal_libero40_none_20_cb08c9e/shards/gpu2/tasks/libero_object/task_000/trajectories/trial_019.npz
libero_object,1,0,True,185,59.57898845500313,0,0,True,/mnt/project_eai_hs/zrm2/eval_isolated/dreamzero_none_cb08c9e_20260726/runs/formal_libero40_none_20_cb08c9e/shards/gpu3/tasks/libero_object/task_001/trajectories/trial_000.npz
libero_object,1,1,False,480,142.8512625270523,0,0,True,/mnt/project_eai_hs/zrm2/eval_isolated/dreamzero_none_cb08c9e_20260726/runs/formal_libero40_none_20_cb08c9e/shards/gpu3/tasks/libero_object/task_001/trajectories/trial_001.npz
libero_object,1,2,True,360,115.81278988206759,0,0,True,/mnt/project_eai_hs/zrm2/eval_isolated/dreamzero_none_cb08c9e_20260726/runs/formal_libero40_none_20_cb08c9e/shards/gpu3/tasks/libero_object/task_001/trajectories/trial_002.npz
libero_object,1,3,True,135,44.99442376103252,0,0,True,/mnt/project_eai_hs/zrm2/eval_isolated/dreamzero_none_cb08c9e_20260726/runs/formal_libero40_none_20_cb08c9e/shards/gpu3/tasks/libero_object/task_001/trajectories/trial_003.npz
libero_object,1,4,True,145,46.02971064299345,0,0,True,/mnt/project_eai_hs/zrm2/eval_isolated/dreamzero_none_cb08c9e_20260726/runs/formal_libero40_none_20_cb08c9e/shards/gpu3/tasks/libero_object/task_001/trajectories/trial_004.npz
libero_object,1,5,True,176,56.1627091380069,0,0,True,/mnt/project_eai_hs/zrm2/eval_isolated/dreamzero_none_cb08c9e_20260726/runs/formal_libero40_none_20_cb08c9e/shards/gpu3/tasks/libero_object/task_001/trajectories/trial_005.npz
libero_object,1,6,True,139,45.728371586999856,0,0,True,/mnt/project_eai_hs/zrm2/eval_isolated/dreamzero_none_cb08c9e_20260726/runs/formal_libero40_none_20_cb08c9e/shards/gpu3/tasks/libero_object/task_001/trajectories/trial_006.npz
libero_object,1,7,True,140,45.14175618602894,0,0,True,/mnt/project_eai_hs/zrm2/eval_isolated/dreamzero_none_cb08c9e_20260726/runs/formal_libero40_none_20_cb08c9e/shards/gpu3/tasks/libero_object/task_001/trajectories/trial_007.npz
libero_object,1,8,True,144,43.84685456601437,0,0,True,/mnt/project_eai_hs/zrm2/eval_isolated/dreamzero_none_cb08c9e_20260726/runs/formal_libero40_none_20_cb08c9e/shards/gpu3/tasks/libero_object/task_001/trajectories/trial_008.npz
libero_object,1,9,True,137,48.13757178292144,0,0,True,/mnt/project_eai_hs/zrm2/eval_isolated/dreamzero_none_cb08c9e_20260726/runs/formal_libero40_none_20_cb08c9e/shards/gpu3/tasks/libero_object/task_001/trajectories/trial_009.npz
libero_object,1,10,True,152,49.74941279797349,0,0,True,/mnt/project_eai_hs/zrm2/eval_isolated/dreamzero_none_cb08c9e_20260726/runs/formal_libero40_none_20_cb08c9e/shards/gpu3/tasks/libero_object/task_001/trajectories/trial_010.npz
libero_object,1,11,True,214,73.29646172001958,0,0,True,/mnt/project_eai_hs/zrm2/eval_isolated/dreamzero_none_cb08c9e_20260726/runs/formal_libero40_none_20_cb08c9e/shards/gpu3/tasks/libero_object/task_001/trajectories/trial_011.npz
libero_object,1,12,True,311,97.6741851780098,0,0,True,/mnt/project_eai_hs/zrm2/eval_isolated/dreamzero_none_cb08c9e_20260726/runs/formal_libero40_none_20_cb08c9e/shards/gpu3/tasks/libero_object/task_001/trajectories/trial_012.npz
libero_object,1,13,False,480,149.79681362607516,0,0,True,/mnt/project_eai_hs/zrm2/eval_isolated/dreamzero_none_cb08c9e_20260726/runs/formal_libero40_none_20_cb08c9e/shards/gpu3/tasks/libero_object/task_001/trajectories/trial_013.npz
libero_object,1,14,True,253,83.08500609407201,0,0,True,/mnt/project_eai_hs/zrm2/eval_isolated/dreamzero_none_cb08c9e_20260726/runs/formal_libero40_none_20_cb08c9e/shards/gpu3/tasks/libero_object/task_001/trajectories/trial_014.npz
libero_object,1,15,True,131,44.08717710210476,0,0,True,/mnt/project_eai_hs/zrm2/eval_isolated/dreamzero_none_cb08c9e_20260726/runs/formal_libero40_none_20_cb08c9e/shards/gpu3/tasks/libero_object/task_001/trajectories/trial_015.npz
libero_object,1,16,True,139,43.873754565021954,0,0,True,/mnt/project_eai_hs/zrm2/eval_isolated/dreamzero_none_cb08c9e_20260726/runs/formal_libero40_none_20_cb08c9e/shards/gpu3/tasks/libero_object/task_001/trajectories/trial_016.npz
libero_object,1,17,True,139,43.68492986797355,0,0,True,/mnt/project_eai_hs/zrm2/eval_isolated/dreamzero_none_cb08c9e_20260726/runs/formal_libero40_none_20_cb08c9e/shards/gpu3/tasks/libero_object/task_001/trajectories/trial_017.npz
libero_object,1,18,True,142,49.081982086994685,0,0,True,/mnt/project_eai_hs/zrm2/eval_isolated/dreamzero_none_cb08c9e_20260726/runs/formal_libero40_none_20_cb08c9e/shards/gpu3/tasks/libero_object/task_001/trajectories/trial_018.npz
libero_object,1,19,True,196,65.79072257597,0,0,True,/mnt/project_eai_hs/zrm2/eval_isolated/dreamzero_none_cb08c9e_20260726/runs/formal_libero40_none_20_cb08c9e/shards/gpu3/tasks/libero_object/task_001/trajectories/trial_019.npz
libero_object,2,0,True,182,62.32636513700709,0,0,True,/mnt/project_eai_hs/zrm2/eval_isolated/dreamzero_none_cb08c9e_20260726/runs/formal_libero40_none_20_cb08c9e/shards/gpu4/tasks/libero_object/task_002/trajectories/trial_000.npz
libero_object,2,1,True,300,95.68268871493638,0,0,True,/mnt/project_eai_hs/zrm2/eval_isolated/dreamzero_none_cb08c9e_20260726/runs/formal_libero40_none_20_cb08c9e/shards/gpu4/tasks/libero_object/task_002/trajectories/trial_001.npz
libero_object,2,2,True,124,42.405661592958495,0,0,True,/mnt/project_eai_hs/zrm2/eval_isolated/dreamzero_none_cb08c9e_20260726/runs/formal_libero40_none_20_cb08c9e/shards/gpu4/tasks/libero_object/task_002/trajectories/trial_002.npz
libero_object,2,3,True,127,43.994839041959494,0,0,True,/mnt/project_eai_hs/zrm2/eval_isolated/dreamzero_none_cb08c9e_20260726/runs/formal_libero40_none_20_cb08c9e/shards/gpu4/tasks/libero_object/task_002/trajectories/trial_003.npz
libero_object,2,4,False,480,149.6977554949699,0,0,True,/mnt/project_eai_hs/zrm2/eval_isolated/dreamzero_none_cb08c9e_20260726/runs/formal_libero40_none_20_cb08c9e/shards/gpu4/tasks/libero_object/task_002/trajectories/trial_004.npz
libero_object,2,5,False,480,159.62554897007067,0,0,True,/mnt/project_eai_hs/zrm2/eval_isolated/dreamzero_none_cb08c9e_20260726/runs/formal_libero40_none_20_cb08c9e/shards/gpu4/tasks/libero_object/task_002/trajectories/trial_005.npz
libero_object,2,6,False,480,153.65941553004086,0,0,True,/mnt/project_eai_hs/zrm2/eval_isolated/dreamzero_none_cb08c9e_20260726/runs/formal_libero40_none_20_cb08c9e/shards/gpu4/tasks/libero_object/task_002/trajectories/trial_006.npz
libero_object,2,7,True,376,117.3630191719858,0,0,True,/mnt/project_eai_hs/zrm2/eval_isolated/dreamzero_none_cb08c9e_20260726/runs/formal_libero40_none_20_cb08c9e/shards/gpu4/tasks/libero_object/task_002/trajectories/trial_007.npz
libero_object,2,8,False,480,150.12353001500014,0,0,True,/mnt/project_eai_hs/zrm2/eval_isolated/dreamzero_none_cb08c9e_20260726/runs/formal_libero40_none_20_cb08c9e/shards/gpu4/tasks/libero_object/task_002/trajectories/trial_008.npz
libero_object,2,9,True,175,52.89365765498951,0,0,True,/mnt/project_eai_hs/zrm2/eval_isolated/dreamzero_none_cb08c9e_20260726/runs/formal_libero40_none_20_cb08c9e/shards/gpu4/tasks/libero_object/task_002/trajectories/trial_009.npz
libero_object,2,10,True,138,44.658110345946625,0,0,True,/mnt/project_eai_hs/zrm2/eval_isolated/dreamzero_none_cb08c9e_20260726/runs/formal_libero40_none_20_cb08c9e/shards/gpu4/tasks/libero_object/task_002/trajectories/trial_010.npz
libero_object,2,11,True,231,73.29083377995994,0,0,True,/mnt/project_eai_hs/zrm2/eval_isolated/dreamzero_none_cb08c9e_20260726/runs/formal_libero40_none_20_cb08c9e/shards/gpu4/tasks/libero_object/task_002/trajectories/trial_011.npz
libero_object,2,12,True,176,57.40842253703158,0,0,True,/mnt/project_eai_hs/zrm2/eval_isolated/dreamzero_none_cb08c9e_20260726/runs/formal_libero40_none_20_cb08c9e/shards/gpu4/tasks/libero_object/task_002/trajectories/trial_012.npz
libero_object,2,13,True,352,109.7768280809978,0,0,True,/mnt/project_eai_hs/zrm2/eval_isolated/dreamzero_none_cb08c9e_20260726/runs/formal_libero40_none_20_cb08c9e/shards/gpu4/tasks/libero_object/task_002/trajectories/trial_013.npz
libero_object,2,14,False,480,149.46133354399353,0,0,True,/mnt/project_eai_hs/zrm2/eval_isolated/dreamzero_none_cb08c9e_20260726/runs/formal_libero40_none_20_cb08c9e/shards/gpu4/tasks/libero_object/task_002/trajectories/trial_014.npz
libero_object,2,15,True,127,43.85930344299413,0,0,True,/mnt/project_eai_hs/zrm2/eval_isolated/dreamzero_none_cb08c9e_20260726/runs/formal_libero40_none_20_cb08c9e/shards/gpu4/tasks/libero_object/task_002/trajectories/trial_015.npz
libero_object,2,16,True,211,64.04140593798365,0,0,True,/mnt/project_eai_hs/zrm2/eval_isolated/dreamzero_none_cb08c9e_20260726/runs/formal_libero40_none_20_cb08c9e/shards/gpu4/tasks/libero_object/task_002/trajectories/trial_016.npz
libero_object,2,17,True,138,43.74580081098247,0,0,True,/mnt/project_eai_hs/zrm2/eval_isolated/dreamzero_none_cb08c9e_20260726/runs/formal_libero40_none_20_cb08c9e/shards/gpu4/tasks/libero_object/task_002/trajectories/trial_017.npz
libero_object,2,18,True,180,56.63486270199064,0,0,True,/mnt/project_eai_hs/zrm2/eval_isolated/dreamzero_none_cb08c9e_20260726/runs/formal_libero40_none_20_cb08c9e/shards/gpu4/tasks/libero_object/task_002/trajectories/trial_018.npz
libero_object,2,19,True,299,94.8110251459293,0,0,True,/mnt/project_eai_hs/zrm2/eval_isolated/dreamzero_none_cb08c9e_20260726/runs/formal_libero40_none_20_cb08c9e/shards/gpu4/tasks/libero_object/task_002/trajectories/trial_019.npz
libero_object,3,0,True,135,46.16664639301598,0,0,True,/mnt/project_eai_hs/zrm2/eval_isolated/dreamzero_none_cb08c9e_20260726/runs/formal_libero40_none_20_cb08c9e/shards/gpu5/tasks/libero_object/task_003/trajectories/trial_000.npz
libero_object,3,1,True,137,47.307460198993795,0,0,True,/mnt/project_eai_hs/zrm2/eval_isolated/dreamzero_none_cb08c9e_20260726/runs/formal_libero40_none_20_cb08c9e/shards/gpu5/tasks/libero_object/task_003/trajectories/trial_001.npz
libero_object,3,2,False,480,147.64560001797508,0,0,True,/mnt/project_eai_hs/zrm2/eval_isolated/dreamzero_none_cb08c9e_20260726/runs/formal_libero40_none_20_cb08c9e/shards/gpu5/tasks/libero_object/task_003/trajectories/trial_002.npz
libero_object,3,3,True,143,42.882864037994295,0,0,True,/mnt/project_eai_hs/zrm2/eval_isolated/dreamzero_none_cb08c9e_20260726/runs/formal_libero40_none_20_cb08c9e/shards/gpu5/tasks/libero_object/task_003/trajectories/trial_003.npz
libero_object,3,4,True,143,43.25507055001799,0,0,True,/mnt/project_eai_hs/zrm2/eval_isolated/dreamzero_none_cb08c9e_20260726/runs/formal_libero40_none_20_cb08c9e/shards/gpu5/tasks/libero_object/task_003/trajectories/trial_004.npz
libero_object,3,5,True,144,47.15872762701474,0,0,True,/mnt/project_eai_hs/zrm2/eval_isolated/dreamzero_none_cb08c9e_20260726/runs/formal_libero40_none_20_cb08c9e/shards/gpu5/tasks/libero_object/task_003/trajectories/trial_005.npz
libero_object,3,6,True,148,49.65075823001098,0,0,True,/mnt/project_eai_hs/zrm2/eval_isolated/dreamzero_none_cb08c9e_20260726/runs/formal_libero40_none_20_cb08c9e/shards/gpu5/tasks/libero_object/task_003/trajectories/trial_006.npz
libero_object,3,7,False,480,149.07843325601425,0,0,True,/mnt/project_eai_hs/zrm2/eval_isolated/dreamzero_none_cb08c9e_20260726/runs/formal_libero40_none_20_cb08c9e/shards/gpu5/tasks/libero_object/task_003/trajectories/trial_007.npz
libero_object,3,8,False,480,145.27493129798677,0,0,True,/mnt/project_eai_hs/zrm2/eval_isolated/dreamzero_none_cb08c9e_20260726/runs/formal_libero40_none_20_cb08c9e/shards/gpu5/tasks/libero_object/task_003/trajectories/trial_008.npz
libero_object,3,9,True,146,47.6631505000405,0,0,True,/mnt/project_eai_hs/zrm2/eval_isolated/dreamzero_none_cb08c9e_20260726/runs/formal_libero40_none_20_cb08c9e/shards/gpu5/tasks/libero_object/task_003/trajectories/trial_009.npz
libero_object,3,10,True,143,42.70423956296872,0,0,True,/mnt/project_eai_hs/zrm2/eval_isolated/dreamzero_none_cb08c9e_20260726/runs/formal_libero40_none_20_cb08c9e/shards/gpu5/tasks/libero_object/task_003/trajectories/trial_010.npz
libero_object,3,11,True,147,45.936423908919096,0,0,True,/mnt/project_eai_hs/zrm2/eval_isolated/dreamzero_none_cb08c9e_20260726/runs/formal_libero40_none_20_cb08c9e/shards/gpu5/tasks/libero_object/task_003/trajectories/trial_011.npz
libero_object,3,12,True,147,45.981776183936745,0,0,True,/mnt/project_eai_hs/zrm2/eval_isolated/dreamzero_none_cb08c9e_20260726/runs/formal_libero40_none_20_cb08c9e/shards/gpu5/tasks/libero_object/task_003/trajectories/trial_012.npz
libero_object,3,13,True,144,45.11771601100918,0,0,True,/mnt/project_eai_hs/zrm2/eval_isolated/dreamzero_none_cb08c9e_20260726/runs/formal_libero40_none_20_cb08c9e/shards/gpu5/tasks/libero_object/task_003/trajectories/trial_013.npz
libero_object,3,14,True,146,48.285587400896475,0,0,True,/mnt/project_eai_hs/zrm2/eval_isolated/dreamzero_none_cb08c9e_20260726/runs/formal_libero40_none_20_cb08c9e/shards/gpu5/tasks/libero_object/task_003/trajectories/trial_014.npz
libero_object,3,15,True,147,43.83526847802568,0,0,True,/mnt/project_eai_hs/zrm2/eval_isolated/dreamzero_none_cb08c9e_20260726/runs/formal_libero40_none_20_cb08c9e/shards/gpu5/tasks/libero_object/task_003/trajectories/trial_015.npz
libero_object,3,16,True,146,45.1629311980214,0,0,True,/mnt/project_eai_hs/zrm2/eval_isolated/dreamzero_none_cb08c9e_20260726/runs/formal_libero40_none_20_cb08c9e/shards/gpu5/tasks/libero_object/task_003/trajectories/trial_016.npz
libero_object,3,17,True,147,47.112591919023544,0,0,True,/mnt/project_eai_hs/zrm2/eval_isolated/dreamzero_none_cb08c9e_20260726/runs/formal_libero40_none_20_cb08c9e/shards/gpu5/tasks/libero_object/task_003/trajectories/trial_017.npz
libero_object,3,18,False,480,151.605510893045,0,0,True,/mnt/project_eai_hs/zrm2/eval_isolated/dreamzero_none_cb08c9e_20260726/runs/formal_libero40_none_20_cb08c9e/shards/gpu5/tasks/libero_object/task_003/trajectories/trial_018.npz
libero_object,3,19,True,146,47.664286928018555,0,0,True,/mnt/project_eai_hs/zrm2/eval_isolated/dreamzero_none_cb08c9e_20260726/runs/formal_libero40_none_20_cb08c9e/shards/gpu5/tasks/libero_object/task_003/trajectories/trial_019.npz
libero_object,4,0,True,249,90.65124331298284,0,0,True,/mnt/project_eai_hs/zrm2/eval_isolated/dreamzero_none_cb08c9e_20260726/runs/formal_libero40_none_20_cb08c9e/shards/gpu6/tasks/libero_object/task_004/trajectories/trial_000.npz
libero_object,4,1,True,221,69.3448212709045,0,0,True,/mnt/project_eai_hs/zrm2/eval_isolated/dreamzero_none_cb08c9e_20260726/runs/formal_libero40_none_20_cb08c9e/shards/gpu6/tasks/libero_object/task_004/trajectories/trial_001.npz
libero_object,4,2,True,222,69.9246801630361,0,0,True,/mnt/project_eai_hs/zrm2/eval_isolated/dreamzero_none_cb08c9e_20260726/runs/formal_libero40_none_20_cb08c9e/shards/gpu6/tasks/libero_object/task_004/trajectories/trial_002.npz
libero_object,4,3,True,241,75.94605089596007,0,0,True,/mnt/project_eai_hs/zrm2/eval_isolated/dreamzero_none_cb08c9e_20260726/runs/formal_libero40_none_20_cb08c9e/shards/gpu6/tasks/libero_object/task_004/trajectories/trial_003.npz
libero_object,4,4,True,211,72.70311254507396,0,0,True,/mnt/project_eai_hs/zrm2/eval_isolated/dreamzero_none_cb08c9e_20260726/runs/formal_libero40_none_20_cb08c9e/shards/gpu6/tasks/libero_object/task_004/trajectories/trial_004.npz
libero_object,4,5,True,208,74.71464305196423,0,0,True,/mnt/project_eai_hs/zrm2/eval_isolated/dreamzero_none_cb08c9e_20260726/runs/formal_libero40_none_20_cb08c9e/shards/gpu6/tasks/libero_object/task_004/trajectories/trial_005.npz
libero_object,4,6,True,160,54.47952303302009,0,0,True,/mnt/project_eai_hs/zrm2/eval_isolated/dreamzero_none_cb08c9e_20260726/runs/formal_libero40_none_20_cb08c9e/shards/gpu6/tasks/libero_object/task_004/trajectories/trial_006.npz
libero_object,4,7,False,480,145.83785069698934,0,0,True,/mnt/project_eai_hs/zrm2/eval_isolated/dreamzero_none_cb08c9e_20260726/runs/formal_libero40_none_20_cb08c9e/shards/gpu6/tasks/libero_object/task_004/trajectories/trial_007.npz
libero_object,4,8,True,271,95.86378676700406,0,0,True,/mnt/project_eai_hs/zrm2/eval_isolated/dreamzero_none_cb08c9e_20260726/runs/formal_libero40_none_20_cb08c9e/shards/gpu6/tasks/libero_object/task_004/trajectories/trial_008.npz
libero_object,4,9,True,221,76.77780206198804,0,0,True,/mnt/project_eai_hs/zrm2/eval_isolated/dreamzero_none_cb08c9e_20260726/runs/formal_libero40_none_20_cb08c9e/shards/gpu6/tasks/libero_object/task_004/trajectories/trial_009.npz
libero_object,4,10,False,480,151.69585358002223,0,0,True,/mnt/project_eai_hs/zrm2/eval_isolated/dreamzero_none_cb08c9e_20260726/runs/formal_libero40_none_20_cb08c9e/shards/gpu6/tasks/libero_object/task_004/trajectories/trial_010.npz
libero_object,4,11,True,347,112.15154697699472,0,0,True,/mnt/project_eai_hs/zrm2/eval_isolated/dreamzero_none_cb08c9e_20260726/runs/formal_libero40_none_20_cb08c9e/shards/gpu6/tasks/libero_object/task_004/trajectories/trial_011.npz
libero_object,4,12,False,480,146.75324963591993,0,0,True,/mnt/project_eai_hs/zrm2/eval_isolated/dreamzero_none_cb08c9e_20260726/runs/formal_libero40_none_20_cb08c9e/shards/gpu6/tasks/libero_object/task_004/trajectories/trial_012.npz
libero_object,4,13,False,480,149.389584782999,0,0,True,/mnt/project_eai_hs/zrm2/eval_isolated/dreamzero_none_cb08c9e_20260726/runs/formal_libero40_none_20_cb08c9e/shards/gpu6/tasks/libero_object/task_004/trajectories/trial_013.npz
libero_object,4,14,False,480,151.72220894205384,0,0,True,/mnt/project_eai_hs/zrm2/eval_isolated/dreamzero_none_cb08c9e_20260726/runs/formal_libero40_none_20_cb08c9e/shards/gpu6/tasks/libero_object/task_004/trajectories/trial_014.npz
libero_object,4,15,True,169,53.50929556705523,0,0,True,/mnt/project_eai_hs/zrm2/eval_isolated/dreamzero_none_cb08c9e_20260726/runs/formal_libero40_none_20_cb08c9e/shards/gpu6/tasks/libero_object/task_004/trajectories/trial_015.npz
libero_object,4,16,False,480,150.12558968598023,0,0,True,/mnt/project_eai_hs/zrm2/eval_isolated/dreamzero_none_cb08c9e_20260726/runs/formal_libero40_none_20_cb08c9e/shards/gpu6/tasks/libero_object/task_004/trajectories/trial_016.npz
libero_object,4,17,False,480,150.76277033204678,0,0,True,/mnt/project_eai_hs/zrm2/eval_isolated/dreamzero_none_cb08c9e_20260726/runs/formal_libero40_none_20_cb08c9e/shards/gpu6/tasks/libero_object/task_004/trajectories/trial_017.npz
libero_object,4,18,True,221,66.00057365105022,0,0,True,/mnt/project_eai_hs/zrm2/eval_isolated/dreamzero_none_cb08c9e_20260726/runs/formal_libero40_none_20_cb08c9e/shards/gpu6/tasks/libero_object/task_004/trajectories/trial_018.npz
libero_object,4,19,False,480,149.02128334902227,0,0,True,/mnt/project_eai_hs/zrm2/eval_isolated/dreamzero_none_cb08c9e_20260726/runs/formal_libero40_none_20_cb08c9e/shards/gpu6/tasks/libero_object/task_004/trajectories/trial_019.npz
libero_object,5,0,True,153,54.1657820319524,0,0,True,/mnt/project_eai_hs/zrm2/eval_isolated/dreamzero_none_cb08c9e_20260726/runs/formal_libero40_none_20_cb08c9e/shards/gpu7/tasks/libero_object/task_005/trajectories/trial_000.npz
libero_object,5,1,True,157,52.162047513062134,0,0,True,/mnt/project_eai_hs/zrm2/eval_isolated/dreamzero_none_cb08c9e_20260726/runs/formal_libero40_none_20_cb08c9e/shards/gpu7/tasks/libero_object/task_005/trajectories/trial_001.npz
libero_object,5,2,True,205,64.07037244702224,0,0,True,/mnt/project_eai_hs/zrm2/eval_isolated/dreamzero_none_cb08c9e_20260726/runs/formal_libero40_none_20_cb08c9e/shards/gpu7/tasks/libero_object/task_005/trajectories/trial_002.npz
libero_object,5,3,True,154,50.28227856999729,0,0,True,/mnt/project_eai_hs/zrm2/eval_isolated/dreamzero_none_cb08c9e_20260726/runs/formal_libero40_none_20_cb08c9e/shards/gpu7/tasks/libero_object/task_005/trajectories/trial_003.npz
libero_object,5,4,True,169,53.90393169305753,0,0,True,/mnt/project_eai_hs/zrm2/eval_isolated/dreamzero_none_cb08c9e_20260726/runs/formal_libero40_none_20_cb08c9e/shards/gpu7/tasks/libero_object/task_005/trajectories/trial_004.npz
libero_object,5,5,True,148,48.52499541302677,0,0,True,/mnt/project_eai_hs/zrm2/eval_isolated/dreamzero_none_cb08c9e_20260726/runs/formal_libero40_none_20_cb08c9e/shards/gpu7/tasks/libero_object/task_005/trajectories/trial_005.npz
libero_object,5,6,True,155,52.84350330196321,0,0,True,/mnt/project_eai_hs/zrm2/eval_isolated/dreamzero_none_cb08c9e_20260726/runs/formal_libero40_none_20_cb08c9e/shards/gpu7/tasks/libero_object/task_005/trajectories/trial_006.npz
libero_object,5,7,True,162,56.51820275897626,0,0,True,/mnt/project_eai_hs/zrm2/eval_isolated/dreamzero_none_cb08c9e_20260726/runs/formal_libero40_none_20_cb08c9e/shards/gpu7/tasks/libero_object/task_005/trajectories/trial_007.npz
libero_object,5,8,True,143,48.098482673987746,0,0,True,/mnt/project_eai_hs/zrm2/eval_isolated/dreamzero_none_cb08c9e_20260726/runs/formal_libero40_none_20_cb08c9e/shards/gpu7/tasks/libero_object/task_005/trajectories/trial_008.npz
libero_object,5,9,True,146,48.77860902203247,0,0,True,/mnt/project_eai_hs/zrm2/eval_isolated/dreamzero_none_cb08c9e_20260726/runs/formal_libero40_none_20_cb08c9e/shards/gpu7/tasks/libero_object/task_005/trajectories/trial_009.npz
libero_object,5,10,True,146,50.09964360599406,0,0,True,/mnt/project_eai_hs/zrm2/eval_isolated/dreamzero_none_cb08c9e_20260726/runs/formal_libero40_none_20_cb08c9e/shards/gpu7/tasks/libero_object/task_005/trajectories/trial_010.npz
libero_object,5,11,True,157,54.25418092508335,0,0,True,/mnt/project_eai_hs/zrm2/eval_isolated/dreamzero_none_cb08c9e_20260726/runs/formal_libero40_none_20_cb08c9e/shards/gpu7/tasks/libero_object/task_005/trajectories/trial_011.npz
libero_object,5,12,True,153,48.74991083005443,0,0,True,/mnt/project_eai_hs/zrm2/eval_isolated/dreamzero_none_cb08c9e_20260726/runs/formal_libero40_none_20_cb08c9e/shards/gpu7/tasks/libero_object/task_005/trajectories/trial_012.npz
libero_object,5,13,True,140,47.41017055697739,0,0,True,/mnt/project_eai_hs/zrm2/eval_isolated/dreamzero_none_cb08c9e_20260726/runs/formal_libero40_none_20_cb08c9e/shards/gpu7/tasks/libero_object/task_005/trajectories/trial_013.npz
libero_object,5,14,True,141,48.07223507598974,0,0,True,/mnt/project_eai_hs/zrm2/eval_isolated/dreamzero_none_cb08c9e_20260726/runs/formal_libero40_none_20_cb08c9e/shards/gpu7/tasks/libero_object/task_005/trajectories/trial_014.npz
libero_object,5,15,True,136,44.76715224504005,0,0,True,/mnt/project_eai_hs/zrm2/eval_isolated/dreamzero_none_cb08c9e_20260726/runs/formal_libero40_none_20_cb08c9e/shards/gpu7/tasks/libero_object/task_005/trajectories/trial_015.npz
libero_object,5,16,True,147,54.432183507015,0,0,True,/mnt/project_eai_hs/zrm2/eval_isolated/dreamzero_none_cb08c9e_20260726/runs/formal_libero40_none_20_cb08c9e/shards/gpu7/tasks/libero_object/task_005/trajectories/trial_016.npz
libero_object,5,17,True,224,72.59989111102186,0,0,True,/mnt/project_eai_hs/zrm2/eval_isolated/dreamzero_none_cb08c9e_20260726/runs/formal_libero40_none_20_cb08c9e/shards/gpu7/tasks/libero_object/task_005/trajectories/trial_017.npz
libero_object,5,18,True,145,49.93541172496043,0,0,True,/mnt/project_eai_hs/zrm2/eval_isolated/dreamzero_none_cb08c9e_20260726/runs/formal_libero40_none_20_cb08c9e/shards/gpu7/tasks/libero_object/task_005/trajectories/trial_018.npz
libero_object,5,19,True,160,52.96754665893968,0,0,True,/mnt/project_eai_hs/zrm2/eval_isolated/dreamzero_none_cb08c9e_20260726/runs/formal_libero40_none_20_cb08c9e/shards/gpu7/tasks/libero_object/task_005/trajectories/trial_019.npz
libero_object,6,0,False,480,155.15485529904254,0,0,True,/mnt/project_eai_hs/zrm2/eval_isolated/dreamzero_none_cb08c9e_20260726/runs/formal_libero40_none_20_cb08c9e/shards/gpu0/tasks/libero_object/task_006/trajectories/trial_000.npz
libero_object,6,1,False,480,149.61927214707248,0,0,True,/mnt/project_eai_hs/zrm2/eval_isolated/dreamzero_none_cb08c9e_20260726/runs/formal_libero40_none_20_cb08c9e/shards/gpu0/tasks/libero_object/task_006/trajectories/trial_001.npz
libero_object,6,2,False,480,157.0713668720564,0,0,True,/mnt/project_eai_hs/zrm2/eval_isolated/dreamzero_none_cb08c9e_20260726/runs/formal_libero40_none_20_cb08c9e/shards/gpu0/tasks/libero_object/task_006/trajectories/trial_002.npz
libero_object,6,3,False,480,155.09719092200976,0,0,True,/mnt/project_eai_hs/zrm2/eval_isolated/dreamzero_none_cb08c9e_20260726/runs/formal_libero40_none_20_cb08c9e/shards/gpu0/tasks/libero_object/task_006/trajectories/trial_003.npz
libero_object,6,4,True,222,73.19796371995471,0,0,True,/mnt/project_eai_hs/zrm2/eval_isolated/dreamzero_none_cb08c9e_20260726/runs/formal_libero40_none_20_cb08c9e/shards/gpu0/tasks/libero_object/task_006/trajectories/trial_004.npz
libero_object,6,5,True,210,68.44907550897915,0,0,True,/mnt/project_eai_hs/zrm2/eval_isolated/dreamzero_none_cb08c9e_20260726/runs/formal_libero40_none_20_cb08c9e/shards/gpu0/tasks/libero_object/task_006/trajectories/trial_005.npz
libero_object,6,6,False,480,145.26030459906906,0,0,True,/mnt/project_eai_hs/zrm2/eval_isolated/dreamzero_none_cb08c9e_20260726/runs/formal_libero40_none_20_cb08c9e/shards/gpu0/tasks/libero_object/task_006/trajectories/trial_006.npz
libero_object,6,7,True,212,69.42057428893168,0,0,True,/mnt/project_eai_hs/zrm2/eval_isolated/dreamzero_none_cb08c9e_20260726/runs/formal_libero40_none_20_cb08c9e/shards/gpu0/tasks/libero_object/task_006/trajectories/trial_007.npz
libero_object,6,8,True,225,69.73025412997231,0,0,True,/mnt/project_eai_hs/zrm2/eval_isolated/dreamzero_none_cb08c9e_20260726/runs/formal_libero40_none_20_cb08c9e/shards/gpu0/tasks/libero_object/task_006/trajectories/trial_008.npz
libero_object,6,9,False,480,154.47551713010762,0,0,True,/mnt/project_eai_hs/zrm2/eval_isolated/dreamzero_none_cb08c9e_20260726/runs/formal_libero40_none_20_cb08c9e/shards/gpu0/tasks/libero_object/task_006/trajectories/trial_009.npz
libero_object,6,10,False,480,155.55331027810462,0,0,True,/mnt/project_eai_hs/zrm2/eval_isolated/dreamzero_none_cb08c9e_20260726/runs/formal_libero40_none_20_cb08c9e/shards/gpu0/tasks/libero_object/task_006/trajectories/trial_010.npz
libero_object,6,11,False,480,149.26764072605874,0,0,True,/mnt/project_eai_hs/zrm2/eval_isolated/dreamzero_none_cb08c9e_20260726/runs/formal_libero40_none_20_cb08c9e/shards/gpu0/tasks/libero_object/task_006/trajectories/trial_011.npz
libero_object,6,12,True,210,63.32856485701632,0,0,True,/mnt/project_eai_hs/zrm2/eval_isolated/dreamzero_none_cb08c9e_20260726/runs/formal_libero40_none_20_cb08c9e/shards/gpu0/tasks/libero_object/task_006/trajectories/trial_012.npz
libero_object,6,13,True,216,72.5095624109963,0,0,True,/mnt/project_eai_hs/zrm2/eval_isolated/dreamzero_none_cb08c9e_20260726/runs/formal_libero40_none_20_cb08c9e/shards/gpu0/tasks/libero_object/task_006/trajectories/trial_013.npz
libero_object,6,14,False,480,148.36248896003235,0,0,True,/mnt/project_eai_hs/zrm2/eval_isolated/dreamzero_none_cb08c9e_20260726/runs/formal_libero40_none_20_cb08c9e/shards/gpu0/tasks/libero_object/task_006/trajectories/trial_014.npz
libero_object,6,15,False,480,145.75984016689472,0,0,True,/mnt/project_eai_hs/zrm2/eval_isolated/dreamzero_none_cb08c9e_20260726/runs/formal_libero40_none_20_cb08c9e/shards/gpu0/tasks/libero_object/task_006/trajectories/trial_015.npz
libero_object,6,16,False,480,144.04218407697044,0,0,True,/mnt/project_eai_hs/zrm2/eval_isolated/dreamzero_none_cb08c9e_20260726/runs/formal_libero40_none_20_cb08c9e/shards/gpu0/tasks/libero_object/task_006/trajectories/trial_016.npz
libero_object,6,17,False,480,154.02164304396138,0,0,True,/mnt/project_eai_hs/zrm2/eval_isolated/dreamzero_none_cb08c9e_20260726/runs/formal_libero40_none_20_cb08c9e/shards/gpu0/tasks/libero_object/task_006/trajectories/trial_017.npz
libero_object,6,18,False,480,146.37145356705878,0,0,True,/mnt/project_eai_hs/zrm2/eval_isolated/dreamzero_none_cb08c9e_20260726/runs/formal_libero40_none_20_cb08c9e/shards/gpu0/tasks/libero_object/task_006/trajectories/trial_018.npz
libero_object,6,19,True,226,69.345192105975,0,0,True,/mnt/project_eai_hs/zrm2/eval_isolated/dreamzero_none_cb08c9e_20260726/runs/formal_libero40_none_20_cb08c9e/shards/gpu0/tasks/libero_object/task_006/trajectories/trial_019.npz
libero_object,7,0,False,480,146.03148550807964,0,0,True,/mnt/project_eai_hs/zrm2/eval_isolated/dreamzero_none_cb08c9e_20260726/runs/formal_libero40_none_20_cb08c9e/shards/gpu1/tasks/libero_object/task_007/trajectories/trial_000.npz
libero_object,7,1,False,480,152.04603234201204,0,0,True,/mnt/project_eai_hs/zrm2/eval_isolated/dreamzero_none_cb08c9e_20260726/runs/formal_libero40_none_20_cb08c9e/shards/gpu1/tasks/libero_object/task_007/trajectories/trial_001.npz
libero_object,7,2,False,480,152.40112244093325,0,0,True,/mnt/project_eai_hs/zrm2/eval_isolated/dreamzero_none_cb08c9e_20260726/runs/formal_libero40_none_20_cb08c9e/shards/gpu1/tasks/libero_object/task_007/trajectories/trial_002.npz
libero_object,7,3,False,480,145.66506062704138,0,0,True,/mnt/project_eai_hs/zrm2/eval_isolated/dreamzero_none_cb08c9e_20260726/runs/formal_libero40_none_20_cb08c9e/shards/gpu1/tasks/libero_object/task_007/trajectories/trial_003.npz
libero_object,7,4,True,194,57.02099733101204,0,0,True,/mnt/project_eai_hs/zrm2/eval_isolated/dreamzero_none_cb08c9e_20260726/runs/formal_libero40_none_20_cb08c9e/shards/gpu1/tasks/libero_object/task_007/trajectories/trial_004.npz
libero_object,7,5,False,480,145.61619036702905,0,0,True,/mnt/project_eai_hs/zrm2/eval_isolated/dreamzero_none_cb08c9e_20260726/runs/formal_libero40_none_20_cb08c9e/shards/gpu1/tasks/libero_object/task_007/trajectories/trial_005.npz
libero_object,7,6,True,267,79.65174253296573,0,0,True,/mnt/project_eai_hs/zrm2/eval_isolated/dreamzero_none_cb08c9e_20260726/runs/formal_libero40_none_20_cb08c9e/shards/gpu1/tasks/libero_object/task_007/trajectories/trial_006.npz
libero_object,7,7,False,480,150.00151483493391,0,0,True,/mnt/project_eai_hs/zrm2/eval_isolated/dreamzero_none_cb08c9e_20260726/runs/formal_libero40_none_20_cb08c9e/shards/gpu1/tasks/libero_object/task_007/trajectories/trial_007.npz
libero_object,7,8,False,480,153.07452215789817,0,0,True,/mnt/project_eai_hs/zrm2/eval_isolated/dreamzero_none_cb08c9e_20260726/runs/formal_libero40_none_20_cb08c9e/shards/gpu1/tasks/libero_object/task_007/trajectories/trial_008.npz
libero_object,7,9,True,195,58.986114486004226,0,0,True,/mnt/project_eai_hs/zrm2/eval_isolated/dreamzero_none_cb08c9e_20260726/runs/formal_libero40_none_20_cb08c9e/shards/gpu1/tasks/libero_object/task_007/trajectories/trial_009.npz
libero_object,7,10,False,480,145.9138409650186,0,0,True,/mnt/project_eai_hs/zrm2/eval_isolated/dreamzero_none_cb08c9e_20260726/runs/formal_libero40_none_20_cb08c9e/shards/gpu1/tasks/libero_object/task_007/trajectories/trial_010.npz
libero_object,7,11,True,161,52.242300690035336,0,0,True,/mnt/project_eai_hs/zrm2/eval_isolated/dreamzero_none_cb08c9e_20260726/runs/formal_libero40_none_20_cb08c9e/shards/gpu1/tasks/libero_object/task_007/trajectories/trial_011.npz
libero_object,7,12,True,171,57.07651889300905,0,0,True,/mnt/project_eai_hs/zrm2/eval_isolated/dreamzero_none_cb08c9e_20260726/runs/formal_libero40_none_20_cb08c9e/shards/gpu1/tasks/libero_object/task_007/trajectories/trial_012.npz
libero_object,7,13,True,314,98.75274729100056,0,0,True,/mnt/project_eai_hs/zrm2/eval_isolated/dreamzero_none_cb08c9e_20260726/runs/formal_libero40_none_20_cb08c9e/shards/gpu1/tasks/libero_object/task_007/trajectories/trial_013.npz
libero_object,7,14,False,480,148.0281931119971,0,0,True,/mnt/project_eai_hs/zrm2/eval_isolated/dreamzero_none_cb08c9e_20260726/runs/formal_libero40_none_20_cb08c9e/shards/gpu1/tasks/libero_object/task_007/trajectories/trial_014.npz
libero_object,7,15,True,184,54.503357339068316,0,0,True,/mnt/project_eai_hs/zrm2/eval_isolated/dreamzero_none_cb08c9e_20260726/runs/formal_libero40_none_20_cb08c9e/shards/gpu1/tasks/libero_object/task_007/trajectories/trial_015.npz
libero_object,7,16,True,283,88.593269610079,0,0,True,/mnt/project_eai_hs/zrm2/eval_isolated/dreamzero_none_cb08c9e_20260726/runs/formal_libero40_none_20_cb08c9e/shards/gpu1/tasks/libero_object/task_007/trajectories/trial_016.npz
libero_object,7,17,True,209,62.307885053916834,0,0,True,/mnt/project_eai_hs/zrm2/eval_isolated/dreamzero_none_cb08c9e_20260726/runs/formal_libero40_none_20_cb08c9e/shards/gpu1/tasks/libero_object/task_007/trajectories/trial_017.npz
libero_object,7,18,False,480,145.31059161096346,0,0,True,/mnt/project_eai_hs/zrm2/eval_isolated/dreamzero_none_cb08c9e_20260726/runs/formal_libero40_none_20_cb08c9e/shards/gpu1/tasks/libero_object/task_007/trajectories/trial_018.npz
libero_object,7,19,False,480,145.9085504199611,0,0,True,/mnt/project_eai_hs/zrm2/eval_isolated/dreamzero_none_cb08c9e_20260726/runs/formal_libero40_none_20_cb08c9e/shards/gpu1/tasks/libero_object/task_007/trajectories/trial_019.npz
libero_object,8,0,False,480,151.8036669259891,0,0,True,/mnt/project_eai_hs/zrm2/eval_isolated/dreamzero_none_cb08c9e_20260726/runs/formal_libero40_none_20_cb08c9e/shards/gpu2/tasks/libero_object/task_008/trajectories/trial_000.npz
libero_object,8,1,True,308,94.73932365293149,0,0,True,/mnt/project_eai_hs/zrm2/eval_isolated/dreamzero_none_cb08c9e_20260726/runs/formal_libero40_none_20_cb08c9e/shards/gpu2/tasks/libero_object/task_008/trajectories/trial_001.npz
libero_object,8,2,True,251,73.87723820109386,0,0,True,/mnt/project_eai_hs/zrm2/eval_isolated/dreamzero_none_cb08c9e_20260726/runs/formal_libero40_none_20_cb08c9e/shards/gpu2/tasks/libero_object/task_008/trajectories/trial_002.npz
libero_object,8,3,True,210,66.07328066800255,0,0,True,/mnt/project_eai_hs/zrm2/eval_isolated/dreamzero_none_cb08c9e_20260726/runs/formal_libero40_none_20_cb08c9e/shards/gpu2/tasks/libero_object/task_008/trajectories/trial_003.npz
libero_object,8,4,True,286,91.59210995491594,0,0,True,/mnt/project_eai_hs/zrm2/eval_isolated/dreamzero_none_cb08c9e_20260726/runs/formal_libero40_none_20_cb08c9e/shards/gpu2/tasks/libero_object/task_008/trajectories/trial_004.npz
libero_object,8,5,True,291,91.70441612100694,0,0,True,/mnt/project_eai_hs/zrm2/eval_isolated/dreamzero_none_cb08c9e_20260726/runs/formal_libero40_none_20_cb08c9e/shards/gpu2/tasks/libero_object/task_008/trajectories/trial_005.npz
libero_object,8,6,True,159,54.23381024505943,0,0,True,/mnt/project_eai_hs/zrm2/eval_isolated/dreamzero_none_cb08c9e_20260726/runs/formal_libero40_none_20_cb08c9e/shards/gpu2/tasks/libero_object/task_008/trajectories/trial_006.npz
libero_object,8,7,True,225,67.65373795398045,0,0,True,/mnt/project_eai_hs/zrm2/eval_isolated/dreamzero_none_cb08c9e_20260726/runs/formal_libero40_none_20_cb08c9e/shards/gpu2/tasks/libero_object/task_008/trajectories/trial_007.npz
libero_object,8,8,True,311,93.04917194601148,0,0,True,/mnt/project_eai_hs/zrm2/eval_isolated/dreamzero_none_cb08c9e_20260726/runs/formal_libero40_none_20_cb08c9e/shards/gpu2/tasks/libero_object/task_008/trajectories/trial_008.npz
libero_object,8,9,True,414,124.5009031110676,0,0,True,/mnt/project_eai_hs/zrm2/eval_isolated/dreamzero_none_cb08c9e_20260726/runs/formal_libero40_none_20_cb08c9e/shards/gpu2/tasks/libero_object/task_008/trajectories/trial_009.npz
libero_object,8,10,True,219,66.69228582107462,0,0,True,/mnt/project_eai_hs/zrm2/eval_isolated/dreamzero_none_cb08c9e_20260726/runs/formal_libero40_none_20_cb08c9e/shards/gpu2/tasks/libero_object/task_008/trajectories/trial_010.npz
libero_object,8,11,False,480,143.35902854707092,0,0,True,/mnt/project_eai_hs/zrm2/eval_isolated/dreamzero_none_cb08c9e_20260726/runs/formal_libero40_none_20_cb08c9e/shards/gpu2/tasks/libero_object/task_008/trajectories/trial_011.npz
libero_object,8,12,True,217,69.6947144389851,0,0,True,/mnt/project_eai_hs/zrm2/eval_isolated/dreamzero_none_cb08c9e_20260726/runs/formal_libero40_none_20_cb08c9e/shards/gpu2/tasks/libero_object/task_008/trajectories/trial_012.npz
libero_object,8,13,True,164,58.98350151302293,0,0,True,/mnt/project_eai_hs/zrm2/eval_isolated/dreamzero_none_cb08c9e_20260726/runs/formal_libero40_none_20_cb08c9e/shards/gpu2/tasks/libero_object/task_008/trajectories/trial_013.npz
libero_object,8,14,True,378,114.72614551801234,0,0,True,/mnt/project_eai_hs/zrm2/eval_isolated/dreamzero_none_cb08c9e_20260726/runs/formal_libero40_none_20_cb08c9e/shards/gpu2/tasks/libero_object/task_008/trajectories/trial_014.npz
libero_object,8,15,True,164,51.248511579004116,0,0,True,/mnt/project_eai_hs/zrm2/eval_isolated/dreamzero_none_cb08c9e_20260726/runs/formal_libero40_none_20_cb08c9e/shards/gpu2/tasks/libero_object/task_008/trajectories/trial_015.npz
libero_object,8,16,False,480,143.01113813300617,0,0,True,/mnt/project_eai_hs/zrm2/eval_isolated/dreamzero_none_cb08c9e_20260726/runs/formal_libero40_none_20_cb08c9e/shards/gpu2/tasks/libero_object/task_008/trajectories/trial_016.npz
libero_object,8,17,True,186,59.08797438489273,0,0,True,/mnt/project_eai_hs/zrm2/eval_isolated/dreamzero_none_cb08c9e_20260726/runs/formal_libero40_none_20_cb08c9e/shards/gpu2/tasks/libero_object/task_008/trajectories/trial_017.npz
libero_object,8,18,True,164,54.16373655095231,0,0,True,/mnt/project_eai_hs/zrm2/eval_isolated/dreamzero_none_cb08c9e_20260726/runs/formal_libero40_none_20_cb08c9e/shards/gpu2/tasks/libero_object/task_008/trajectories/trial_018.npz
libero_object,8,19,True,177,57.58458377304487,0,0,True,/mnt/project_eai_hs/zrm2/eval_isolated/dreamzero_none_cb08c9e_20260726/runs/formal_libero40_none_20_cb08c9e/shards/gpu2/tasks/libero_object/task_008/trajectories/trial_019.npz
libero_object,9,0,True,130,41.541661654016934,0,0,True,/mnt/project_eai_hs/zrm2/eval_isolated/dreamzero_none_cb08c9e_20260726/runs/formal_libero40_none_20_cb08c9e/shards/gpu3/tasks/libero_object/task_009/trajectories/trial_000.npz
libero_object,9,1,True,133,42.50703166506719,0,0,True,/mnt/project_eai_hs/zrm2/eval_isolated/dreamzero_none_cb08c9e_20260726/runs/formal_libero40_none_20_cb08c9e/shards/gpu3/tasks/libero_object/task_009/trajectories/trial_001.npz
libero_object,9,2,True,135,47.31436507194303,0,0,True,/mnt/project_eai_hs/zrm2/eval_isolated/dreamzero_none_cb08c9e_20260726/runs/formal_libero40_none_20_cb08c9e/shards/gpu3/tasks/libero_object/task_009/trajectories/trial_002.npz
libero_object,9,3,True,154,53.35402639792301,0,0,True,/mnt/project_eai_hs/zrm2/eval_isolated/dreamzero_none_cb08c9e_20260726/runs/formal_libero40_none_20_cb08c9e/shards/gpu3/tasks/libero_object/task_009/trajectories/trial_003.npz
libero_object,9,4,False,480,151.84141014399938,0,0,True,/mnt/project_eai_hs/zrm2/eval_isolated/dreamzero_none_cb08c9e_20260726/runs/formal_libero40_none_20_cb08c9e/shards/gpu3/tasks/libero_object/task_009/trajectories/trial_004.npz
libero_object,9,5,True,127,40.73573476402089,0,0,True,/mnt/project_eai_hs/zrm2/eval_isolated/dreamzero_none_cb08c9e_20260726/runs/formal_libero40_none_20_cb08c9e/shards/gpu3/tasks/libero_object/task_009/trajectories/trial_005.npz
libero_object,9,6,True,192,57.16298615094274,0,0,True,/mnt/project_eai_hs/zrm2/eval_isolated/dreamzero_none_cb08c9e_20260726/runs/formal_libero40_none_20_cb08c9e/shards/gpu3/tasks/libero_object/task_009/trajectories/trial_006.npz
libero_object,9,7,True,142,51.224247649894096,0,0,True,/mnt/project_eai_hs/zrm2/eval_isolated/dreamzero_none_cb08c9e_20260726/runs/formal_libero40_none_20_cb08c9e/shards/gpu3/tasks/libero_object/task_009/trajectories/trial_007.npz
libero_object,9,8,True,129,45.18797676102258,0,0,True,/mnt/project_eai_hs/zrm2/eval_isolated/dreamzero_none_cb08c9e_20260726/runs/formal_libero40_none_20_cb08c9e/shards/gpu3/tasks/libero_object/task_009/trajectories/trial_008.npz
libero_object,9,9,False,480,144.16602479992434,0,0,True,/mnt/project_eai_hs/zrm2/eval_isolated/dreamzero_none_cb08c9e_20260726/runs/formal_libero40_none_20_cb08c9e/shards/gpu3/tasks/libero_object/task_009/trajectories/trial_009.npz
libero_object,9,10,True,128,39.71740739396773,0,0,True,/mnt/project_eai_hs/zrm2/eval_isolated/dreamzero_none_cb08c9e_20260726/runs/formal_libero40_none_20_cb08c9e/shards/gpu3/tasks/libero_object/task_009/trajectories/trial_010.npz
libero_object,9,11,True,179,59.19833398191258,0,0,True,/mnt/project_eai_hs/zrm2/eval_isolated/dreamzero_none_cb08c9e_20260726/runs/formal_libero40_none_20_cb08c9e/shards/gpu3/tasks/libero_object/task_009/trajectories/trial_011.npz
libero_object,9,12,True,137,42.46259196300525,0,0,True,/mnt/project_eai_hs/zrm2/eval_isolated/dreamzero_none_cb08c9e_20260726/runs/formal_libero40_none_20_cb08c9e/shards/gpu3/tasks/libero_object/task_009/trajectories/trial_012.npz
libero_object,9,13,True,196,64.49202262598556,0,0,True,/mnt/project_eai_hs/zrm2/eval_isolated/dreamzero_none_cb08c9e_20260726/runs/formal_libero40_none_20_cb08c9e/shards/gpu3/tasks/libero_object/task_009/trajectories/trial_013.npz
libero_object,9,14,True,183,59.46178666502237,0,0,True,/mnt/project_eai_hs/zrm2/eval_isolated/dreamzero_none_cb08c9e_20260726/runs/formal_libero40_none_20_cb08c9e/shards/gpu3/tasks/libero_object/task_009/trajectories/trial_014.npz
libero_object,9,15,True,128,41.021191910025664,0,0,True,/mnt/project_eai_hs/zrm2/eval_isolated/dreamzero_none_cb08c9e_20260726/runs/formal_libero40_none_20_cb08c9e/shards/gpu3/tasks/libero_object/task_009/trajectories/trial_015.npz
libero_object,9,16,True,186,61.3773264370393,0,0,True,/mnt/project_eai_hs/zrm2/eval_isolated/dreamzero_none_cb08c9e_20260726/runs/formal_libero40_none_20_cb08c9e/shards/gpu3/tasks/libero_object/task_009/trajectories/trial_016.npz
libero_object,9,17,True,130,42.84250157896895,0,0,True,/mnt/project_eai_hs/zrm2/eval_isolated/dreamzero_none_cb08c9e_20260726/runs/formal_libero40_none_20_cb08c9e/shards/gpu3/tasks/libero_object/task_009/trajectories/trial_017.npz
libero_object,9,18,True,130,41.869388654013164,0,0,True,/mnt/project_eai_hs/zrm2/eval_isolated/dreamzero_none_cb08c9e_20260726/runs/formal_libero40_none_20_cb08c9e/shards/gpu3/tasks/libero_object/task_009/trajectories/trial_018.npz
libero_object,9,19,True,129,42.730993583914824,0,0,True,/mnt/project_eai_hs/zrm2/eval_isolated/dreamzero_none_cb08c9e_20260726/runs/formal_libero40_none_20_cb08c9e/shards/gpu3/tasks/libero_object/task_009/trajectories/trial_019.npz
libero_goal,0,0,True,145,47.07107673003338,0,0,True,/mnt/project_eai_hs/zrm2/eval_isolated/dreamzero_none_cb08c9e_20260726/runs/formal_libero40_none_20_cb08c9e/shards/gpu4/tasks/libero_goal/task_000/trajectories/trial_000.npz
libero_goal,0,1,True,118,40.57381037808955,0,0,True,/mnt/project_eai_hs/zrm2/eval_isolated/dreamzero_none_cb08c9e_20260726/runs/formal_libero40_none_20_cb08c9e/shards/gpu4/tasks/libero_goal/task_000/trajectories/trial_001.npz
libero_goal,0,2,True,124,42.93393764004577,0,0,True,/mnt/project_eai_hs/zrm2/eval_isolated/dreamzero_none_cb08c9e_20260726/runs/formal_libero40_none_20_cb08c9e/shards/gpu4/tasks/libero_goal/task_000/trajectories/trial_002.npz
libero_goal,0,3,True,138,48.397806758992374,0,0,True,/mnt/project_eai_hs/zrm2/eval_isolated/dreamzero_none_cb08c9e_20260726/runs/formal_libero40_none_20_cb08c9e/shards/gpu4/tasks/libero_goal/task_000/trajectories/trial_003.npz
libero_goal,0,4,True,120,44.294969408074394,0,0,True,/mnt/project_eai_hs/zrm2/eval_isolated/dreamzero_none_cb08c9e_20260726/runs/formal_libero40_none_20_cb08c9e/shards/gpu4/tasks/libero_goal/task_000/trajectories/trial_004.npz
libero_goal,0,5,True,222,71.52906127995811,0,0,True,/mnt/project_eai_hs/zrm2/eval_isolated/dreamzero_none_cb08c9e_20260726/runs/formal_libero40_none_20_cb08c9e/shards/gpu4/tasks/libero_goal/task_000/trajectories/trial_005.npz
libero_goal,0,6,True,148,45.513147944933735,0,0,True,/mnt/project_eai_hs/zrm2/eval_isolated/dreamzero_none_cb08c9e_20260726/runs/formal_libero40_none_20_cb08c9e/shards/gpu4/tasks/libero_goal/task_000/trajectories/trial_006.npz
libero_goal,0,7,True,129,42.08029107307084,0,0,True,/mnt/project_eai_hs/zrm2/eval_isolated/dreamzero_none_cb08c9e_20260726/runs/formal_libero40_none_20_cb08c9e/shards/gpu4/tasks/libero_goal/task_000/trajectories/trial_007.npz
libero_goal,0,8,True,144,49.963329587946646,0,0,True,/mnt/project_eai_hs/zrm2/eval_isolated/dreamzero_none_cb08c9e_20260726/runs/formal_libero40_none_20_cb08c9e/shards/gpu4/tasks/libero_goal/task_000/trajectories/trial_008.npz
libero_goal,0,9,True,127,41.32807631895412,0,0,True,/mnt/project_eai_hs/zrm2/eval_isolated/dreamzero_none_cb08c9e_20260726/runs/formal_libero40_none_20_cb08c9e/shards/gpu4/tasks/libero_goal/task_000/trajectories/trial_009.npz
libero_goal,0,10,True,169,53.21558352105785,0,0,True,/mnt/project_eai_hs/zrm2/eval_isolated/dreamzero_none_cb08c9e_20260726/runs/formal_libero40_none_20_cb08c9e/shards/gpu4/tasks/libero_goal/task_000/trajectories/trial_010.npz
libero_goal,0,11,True,144,47.06369636999443,0,0,True,/mnt/project_eai_hs/zrm2/eval_isolated/dreamzero_none_cb08c9e_20260726/runs/formal_libero40_none_20_cb08c9e/shards/gpu4/tasks/libero_goal/task_000/trajectories/trial_011.npz
libero_goal,0,12,False,480,151.96512022591196,0,0,True,/mnt/project_eai_hs/zrm2/eval_isolated/dreamzero_none_cb08c9e_20260726/runs/formal_libero40_none_20_cb08c9e/shards/gpu4/tasks/libero_goal/task_000/trajectories/trial_012.npz
libero_goal,0,13,True,150,48.492365499958396,0,0,True,/mnt/project_eai_hs/zrm2/eval_isolated/dreamzero_none_cb08c9e_20260726/runs/formal_libero40_none_20_cb08c9e/shards/gpu4/tasks/libero_goal/task_000/trajectories/trial_013.npz
libero_goal,0,14,True,122,39.51534371089656,0,0,True,/mnt/project_eai_hs/zrm2/eval_isolated/dreamzero_none_cb08c9e_20260726/runs/formal_libero40_none_20_cb08c9e/shards/gpu4/tasks/libero_goal/task_000/trajectories/trial_014.npz
libero_goal,0,15,False,480,146.2619321079692,0,0,True,/mnt/project_eai_hs/zrm2/eval_isolated/dreamzero_none_cb08c9e_20260726/runs/formal_libero40_none_20_cb08c9e/shards/gpu4/tasks/libero_goal/task_000/trajectories/trial_015.npz
libero_goal,0,16,True,145,45.58516251097899,0,0,True,/mnt/project_eai_hs/zrm2/eval_isolated/dreamzero_none_cb08c9e_20260726/runs/formal_libero40_none_20_cb08c9e/shards/gpu4/tasks/libero_goal/task_000/trajectories/trial_016.npz
libero_goal,0,17,True,123,38.18022561294492,0,0,True,/mnt/project_eai_hs/zrm2/eval_isolated/dreamzero_none_cb08c9e_20260726/runs/formal_libero40_none_20_cb08c9e/shards/gpu4/tasks/libero_goal/task_000/trajectories/trial_017.npz
libero_goal,0,18,True,132,44.63796559302136,0,0,True,/mnt/project_eai_hs/zrm2/eval_isolated/dreamzero_none_cb08c9e_20260726/runs/formal_libero40_none_20_cb08c9e/shards/gpu4/tasks/libero_goal/task_000/trajectories/trial_018.npz
libero_goal,0,19,True,186,65.43975184403826,0,0,True,/mnt/project_eai_hs/zrm2/eval_isolated/dreamzero_none_cb08c9e_20260726/runs/formal_libero40_none_20_cb08c9e/shards/gpu4/tasks/libero_goal/task_000/trajectories/trial_019.npz
libero_goal,1,0,True,92,29.91231822804548,0,0,True,/mnt/project_eai_hs/zrm2/eval_isolated/dreamzero_none_cb08c9e_20260726/runs/formal_libero40_none_20_cb08c9e/shards/gpu5/tasks/libero_goal/task_001/trajectories/trial_000.npz
libero_goal,1,1,True,106,35.16435525403358,0,0,True,/mnt/project_eai_hs/zrm2/eval_isolated/dreamzero_none_cb08c9e_20260726/runs/formal_libero40_none_20_cb08c9e/shards/gpu5/tasks/libero_goal/task_001/trajectories/trial_001.npz
libero_goal,1,2,True,109,38.173837698064744,0,0,True,/mnt/project_eai_hs/zrm2/eval_isolated/dreamzero_none_cb08c9e_20260726/runs/formal_libero40_none_20_cb08c9e/shards/gpu5/tasks/libero_goal/task_001/trajectories/trial_002.npz
libero_goal,1,3,True,92,30.706609079963528,0,0,True,/mnt/project_eai_hs/zrm2/eval_isolated/dreamzero_none_cb08c9e_20260726/runs/formal_libero40_none_20_cb08c9e/shards/gpu5/tasks/libero_goal/task_001/trajectories/trial_003.npz
libero_goal,1,4,True,97,30.31056636699941,0,0,True,/mnt/project_eai_hs/zrm2/eval_isolated/dreamzero_none_cb08c9e_20260726/runs/formal_libero40_none_20_cb08c9e/shards/gpu5/tasks/libero_goal/task_001/trajectories/trial_004.npz
libero_goal,1,5,True,92,29.41164216795005,0,0,True,/mnt/project_eai_hs/zrm2/eval_isolated/dreamzero_none_cb08c9e_20260726/runs/formal_libero40_none_20_cb08c9e/shards/gpu5/tasks/libero_goal/task_001/trajectories/trial_005.npz
libero_goal,1,6,True,97,32.25194206298329,0,0,True,/mnt/project_eai_hs/zrm2/eval_isolated/dreamzero_none_cb08c9e_20260726/runs/formal_libero40_none_20_cb08c9e/shards/gpu5/tasks/libero_goal/task_001/trajectories/trial_006.npz
libero_goal,1,7,True,98,34.492337106959894,0,0,True,/mnt/project_eai_hs/zrm2/eval_isolated/dreamzero_none_cb08c9e_20260726/runs/formal_libero40_none_20_cb08c9e/shards/gpu5/tasks/libero_goal/task_001/trajectories/trial_007.npz
libero_goal,1,8,True,110,38.43465856509283,0,0,True,/mnt/project_eai_hs/zrm2/eval_isolated/dreamzero_none_cb08c9e_20260726/runs/formal_libero40_none_20_cb08c9e/shards/gpu5/tasks/libero_goal/task_001/trajectories/trial_008.npz
libero_goal,1,9,True,92,31.341742114978842,0,0,True,/mnt/project_eai_hs/zrm2/eval_isolated/dreamzero_none_cb08c9e_20260726/runs/formal_libero40_none_20_cb08c9e/shards/gpu5/tasks/libero_goal/task_001/trajectories/trial_009.npz
libero_goal,1,10,True,101,33.58776001899969,0,0,True,/mnt/project_eai_hs/zrm2/eval_isolated/dreamzero_none_cb08c9e_20260726/runs/formal_libero40_none_20_cb08c9e/shards/gpu5/tasks/libero_goal/task_001/trajectories/trial_010.npz
libero_goal,1,11,True,106,34.24844461400062,0,0,True,/mnt/project_eai_hs/zrm2/eval_isolated/dreamzero_none_cb08c9e_20260726/runs/formal_libero40_none_20_cb08c9e/shards/gpu5/tasks/libero_goal/task_001/trajectories/trial_011.npz
libero_goal,1,12,True,93,30.3379619930638,0,0,True,/mnt/project_eai_hs/zrm2/eval_isolated/dreamzero_none_cb08c9e_20260726/runs/formal_libero40_none_20_cb08c9e/shards/gpu5/tasks/libero_goal/task_001/trajectories/trial_012.npz
libero_goal,1,13,True,94,31.288807549979538,0,0,True,/mnt/project_eai_hs/zrm2/eval_isolated/dreamzero_none_cb08c9e_20260726/runs/formal_libero40_none_20_cb08c9e/shards/gpu5/tasks/libero_goal/task_001/trajectories/trial_013.npz
libero_goal,1,14,True,91,30.13006557105109,0,0,True,/mnt/project_eai_hs/zrm2/eval_isolated/dreamzero_none_cb08c9e_20260726/runs/formal_libero40_none_20_cb08c9e/shards/gpu5/tasks/libero_goal/task_001/trajectories/trial_014.npz
libero_goal,1,15,True,100,30.269992680987343,0,0,True,/mnt/project_eai_hs/zrm2/eval_isolated/dreamzero_none_cb08c9e_20260726/runs/formal_libero40_none_20_cb08c9e/shards/gpu5/tasks/libero_goal/task_001/trajectories/trial_015.npz
libero_goal,1,16,True,91,31.010016178013757,0,0,True,/mnt/project_eai_hs/zrm2/eval_isolated/dreamzero_none_cb08c9e_20260726/runs/formal_libero40_none_20_cb08c9e/shards/gpu5/tasks/libero_goal/task_001/trajectories/trial_016.npz
libero_goal,1,17,True,96,28.740844015032053,0,0,True,/mnt/project_eai_hs/zrm2/eval_isolated/dreamzero_none_cb08c9e_20260726/runs/formal_libero40_none_20_cb08c9e/shards/gpu5/tasks/libero_goal/task_001/trajectories/trial_017.npz
libero_goal,1,18,True,97,32.26245008490514,0,0,True,/mnt/project_eai_hs/zrm2/eval_isolated/dreamzero_none_cb08c9e_20260726/runs/formal_libero40_none_20_cb08c9e/shards/gpu5/tasks/libero_goal/task_001/trajectories/trial_018.npz
libero_goal,1,19,True,99,32.094464223016985,0,0,True,/mnt/project_eai_hs/zrm2/eval_isolated/dreamzero_none_cb08c9e_20260726/runs/formal_libero40_none_20_cb08c9e/shards/gpu5/tasks/libero_goal/task_001/trajectories/trial_019.npz
libero_goal,2,0,True,158,54.01055357605219,0,0,True,/mnt/project_eai_hs/zrm2/eval_isolated/dreamzero_none_cb08c9e_20260726/runs/formal_libero40_none_20_cb08c9e/shards/gpu6/tasks/libero_goal/task_002/trajectories/trial_000.npz
libero_goal,2,1,False,480,144.770579897915,0,0,True,/mnt/project_eai_hs/zrm2/eval_isolated/dreamzero_none_cb08c9e_20260726/runs/formal_libero40_none_20_cb08c9e/shards/gpu6/tasks/libero_goal/task_002/trajectories/trial_001.npz
libero_goal,2,2,True,94,31.59159903496038,0,0,True,/mnt/project_eai_hs/zrm2/eval_isolated/dreamzero_none_cb08c9e_20260726/runs/formal_libero40_none_20_cb08c9e/shards/gpu6/tasks/libero_goal/task_002/trajectories/trial_002.npz
libero_goal,2,3,False,480,149.40231062006205,0,0,True,/mnt/project_eai_hs/zrm2/eval_isolated/dreamzero_none_cb08c9e_20260726/runs/formal_libero40_none_20_cb08c9e/shards/gpu6/tasks/libero_goal/task_002/trajectories/trial_003.npz
libero_goal,2,4,False,480,146.246673192014,0,0,True,/mnt/project_eai_hs/zrm2/eval_isolated/dreamzero_none_cb08c9e_20260726/runs/formal_libero40_none_20_cb08c9e/shards/gpu6/tasks/libero_goal/task_002/trajectories/trial_004.npz
libero_goal,2,5,True,88,29.145610755076632,0,0,True,/mnt/project_eai_hs/zrm2/eval_isolated/dreamzero_none_cb08c9e_20260726/runs/formal_libero40_none_20_cb08c9e/shards/gpu6/tasks/libero_goal/task_002/trajectories/trial_005.npz
libero_goal,2,6,False,480,144.3818453559652,0,0,True,/mnt/project_eai_hs/zrm2/eval_isolated/dreamzero_none_cb08c9e_20260726/runs/formal_libero40_none_20_cb08c9e/shards/gpu6/tasks/libero_goal/task_002/trajectories/trial_006.npz
libero_goal,2,7,False,480,145.55568081198726,0,0,True,/mnt/project_eai_hs/zrm2/eval_isolated/dreamzero_none_cb08c9e_20260726/runs/formal_libero40_none_20_cb08c9e/shards/gpu6/tasks/libero_goal/task_002/trajectories/trial_007.npz
libero_goal,2,8,True,95,29.073236012016423,0,0,True,/mnt/project_eai_hs/zrm2/eval_isolated/dreamzero_none_cb08c9e_20260726/runs/formal_libero40_none_20_cb08c9e/shards/gpu6/tasks/libero_goal/task_002/trajectories/trial_008.npz
libero_goal,2,9,False,480,147.62833310605492,0,0,True,/mnt/project_eai_hs/zrm2/eval_isolated/dreamzero_none_cb08c9e_20260726/runs/formal_libero40_none_20_cb08c9e/shards/gpu6/tasks/libero_goal/task_002/trajectories/trial_009.npz
libero_goal,2,10,False,480,154.69651207793504,0,0,True,/mnt/project_eai_hs/zrm2/eval_isolated/dreamzero_none_cb08c9e_20260726/runs/formal_libero40_none_20_cb08c9e/shards/gpu6/tasks/libero_goal/task_002/trajectories/trial_010.npz
libero_goal,2,11,True,95,29.712287863949314,0,0,True,/mnt/project_eai_hs/zrm2/eval_isolated/dreamzero_none_cb08c9e_20260726/runs/formal_libero40_none_20_cb08c9e/shards/gpu6/tasks/libero_goal/task_002/trajectories/trial_011.npz
libero_goal,2,12,False,480,146.72382721095346,0,0,True,/mnt/project_eai_hs/zrm2/eval_isolated/dreamzero_none_cb08c9e_20260726/runs/formal_libero40_none_20_cb08c9e/shards/gpu6/tasks/libero_goal/task_002/trajectories/trial_012.npz
libero_goal,2,13,False,480,145.99376076401677,0,0,True,/mnt/project_eai_hs/zrm2/eval_isolated/dreamzero_none_cb08c9e_20260726/runs/formal_libero40_none_20_cb08c9e/shards/gpu6/tasks/libero_goal/task_002/trajectories/trial_013.npz
libero_goal,2,14,False,480,148.08311220700853,0,0,True,/mnt/project_eai_hs/zrm2/eval_isolated/dreamzero_none_cb08c9e_20260726/runs/formal_libero40_none_20_cb08c9e/shards/gpu6/tasks/libero_goal/task_002/trajectories/trial_014.npz
libero_goal,2,15,True,116,41.24831447494216,0,0,True,/mnt/project_eai_hs/zrm2/eval_isolated/dreamzero_none_cb08c9e_20260726/runs/formal_libero40_none_20_cb08c9e/shards/gpu6/tasks/libero_goal/task_002/trajectories/trial_015.npz
libero_goal,2,16,True,122,37.092044202028774,0,0,True,/mnt/project_eai_hs/zrm2/eval_isolated/dreamzero_none_cb08c9e_20260726/runs/formal_libero40_none_20_cb08c9e/shards/gpu6/tasks/libero_goal/task_002/trajectories/trial_016.npz
libero_goal,2,17,True,108,35.736603048979305,0,0,True,/mnt/project_eai_hs/zrm2/eval_isolated/dreamzero_none_cb08c9e_20260726/runs/formal_libero40_none_20_cb08c9e/shards/gpu6/tasks/libero_goal/task_002/trajectories/trial_017.npz
libero_goal,2,18,False,480,140.7779727150919,0,0,True,/mnt/project_eai_hs/zrm2/eval_isolated/dreamzero_none_cb08c9e_20260726/runs/formal_libero40_none_20_cb08c9e/shards/gpu6/tasks/libero_goal/task_002/trajectories/trial_018.npz
libero_goal,2,19,False,480,157.06239439698402,0,0,True,/mnt/project_eai_hs/zrm2/eval_isolated/dreamzero_none_cb08c9e_20260726/runs/formal_libero40_none_20_cb08c9e/shards/gpu6/tasks/libero_goal/task_002/trajectories/trial_019.npz
libero_goal,3,0,False,480,156.8350846619578,0,0,True,/mnt/project_eai_hs/zrm2/eval_isolated/dreamzero_none_cb08c9e_20260726/runs/formal_libero40_none_20_cb08c9e/shards/gpu7/tasks/libero_goal/task_003/trajectories/trial_000.npz
libero_goal,3,1,False,480,150.8002041890286,0,0,True,/mnt/project_eai_hs/zrm2/eval_isolated/dreamzero_none_cb08c9e_20260726/runs/formal_libero40_none_20_cb08c9e/shards/gpu7/tasks/libero_goal/task_003/trajectories/trial_001.npz
libero_goal,3,2,True,221,74.10345875308849,0,0,True,/mnt/project_eai_hs/zrm2/eval_isolated/dreamzero_none_cb08c9e_20260726/runs/formal_libero40_none_20_cb08c9e/shards/gpu7/tasks/libero_goal/task_003/trajectories/trial_002.npz
libero_goal,3,3,True,223,66.54992480494548,0,0,True,/mnt/project_eai_hs/zrm2/eval_isolated/dreamzero_none_cb08c9e_20260726/runs/formal_libero40_none_20_cb08c9e/shards/gpu7/tasks/libero_goal/task_003/trajectories/trial_003.npz
libero_goal,3,4,False,480,153.2587137731025,0,0,True,/mnt/project_eai_hs/zrm2/eval_isolated/dreamzero_none_cb08c9e_20260726/runs/formal_libero40_none_20_cb08c9e/shards/gpu7/tasks/libero_goal/task_003/trajectories/trial_004.npz
libero_goal,3,5,False,480,154.75875409296714,0,0,True,/mnt/project_eai_hs/zrm2/eval_isolated/dreamzero_none_cb08c9e_20260726/runs/formal_libero40_none_20_cb08c9e/shards/gpu7/tasks/libero_goal/task_003/trajectories/trial_005.npz
libero_goal,3,6,False,480,150.8070694700582,0,0,True,/mnt/project_eai_hs/zrm2/eval_isolated/dreamzero_none_cb08c9e_20260726/runs/formal_libero40_none_20_cb08c9e/shards/gpu7/tasks/libero_goal/task_003/trajectories/trial_006.npz
libero_goal,3,7,True,224,74.0227403009776,0,0,True,/mnt/project_eai_hs/zrm2/eval_isolated/dreamzero_none_cb08c9e_20260726/runs/formal_libero40_none_20_cb08c9e/shards/gpu7/tasks/libero_goal/task_003/trajectories/trial_007.npz
libero_goal,3,8,True,221,71.16640158102382,0,0,True,/mnt/project_eai_hs/zrm2/eval_isolated/dreamzero_none_cb08c9e_20260726/runs/formal_libero40_none_20_cb08c9e/shards/gpu7/tasks/libero_goal/task_003/trajectories/trial_008.npz
libero_goal,3,9,False,480,144.68436418601777,0,0,True,/mnt/project_eai_hs/zrm2/eval_isolated/dreamzero_none_cb08c9e_20260726/runs/formal_libero40_none_20_cb08c9e/shards/gpu7/tasks/libero_goal/task_003/trajectories/trial_009.npz
libero_goal,3,10,False,480,152.44668540498242,0,0,True,/mnt/project_eai_hs/zrm2/eval_isolated/dreamzero_none_cb08c9e_20260726/runs/formal_libero40_none_20_cb08c9e/shards/gpu7/tasks/libero_goal/task_003/trajectories/trial_010.npz
libero_goal,3,11,False,480,154.60338059603237,0,0,True,/mnt/project_eai_hs/zrm2/eval_isolated/dreamzero_none_cb08c9e_20260726/runs/formal_libero40_none_20_cb08c9e/shards/gpu7/tasks/libero_goal/task_003/trajectories/trial_011.npz
libero_goal,3,12,False,480,145.1965708420612,0,0,True,/mnt/project_eai_hs/zrm2/eval_isolated/dreamzero_none_cb08c9e_20260726/runs/formal_libero40_none_20_cb08c9e/shards/gpu7/tasks/libero_goal/task_003/trajectories/trial_012.npz
libero_goal,3,13,True,225,68.22589229000732,0,0,True,/mnt/project_eai_hs/zrm2/eval_isolated/dreamzero_none_cb08c9e_20260726/runs/formal_libero40_none_20_cb08c9e/shards/gpu7/tasks/libero_goal/task_003/trajectories/trial_013.npz
libero_goal,3,14,False,480,146.27490077598486,0,0,True,/mnt/project_eai_hs/zrm2/eval_isolated/dreamzero_none_cb08c9e_20260726/runs/formal_libero40_none_20_cb08c9e/shards/gpu7/tasks/libero_goal/task_003/trajectories/trial_014.npz
libero_goal,3,15,True,225,71.75195403199177,0,0,True,/mnt/project_eai_hs/zrm2/eval_isolated/dreamzero_none_cb08c9e_20260726/runs/formal_libero40_none_20_cb08c9e/shards/gpu7/tasks/libero_goal/task_003/trajectories/trial_015.npz
libero_goal,3,16,True,237,78.29627775400877,0,0,True,/mnt/project_eai_hs/zrm2/eval_isolated/dreamzero_none_cb08c9e_20260726/runs/formal_libero40_none_20_cb08c9e/shards/gpu7/tasks/libero_goal/task_003/trajectories/trial_016.npz
libero_goal,3,17,False,480,155.76920136401895,0,0,True,/mnt/project_eai_hs/zrm2/eval_isolated/dreamzero_none_cb08c9e_20260726/runs/formal_libero40_none_20_cb08c9e/shards/gpu7/tasks/libero_goal/task_003/trajectories/trial_017.npz
libero_goal,3,18,True,223,67.03964579897001,0,0,True,/mnt/project_eai_hs/zrm2/eval_isolated/dreamzero_none_cb08c9e_20260726/runs/formal_libero40_none_20_cb08c9e/shards/gpu7/tasks/libero_goal/task_003/trajectories/trial_018.npz
libero_goal,3,19,True,223,72.73832365800627,0,0,True,/mnt/project_eai_hs/zrm2/eval_isolated/dreamzero_none_cb08c9e_20260726/runs/formal_libero40_none_20_cb08c9e/shards/gpu7/tasks/libero_goal/task_003/trajectories/trial_019.npz
libero_goal,4,0,False,480,148.08450563496444,0,0,True,/mnt/project_eai_hs/zrm2/eval_isolated/dreamzero_none_cb08c9e_20260726/runs/formal_libero40_none_20_cb08c9e/shards/gpu0/tasks/libero_goal/task_004/trajectories/trial_000.npz
libero_goal,4,1,True,95,33.37356436497066,0,0,True,/mnt/project_eai_hs/zrm2/eval_isolated/dreamzero_none_cb08c9e_20260726/runs/formal_libero40_none_20_cb08c9e/shards/gpu0/tasks/libero_goal/task_004/trajectories/trial_001.npz
libero_goal,4,2,True,113,42.12324974802323,0,0,True,/mnt/project_eai_hs/zrm2/eval_isolated/dreamzero_none_cb08c9e_20260726/runs/formal_libero40_none_20_cb08c9e/shards/gpu0/tasks/libero_goal/task_004/trajectories/trial_002.npz
libero_goal,4,3,True,202,67.51982126105577,0,0,True,/mnt/project_eai_hs/zrm2/eval_isolated/dreamzero_none_cb08c9e_20260726/runs/formal_libero40_none_20_cb08c9e/shards/gpu0/tasks/libero_goal/task_004/trajectories/trial_003.npz
libero_goal,4,4,True,292,97.24303455103654,0,0,True,/mnt/project_eai_hs/zrm2/eval_isolated/dreamzero_none_cb08c9e_20260726/runs/formal_libero40_none_20_cb08c9e/shards/gpu0/tasks/libero_goal/task_004/trajectories/trial_004.npz
libero_goal,4,5,True,342,104.50754458201118,0,0,True,/mnt/project_eai_hs/zrm2/eval_isolated/dreamzero_none_cb08c9e_20260726/runs/formal_libero40_none_20_cb08c9e/shards/gpu0/tasks/libero_goal/task_004/trajectories/trial_005.npz
libero_goal,4,6,False,480,135.56465800001752,0,0,True,/mnt/project_eai_hs/zrm2/eval_isolated/dreamzero_none_cb08c9e_20260726/runs/formal_libero40_none_20_cb08c9e/shards/gpu0/tasks/libero_goal/task_004/trajectories/trial_006.npz
libero_goal,4,7,True,188,53.55252731498331,0,0,True,/mnt/project_eai_hs/zrm2/eval_isolated/dreamzero_none_cb08c9e_20260726/runs/formal_libero40_none_20_cb08c9e/shards/gpu0/tasks/libero_goal/task_004/trajectories/trial_007.npz
libero_goal,4,8,True,171,50.097662169951946,0,0,True,/mnt/project_eai_hs/zrm2/eval_isolated/dreamzero_none_cb08c9e_20260726/runs/formal_libero40_none_20_cb08c9e/shards/gpu0/tasks/libero_goal/task_004/trajectories/trial_008.npz
libero_goal,4,9,False,480,142.00845731294248,0,0,True,/mnt/project_eai_hs/zrm2/eval_isolated/dreamzero_none_cb08c9e_20260726/runs/formal_libero40_none_20_cb08c9e/shards/gpu0/tasks/libero_goal/task_004/trajectories/trial_009.npz
libero_goal,4,10,False,480,135.51817301101983,0,0,True,/mnt/project_eai_hs/zrm2/eval_isolated/dreamzero_none_cb08c9e_20260726/runs/formal_libero40_none_20_cb08c9e/shards/gpu0/tasks/libero_goal/task_004/trajectories/trial_010.npz
libero_goal,4,11,True,96,29.387072497047484,0,0,True,/mnt/project_eai_hs/zrm2/eval_isolated/dreamzero_none_cb08c9e_20260726/runs/formal_libero40_none_20_cb08c9e/shards/gpu0/tasks/libero_goal/task_004/trajectories/trial_011.npz
libero_goal,4,12,True,94,29.719961629947647,0,0,True,/mnt/project_eai_hs/zrm2/eval_isolated/dreamzero_none_cb08c9e_20260726/runs/formal_libero40_none_20_cb08c9e/shards/gpu0/tasks/libero_goal/task_004/trajectories/trial_012.npz
libero_goal,4,13,True,104,31.48206161800772,0,0,True,/mnt/project_eai_hs/zrm2/eval_isolated/dreamzero_none_cb08c9e_20260726/runs/formal_libero40_none_20_cb08c9e/shards/gpu0/tasks/libero_goal/task_004/trajectories/trial_013.npz
libero_goal,4,14,False,480,132.68448165804148,0,0,True,/mnt/project_eai_hs/zrm2/eval_isolated/dreamzero_none_cb08c9e_20260726/runs/formal_libero40_none_20_cb08c9e/shards/gpu0/tasks/libero_goal/task_004/trajectories/trial_014.npz
libero_goal,4,15,True,146,42.68586572702043,0,0,True,/mnt/project_eai_hs/zrm2/eval_isolated/dreamzero_none_cb08c9e_20260726/runs/formal_libero40_none_20_cb08c9e/shards/gpu0/tasks/libero_goal/task_004/trajectories/trial_015.npz
libero_goal,4,16,True,110,32.73404561704956,0,0,True,/mnt/project_eai_hs/zrm2/eval_isolated/dreamzero_none_cb08c9e_20260726/runs/formal_libero40_none_20_cb08c9e/shards/gpu0/tasks/libero_goal/task_004/trajectories/trial_016.npz
libero_goal,4,17,True,162,47.73751197394449,0,0,True,/mnt/project_eai_hs/zrm2/eval_isolated/dreamzero_none_cb08c9e_20260726/runs/formal_libero40_none_20_cb08c9e/shards/gpu0/tasks/libero_goal/task_004/trajectories/trial_017.npz
libero_goal,4,18,False,480,132.65802817803342,0,0,True,/mnt/project_eai_hs/zrm2/eval_isolated/dreamzero_none_cb08c9e_20260726/runs/formal_libero40_none_20_cb08c9e/shards/gpu0/tasks/libero_goal/task_004/trajectories/trial_018.npz
libero_goal,4,19,True,94,30.5382252340205,0,0,True,/mnt/project_eai_hs/zrm2/eval_isolated/dreamzero_none_cb08c9e_20260726/runs/formal_libero40_none_20_cb08c9e/shards/gpu0/tasks/libero_goal/task_004/trajectories/trial_019.npz
libero_goal,5,0,False,480,148.13964145991486,0,0,True,/mnt/project_eai_hs/zrm2/eval_isolated/dreamzero_none_cb08c9e_20260726/runs/formal_libero40_none_20_cb08c9e/shards/gpu1/tasks/libero_goal/task_005/trajectories/trial_000.npz
libero_goal,5,1,False,480,148.82171179598663,0,0,True,/mnt/project_eai_hs/zrm2/eval_isolated/dreamzero_none_cb08c9e_20260726/runs/formal_libero40_none_20_cb08c9e/shards/gpu1/tasks/libero_goal/task_005/trajectories/trial_001.npz
libero_goal,5,2,True,184,64.0996342470171,0,0,True,/mnt/project_eai_hs/zrm2/eval_isolated/dreamzero_none_cb08c9e_20260726/runs/formal_libero40_none_20_cb08c9e/shards/gpu1/tasks/libero_goal/task_005/trajectories/trial_002.npz
libero_goal,5,3,True,320,92.97691835602745,0,0,True,/mnt/project_eai_hs/zrm2/eval_isolated/dreamzero_none_cb08c9e_20260726/runs/formal_libero40_none_20_cb08c9e/shards/gpu1/tasks/libero_goal/task_005/trajectories/trial_003.npz
libero_goal,5,4,False,480,136.29217897495255,0,0,True,/mnt/project_eai_hs/zrm2/eval_isolated/dreamzero_none_cb08c9e_20260726/runs/formal_libero40_none_20_cb08c9e/shards/gpu1/tasks/libero_goal/task_005/trajectories/trial_004.npz
libero_goal,5,5,True,169,49.18106793798506,0,0,True,/mnt/project_eai_hs/zrm2/eval_isolated/dreamzero_none_cb08c9e_20260726/runs/formal_libero40_none_20_cb08c9e/shards/gpu1/tasks/libero_goal/task_005/trajectories/trial_005.npz
libero_goal,5,6,True,186,51.91744904592633,0,0,True,/mnt/project_eai_hs/zrm2/eval_isolated/dreamzero_none_cb08c9e_20260726/runs/formal_libero40_none_20_cb08c9e/shards/gpu1/tasks/libero_goal/task_005/trajectories/trial_006.npz
libero_goal,5,7,False,480,134.46620580402669,0,0,True,/mnt/project_eai_hs/zrm2/eval_isolated/dreamzero_none_cb08c9e_20260726/runs/formal_libero40_none_20_cb08c9e/shards/gpu1/tasks/libero_goal/task_005/trajectories/trial_007.npz
libero_goal,5,8,True,288,79.6821211510105,0,0,True,/mnt/project_eai_hs/zrm2/eval_isolated/dreamzero_none_cb08c9e_20260726/runs/formal_libero40_none_20_cb08c9e/shards/gpu1/tasks/libero_goal/task_005/trajectories/trial_008.npz
libero_goal,5,9,True,227,65.04560234304518,0,0,True,/mnt/project_eai_hs/zrm2/eval_isolated/dreamzero_none_cb08c9e_20260726/runs/formal_libero40_none_20_cb08c9e/shards/gpu1/tasks/libero_goal/task_005/trajectories/trial_009.npz
libero_goal,5,10,True,253,70.81482539803255,0,0,True,/mnt/project_eai_hs/zrm2/eval_isolated/dreamzero_none_cb08c9e_20260726/runs/formal_libero40_none_20_cb08c9e/shards/gpu1/tasks/libero_goal/task_005/trajectories/trial_010.npz
libero_goal,5,11,True,185,53.67883829702623,0,0,True,/mnt/project_eai_hs/zrm2/eval_isolated/dreamzero_none_cb08c9e_20260726/runs/formal_libero40_none_20_cb08c9e/shards/gpu1/tasks/libero_goal/task_005/trajectories/trial_011.npz
libero_goal,5,12,False,480,133.07561174605507,0,0,True,/mnt/project_eai_hs/zrm2/eval_isolated/dreamzero_none_cb08c9e_20260726/runs/formal_libero40_none_20_cb08c9e/shards/gpu1/tasks/libero_goal/task_005/trajectories/trial_012.npz
libero_goal,5,13,True,190,53.13662839902099,0,0,True,/mnt/project_eai_hs/zrm2/eval_isolated/dreamzero_none_cb08c9e_20260726/runs/formal_libero40_none_20_cb08c9e/shards/gpu1/tasks/libero_goal/task_005/trajectories/trial_013.npz
libero_goal,5,14,True,262,76.53779868106358,0,0,True,/mnt/project_eai_hs/zrm2/eval_isolated/dreamzero_none_cb08c9e_20260726/runs/formal_libero40_none_20_cb08c9e/shards/gpu1/tasks/libero_goal/task_005/trajectories/trial_014.npz
libero_goal,5,15,False,480,133.8039495779667,0,0,True,/mnt/project_eai_hs/zrm2/eval_isolated/dreamzero_none_cb08c9e_20260726/runs/formal_libero40_none_20_cb08c9e/shards/gpu1/tasks/libero_goal/task_005/trajectories/trial_015.npz
libero_goal,5,16,True,230,67.97974201000761,0,0,True,/mnt/project_eai_hs/zrm2/eval_isolated/dreamzero_none_cb08c9e_20260726/runs/formal_libero40_none_20_cb08c9e/shards/gpu1/tasks/libero_goal/task_005/trajectories/trial_016.npz
libero_goal,5,17,True,249,68.47367540898267,0,0,True,/mnt/project_eai_hs/zrm2/eval_isolated/dreamzero_none_cb08c9e_20260726/runs/formal_libero40_none_20_cb08c9e/shards/gpu1/tasks/libero_goal/task_005/trajectories/trial_017.npz
libero_goal,5,18,False,480,135.41341520193964,0,0,True,/mnt/project_eai_hs/zrm2/eval_isolated/dreamzero_none_cb08c9e_20260726/runs/formal_libero40_none_20_cb08c9e/shards/gpu1/tasks/libero_goal/task_005/trajectories/trial_018.npz
libero_goal,5,19,True,249,69.5921482660342,0,0,True,/mnt/project_eai_hs/zrm2/eval_isolated/dreamzero_none_cb08c9e_20260726/runs/formal_libero40_none_20_cb08c9e/shards/gpu1/tasks/libero_goal/task_005/trajectories/trial_019.npz
libero_goal,6,0,True,186,58.26316906802822,0,0,True,/mnt/project_eai_hs/zrm2/eval_isolated/dreamzero_none_cb08c9e_20260726/runs/formal_libero40_none_20_cb08c9e/shards/gpu2/tasks/libero_goal/task_006/trajectories/trial_000.npz
libero_goal,6,1,True,97,34.01870139199309,0,0,True,/mnt/project_eai_hs/zrm2/eval_isolated/dreamzero_none_cb08c9e_20260726/runs/formal_libero40_none_20_cb08c9e/shards/gpu2/tasks/libero_goal/task_006/trajectories/trial_001.npz
libero_goal,6,2,True,96,31.511816145968623,0,0,True,/mnt/project_eai_hs/zrm2/eval_isolated/dreamzero_none_cb08c9e_20260726/runs/formal_libero40_none_20_cb08c9e/shards/gpu2/tasks/libero_goal/task_006/trajectories/trial_002.npz
libero_goal,6,3,False,480,146.13712157099508,0,0,True,/mnt/project_eai_hs/zrm2/eval_isolated/dreamzero_none_cb08c9e_20260726/runs/formal_libero40_none_20_cb08c9e/shards/gpu2/tasks/libero_goal/task_006/trajectories/trial_003.npz
libero_goal,6,4,False,480,142.18028876092285,0,0,True,/mnt/project_eai_hs/zrm2/eval_isolated/dreamzero_none_cb08c9e_20260726/runs/formal_libero40_none_20_cb08c9e/shards/gpu2/tasks/libero_goal/task_006/trajectories/trial_004.npz
libero_goal,6,5,True,268,84.4683926620055,0,0,True,/mnt/project_eai_hs/zrm2/eval_isolated/dreamzero_none_cb08c9e_20260726/runs/formal_libero40_none_20_cb08c9e/shards/gpu2/tasks/libero_goal/task_006/trajectories/trial_005.npz
libero_goal,6,6,False,480,145.87133433599956,0,0,True,/mnt/project_eai_hs/zrm2/eval_isolated/dreamzero_none_cb08c9e_20260726/runs/formal_libero40_none_20_cb08c9e/shards/gpu2/tasks/libero_goal/task_006/trajectories/trial_006.npz
libero_goal,6,7,True,97,30.972638102946803,0,0,True,/mnt/project_eai_hs/zrm2/eval_isolated/dreamzero_none_cb08c9e_20260726/runs/formal_libero40_none_20_cb08c9e/shards/gpu2/tasks/libero_goal/task_006/trajectories/trial_007.npz
libero_goal,6,8,False,480,145.76944026199635,0,0,True,/mnt/project_eai_hs/zrm2/eval_isolated/dreamzero_none_cb08c9e_20260726/runs/formal_libero40_none_20_cb08c9e/shards/gpu2/tasks/libero_goal/task_006/trajectories/trial_008.npz
libero_goal,6,9,True,97,29.986852499074303,0,0,True,/mnt/project_eai_hs/zrm2/eval_isolated/dreamzero_none_cb08c9e_20260726/runs/formal_libero40_none_20_cb08c9e/shards/gpu2/tasks/libero_goal/task_006/trajectories/trial_009.npz
libero_goal,6,10,True,96,30.559519481030293,0,0,True,/mnt/project_eai_hs/zrm2/eval_isolated/dreamzero_none_cb08c9e_20260726/runs/formal_libero40_none_20_cb08c9e/shards/gpu2/tasks/libero_goal/task_006/trajectories/trial_010.npz
libero_goal,6,11,False,480,152.24672666401602,0,0,True,/mnt/project_eai_hs/zrm2/eval_isolated/dreamzero_none_cb08c9e_20260726/runs/formal_libero40_none_20_cb08c9e/shards/gpu2/tasks/libero_goal/task_006/trajectories/trial_011.npz
libero_goal,6,12,True,96,34.842800859943964,0,0,True,/mnt/project_eai_hs/zrm2/eval_isolated/dreamzero_none_cb08c9e_20260726/runs/formal_libero40_none_20_cb08c9e/shards/gpu2/tasks/libero_goal/task_006/trajectories/trial_012.npz
libero_goal,6,13,True,88,28.601707756053656,0,0,True,/mnt/project_eai_hs/zrm2/eval_isolated/dreamzero_none_cb08c9e_20260726/runs/formal_libero40_none_20_cb08c9e/shards/gpu2/tasks/libero_goal/task_006/trajectories/trial_013.npz
libero_goal,6,14,True,166,47.74385777302086,0,0,True,/mnt/project_eai_hs/zrm2/eval_isolated/dreamzero_none_cb08c9e_20260726/runs/formal_libero40_none_20_cb08c9e/shards/gpu2/tasks/libero_goal/task_006/trajectories/trial_014.npz
libero_goal,6,15,True,94,31.98158403695561,0,0,True,/mnt/project_eai_hs/zrm2/eval_isolated/dreamzero_none_cb08c9e_20260726/runs/formal_libero40_none_20_cb08c9e/shards/gpu2/tasks/libero_goal/task_006/trajectories/trial_015.npz
libero_goal,6,16,True,98,29.746909045963548,0,0,True,/mnt/project_eai_hs/zrm2/eval_isolated/dreamzero_none_cb08c9e_20260726/runs/formal_libero40_none_20_cb08c9e/shards/gpu2/tasks/libero_goal/task_006/trajectories/trial_016.npz
libero_goal,6,17,True,96,29.76794867508579,0,0,True,/mnt/project_eai_hs/zrm2/eval_isolated/dreamzero_none_cb08c9e_20260726/runs/formal_libero40_none_20_cb08c9e/shards/gpu2/tasks/libero_goal/task_006/trajectories/trial_017.npz
libero_goal,6,18,True,89,27.291288683074526,0,0,True,/mnt/project_eai_hs/zrm2/eval_isolated/dreamzero_none_cb08c9e_20260726/runs/formal_libero40_none_20_cb08c9e/shards/gpu2/tasks/libero_goal/task_006/trajectories/trial_018.npz
libero_goal,6,19,False,480,130.85770883201621,0,0,True,/mnt/project_eai_hs/zrm2/eval_isolated/dreamzero_none_cb08c9e_20260726/runs/formal_libero40_none_20_cb08c9e/shards/gpu2/tasks/libero_goal/task_006/trajectories/trial_019.npz
libero_goal,7,0,True,79,26.56313692498952,0,0,True,/mnt/project_eai_hs/zrm2/eval_isolated/dreamzero_none_cb08c9e_20260726/runs/formal_libero40_none_20_cb08c9e/shards/gpu3/tasks/libero_goal/task_007/trajectories/trial_000.npz
libero_goal,7,1,True,91,31.160853567067534,0,0,True,/mnt/project_eai_hs/zrm2/eval_isolated/dreamzero_none_cb08c9e_20260726/runs/formal_libero40_none_20_cb08c9e/shards/gpu3/tasks/libero_goal/task_007/trajectories/trial_001.npz
libero_goal,7,2,True,85,27.024804656975903,0,0,True,/mnt/project_eai_hs/zrm2/eval_isolated/dreamzero_none_cb08c9e_20260726/runs/formal_libero40_none_20_cb08c9e/shards/gpu3/tasks/libero_goal/task_007/trajectories/trial_002.npz
libero_goal,7,3,True,88,29.673987168003805,0,0,True,/mnt/project_eai_hs/zrm2/eval_isolated/dreamzero_none_cb08c9e_20260726/runs/formal_libero40_none_20_cb08c9e/shards/gpu3/tasks/libero_goal/task_007/trajectories/trial_003.npz
libero_goal,7,4,True,84,29.11462487000972,0,0,True,/mnt/project_eai_hs/zrm2/eval_isolated/dreamzero_none_cb08c9e_20260726/runs/formal_libero40_none_20_cb08c9e/shards/gpu3/tasks/libero_goal/task_007/trajectories/trial_004.npz
libero_goal,7,5,True,80,26.856514341081493,0,0,True,/mnt/project_eai_hs/zrm2/eval_isolated/dreamzero_none_cb08c9e_20260726/runs/formal_libero40_none_20_cb08c9e/shards/gpu3/tasks/libero_goal/task_007/trajectories/trial_005.npz
libero_goal,7,6,True,84,29.10641803999897,0,0,True,/mnt/project_eai_hs/zrm2/eval_isolated/dreamzero_none_cb08c9e_20260726/runs/formal_libero40_none_20_cb08c9e/shards/gpu3/tasks/libero_goal/task_007/trajectories/trial_006.npz
libero_goal,7,7,True,76,24.278146440978162,0,0,True,/mnt/project_eai_hs/zrm2/eval_isolated/dreamzero_none_cb08c9e_20260726/runs/formal_libero40_none_20_cb08c9e/shards/gpu3/tasks/libero_goal/task_007/trajectories/trial_007.npz
libero_goal,7,8,True,93,29.389382284949534,0,0,True,/mnt/project_eai_hs/zrm2/eval_isolated/dreamzero_none_cb08c9e_20260726/runs/formal_libero40_none_20_cb08c9e/shards/gpu3/tasks/libero_goal/task_007/trajectories/trial_008.npz
libero_goal,7,9,True,94,31.747541530057788,0,0,True,/mnt/project_eai_hs/zrm2/eval_isolated/dreamzero_none_cb08c9e_20260726/runs/formal_libero40_none_20_cb08c9e/shards/gpu3/tasks/libero_goal/task_007/trajectories/trial_009.npz
libero_goal,7,10,True,92,32.2176156390924,0,0,True,/mnt/project_eai_hs/zrm2/eval_isolated/dreamzero_none_cb08c9e_20260726/runs/formal_libero40_none_20_cb08c9e/shards/gpu3/tasks/libero_goal/task_007/trajectories/trial_010.npz
libero_goal,7,11,True,92,31.236305302008986,0,0,True,/mnt/project_eai_hs/zrm2/eval_isolated/dreamzero_none_cb08c9e_20260726/runs/formal_libero40_none_20_cb08c9e/shards/gpu3/tasks/libero_goal/task_007/trajectories/trial_011.npz
libero_goal,7,12,True,83,29.90945065196138,0,0,True,/mnt/project_eai_hs/zrm2/eval_isolated/dreamzero_none_cb08c9e_20260726/runs/formal_libero40_none_20_cb08c9e/shards/gpu3/tasks/libero_goal/task_007/trajectories/trial_012.npz
libero_goal,7,13,True,93,33.291510086040944,0,0,True,/mnt/project_eai_hs/zrm2/eval_isolated/dreamzero_none_cb08c9e_20260726/runs/formal_libero40_none_20_cb08c9e/shards/gpu3/tasks/libero_goal/task_007/trajectories/trial_013.npz
libero_goal,7,14,True,94,37.556906590936705,0,0,True,/mnt/project_eai_hs/zrm2/eval_isolated/dreamzero_none_cb08c9e_20260726/runs/formal_libero40_none_20_cb08c9e/shards/gpu3/tasks/libero_goal/task_007/trajectories/trial_014.npz
libero_goal,7,15,True,93,31.6889723619679,0,0,True,/mnt/project_eai_hs/zrm2/eval_isolated/dreamzero_none_cb08c9e_20260726/runs/formal_libero40_none_20_cb08c9e/shards/gpu3/tasks/libero_goal/task_007/trajectories/trial_015.npz
libero_goal,7,16,True,97,33.62770875892602,0,0,True,/mnt/project_eai_hs/zrm2/eval_isolated/dreamzero_none_cb08c9e_20260726/runs/formal_libero40_none_20_cb08c9e/shards/gpu3/tasks/libero_goal/task_007/trajectories/trial_016.npz
libero_goal,7,17,True,93,30.168342486955225,0,0,True,/mnt/project_eai_hs/zrm2/eval_isolated/dreamzero_none_cb08c9e_20260726/runs/formal_libero40_none_20_cb08c9e/shards/gpu3/tasks/libero_goal/task_007/trajectories/trial_017.npz
libero_goal,7,18,True,88,28.45406269398518,0,0,True,/mnt/project_eai_hs/zrm2/eval_isolated/dreamzero_none_cb08c9e_20260726/runs/formal_libero40_none_20_cb08c9e/shards/gpu3/tasks/libero_goal/task_007/trajectories/trial_018.npz
libero_goal,7,19,True,91,31.57283494307194,0,0,True,/mnt/project_eai_hs/zrm2/eval_isolated/dreamzero_none_cb08c9e_20260726/runs/formal_libero40_none_20_cb08c9e/shards/gpu3/tasks/libero_goal/task_007/trajectories/trial_019.npz
libero_goal,8,0,True,218,77.30612857406959,0,0,True,/mnt/project_eai_hs/zrm2/eval_isolated/dreamzero_none_cb08c9e_20260726/runs/formal_libero40_none_20_cb08c9e/shards/gpu4/tasks/libero_goal/task_008/trajectories/trial_000.npz
libero_goal,8,1,True,152,50.828438095981255,0,0,True,/mnt/project_eai_hs/zrm2/eval_isolated/dreamzero_none_cb08c9e_20260726/runs/formal_libero40_none_20_cb08c9e/shards/gpu4/tasks/libero_goal/task_008/trajectories/trial_001.npz
libero_goal,8,2,True,235,72.23379801295232,0,0,True,/mnt/project_eai_hs/zrm2/eval_isolated/dreamzero_none_cb08c9e_20260726/runs/formal_libero40_none_20_cb08c9e/shards/gpu4/tasks/libero_goal/task_008/trajectories/trial_002.npz
libero_goal,8,3,True,247,76.97776708705351,0,0,True,/mnt/project_eai_hs/zrm2/eval_isolated/dreamzero_none_cb08c9e_20260726/runs/formal_libero40_none_20_cb08c9e/shards/gpu4/tasks/libero_goal/task_008/trajectories/trial_003.npz
libero_goal,8,4,True,221,73.84556642104872,0,0,True,/mnt/project_eai_hs/zrm2/eval_isolated/dreamzero_none_cb08c9e_20260726/runs/formal_libero40_none_20_cb08c9e/shards/gpu4/tasks/libero_goal/task_008/trajectories/trial_004.npz
libero_goal,8,5,True,163,59.473345048958436,0,0,True,/mnt/project_eai_hs/zrm2/eval_isolated/dreamzero_none_cb08c9e_20260726/runs/formal_libero40_none_20_cb08c9e/shards/gpu4/tasks/libero_goal/task_008/trajectories/trial_005.npz
libero_goal,8,6,True,252,82.20399545202963,0,0,True,/mnt/project_eai_hs/zrm2/eval_isolated/dreamzero_none_cb08c9e_20260726/runs/formal_libero40_none_20_cb08c9e/shards/gpu4/tasks/libero_goal/task_008/trajectories/trial_006.npz
libero_goal,8,7,True,154,53.189697909983806,0,0,True,/mnt/project_eai_hs/zrm2/eval_isolated/dreamzero_none_cb08c9e_20260726/runs/formal_libero40_none_20_cb08c9e/shards/gpu4/tasks/libero_goal/task_008/trajectories/trial_007.npz
libero_goal,8,8,True,128,43.12168258999009,0,0,True,/mnt/project_eai_hs/zrm2/eval_isolated/dreamzero_none_cb08c9e_20260726/runs/formal_libero40_none_20_cb08c9e/shards/gpu4/tasks/libero_goal/task_008/trajectories/trial_008.npz
libero_goal,8,9,True,120,36.19009517598897,0,0,True,/mnt/project_eai_hs/zrm2/eval_isolated/dreamzero_none_cb08c9e_20260726/runs/formal_libero40_none_20_cb08c9e/shards/gpu4/tasks/libero_goal/task_008/trajectories/trial_009.npz
libero_goal,8,10,True,87,28.877076216973364,0,0,True,/mnt/project_eai_hs/zrm2/eval_isolated/dreamzero_none_cb08c9e_20260726/runs/formal_libero40_none_20_cb08c9e/shards/gpu4/tasks/libero_goal/task_008/trajectories/trial_010.npz
libero_goal,8,11,True,99,33.95110706600826,0,0,True,/mnt/project_eai_hs/zrm2/eval_isolated/dreamzero_none_cb08c9e_20260726/runs/formal_libero40_none_20_cb08c9e/shards/gpu4/tasks/libero_goal/task_008/trajectories/trial_011.npz
libero_goal,8,12,True,111,37.3553426200524,0,0,True,/mnt/project_eai_hs/zrm2/eval_isolated/dreamzero_none_cb08c9e_20260726/runs/formal_libero40_none_20_cb08c9e/shards/gpu4/tasks/libero_goal/task_008/trajectories/trial_012.npz
libero_goal,8,13,True,111,42.485691449954174,0,0,True,/mnt/project_eai_hs/zrm2/eval_isolated/dreamzero_none_cb08c9e_20260726/runs/formal_libero40_none_20_cb08c9e/shards/gpu4/tasks/libero_goal/task_008/trajectories/trial_013.npz
libero_goal,8,14,True,88,28.559604410082102,0,0,True,/mnt/project_eai_hs/zrm2/eval_isolated/dreamzero_none_cb08c9e_20260726/runs/formal_libero40_none_20_cb08c9e/shards/gpu4/tasks/libero_goal/task_008/trajectories/trial_014.npz
libero_goal,8,15,True,103,31.99198905203957,0,0,True,/mnt/project_eai_hs/zrm2/eval_isolated/dreamzero_none_cb08c9e_20260726/runs/formal_libero40_none_20_cb08c9e/shards/gpu4/tasks/libero_goal/task_008/trajectories/trial_015.npz
libero_goal,8,16,True,223,62.920081243966706,0,0,True,/mnt/project_eai_hs/zrm2/eval_isolated/dreamzero_none_cb08c9e_20260726/runs/formal_libero40_none_20_cb08c9e/shards/gpu4/tasks/libero_goal/task_008/trajectories/trial_016.npz
libero_goal,8,17,True,209,59.806496744044125,0,0,True,/mnt/project_eai_hs/zrm2/eval_isolated/dreamzero_none_cb08c9e_20260726/runs/formal_libero40_none_20_cb08c9e/shards/gpu4/tasks/libero_goal/task_008/trajectories/trial_017.npz
libero_goal,8,18,True,233,69.59539551998023,0,0,True,/mnt/project_eai_hs/zrm2/eval_isolated/dreamzero_none_cb08c9e_20260726/runs/formal_libero40_none_20_cb08c9e/shards/gpu4/tasks/libero_goal/task_008/trajectories/trial_018.npz
libero_goal,8,19,True,87,33.212404589983635,0,0,True,/mnt/project_eai_hs/zrm2/eval_isolated/dreamzero_none_cb08c9e_20260726/runs/formal_libero40_none_20_cb08c9e/shards/gpu4/tasks/libero_goal/task_008/trajectories/trial_019.npz
libero_goal,9,0,False,480,158.78088697697967,0,0,True,/mnt/project_eai_hs/zrm2/eval_isolated/dreamzero_none_cb08c9e_20260726/runs/formal_libero40_none_20_cb08c9e/shards/gpu5/tasks/libero_goal/task_009/trajectories/trial_000.npz
libero_goal,9,1,True,157,44.990550057031214,0,0,True,/mnt/project_eai_hs/zrm2/eval_isolated/dreamzero_none_cb08c9e_20260726/runs/formal_libero40_none_20_cb08c9e/shards/gpu5/tasks/libero_goal/task_009/trajectories/trial_001.npz
libero_goal,9,2,False,480,146.8088985469658,0,0,True,/mnt/project_eai_hs/zrm2/eval_isolated/dreamzero_none_cb08c9e_20260726/runs/formal_libero40_none_20_cb08c9e/shards/gpu5/tasks/libero_goal/task_009/trajectories/trial_002.npz
libero_goal,9,3,False,480,155.10642458999064,0,0,True,/mnt/project_eai_hs/zrm2/eval_isolated/dreamzero_none_cb08c9e_20260726/runs/formal_libero40_none_20_cb08c9e/shards/gpu5/tasks/libero_goal/task_009/trajectories/trial_003.npz
libero_goal,9,4,False,480,147.92038977204356,0,0,True,/mnt/project_eai_hs/zrm2/eval_isolated/dreamzero_none_cb08c9e_20260726/runs/formal_libero40_none_20_cb08c9e/shards/gpu5/tasks/libero_goal/task_009/trajectories/trial_004.npz
libero_goal,9,5,False,480,153.95338371803518,0,0,True,/mnt/project_eai_hs/zrm2/eval_isolated/dreamzero_none_cb08c9e_20260726/runs/formal_libero40_none_20_cb08c9e/shards/gpu5/tasks/libero_goal/task_009/trajectories/trial_005.npz
libero_goal,9,6,False,480,137.44087826600298,0,0,True,/mnt/project_eai_hs/zrm2/eval_isolated/dreamzero_none_cb08c9e_20260726/runs/formal_libero40_none_20_cb08c9e/shards/gpu5/tasks/libero_goal/task_009/trajectories/trial_006.npz
libero_goal,9,7,False,480,138.2716121849371,0,0,True,/mnt/project_eai_hs/zrm2/eval_isolated/dreamzero_none_cb08c9e_20260726/runs/formal_libero40_none_20_cb08c9e/shards/gpu5/tasks/libero_goal/task_009/trajectories/trial_007.npz
libero_goal,9,8,False,480,144.7181285440456,0,0,True,/mnt/project_eai_hs/zrm2/eval_isolated/dreamzero_none_cb08c9e_20260726/runs/formal_libero40_none_20_cb08c9e/shards/gpu5/tasks/libero_goal/task_009/trajectories/trial_008.npz
libero_goal,9,9,False,480,135.7131321389461,0,0,True,/mnt/project_eai_hs/zrm2/eval_isolated/dreamzero_none_cb08c9e_20260726/runs/formal_libero40_none_20_cb08c9e/shards/gpu5/tasks/libero_goal/task_009/trajectories/trial_009.npz
libero_goal,9,10,False,480,155.09073263197206,0,0,True,/mnt/project_eai_hs/zrm2/eval_isolated/dreamzero_none_cb08c9e_20260726/runs/formal_libero40_none_20_cb08c9e/shards/gpu5/tasks/libero_goal/task_009/trajectories/trial_010.npz
libero_goal,9,11,False,480,132.65318059700076,0,0,True,/mnt/project_eai_hs/zrm2/eval_isolated/dreamzero_none_cb08c9e_20260726/runs/formal_libero40_none_20_cb08c9e/shards/gpu5/tasks/libero_goal/task_009/trajectories/trial_011.npz
libero_goal,9,12,False,480,143.25879036297556,0,0,True,/mnt/project_eai_hs/zrm2/eval_isolated/dreamzero_none_cb08c9e_20260726/runs/formal_libero40_none_20_cb08c9e/shards/gpu5/tasks/libero_goal/task_009/trajectories/trial_012.npz
libero_goal,9,13,False,480,136.76858458900824,0,0,True,/mnt/project_eai_hs/zrm2/eval_isolated/dreamzero_none_cb08c9e_20260726/runs/formal_libero40_none_20_cb08c9e/shards/gpu5/tasks/libero_goal/task_009/trajectories/trial_013.npz
libero_goal,9,14,False,480,132.52553396695293,0,0,True,/mnt/project_eai_hs/zrm2/eval_isolated/dreamzero_none_cb08c9e_20260726/runs/formal_libero40_none_20_cb08c9e/shards/gpu5/tasks/libero_goal/task_009/trajectories/trial_014.npz
libero_goal,9,15,False,480,130.1100664070109,0,0,True,/mnt/project_eai_hs/zrm2/eval_isolated/dreamzero_none_cb08c9e_20260726/runs/formal_libero40_none_20_cb08c9e/shards/gpu5/tasks/libero_goal/task_009/trajectories/trial_015.npz
libero_goal,9,16,False,480,134.6144930520095,0,0,True,/mnt/project_eai_hs/zrm2/eval_isolated/dreamzero_none_cb08c9e_20260726/runs/formal_libero40_none_20_cb08c9e/shards/gpu5/tasks/libero_goal/task_009/trajectories/trial_016.npz
libero_goal,9,17,False,480,135.9736279459903,0,0,True,/mnt/project_eai_hs/zrm2/eval_isolated/dreamzero_none_cb08c9e_20260726/runs/formal_libero40_none_20_cb08c9e/shards/gpu5/tasks/libero_goal/task_009/trajectories/trial_017.npz
libero_goal,9,18,False,480,131.8503801879706,0,0,True,/mnt/project_eai_hs/zrm2/eval_isolated/dreamzero_none_cb08c9e_20260726/runs/formal_libero40_none_20_cb08c9e/shards/gpu5/tasks/libero_goal/task_009/trajectories/trial_018.npz
libero_goal,9,19,False,480,136.56895114306826,0,0,True,/mnt/project_eai_hs/zrm2/eval_isolated/dreamzero_none_cb08c9e_20260726/runs/formal_libero40_none_20_cb08c9e/shards/gpu5/tasks/libero_goal/task_009/trajectories/trial_019.npz
libero_10,0,0,True,298,93.7394524619449,0,0,True,/mnt/project_eai_hs/zrm2/eval_isolated/dreamzero_none_cb08c9e_20260726/runs/formal_libero40_none_20_cb08c9e/shards/gpu6/tasks/libero_10/task_000/trajectories/trial_000.npz
libero_10,0,1,True,298,104.562399030081,0,0,True,/mnt/project_eai_hs/zrm2/eval_isolated/dreamzero_none_cb08c9e_20260726/runs/formal_libero40_none_20_cb08c9e/shards/gpu6/tasks/libero_10/task_000/trajectories/trial_001.npz
libero_10,0,2,True,421,129.43242890108377,0,0,True,/mnt/project_eai_hs/zrm2/eval_isolated/dreamzero_none_cb08c9e_20260726/runs/formal_libero40_none_20_cb08c9e/shards/gpu6/tasks/libero_10/task_000/trajectories/trial_002.npz
libero_10,0,3,False,480,156.47978558100294,0,0,True,/mnt/project_eai_hs/zrm2/eval_isolated/dreamzero_none_cb08c9e_20260726/runs/formal_libero40_none_20_cb08c9e/shards/gpu6/tasks/libero_10/task_000/trajectories/trial_003.npz
libero_10,0,4,False,480,147.06800375599414,0,0,True,/mnt/project_eai_hs/zrm2/eval_isolated/dreamzero_none_cb08c9e_20260726/runs/formal_libero40_none_20_cb08c9e/shards/gpu6/tasks/libero_10/task_000/trajectories/trial_004.npz
libero_10,0,5,False,480,135.4611311199842,0,0,True,/mnt/project_eai_hs/zrm2/eval_isolated/dreamzero_none_cb08c9e_20260726/runs/formal_libero40_none_20_cb08c9e/shards/gpu6/tasks/libero_10/task_000/trajectories/trial_005.npz
libero_10,0,6,False,480,145.57590763201006,0,0,True,/mnt/project_eai_hs/zrm2/eval_isolated/dreamzero_none_cb08c9e_20260726/runs/formal_libero40_none_20_cb08c9e/shards/gpu6/tasks/libero_10/task_000/trajectories/trial_006.npz
libero_10,0,7,True,319,92.88204079505522,0,0,True,/mnt/project_eai_hs/zrm2/eval_isolated/dreamzero_none_cb08c9e_20260726/runs/formal_libero40_none_20_cb08c9e/shards/gpu6/tasks/libero_10/task_000/trajectories/trial_007.npz
libero_10,0,8,True,278,78.53282380104065,0,0,True,/mnt/project_eai_hs/zrm2/eval_isolated/dreamzero_none_cb08c9e_20260726/runs/formal_libero40_none_20_cb08c9e/shards/gpu6/tasks/libero_10/task_000/trajectories/trial_008.npz
libero_10,0,9,True,291,98.69986646599136,0,0,True,/mnt/project_eai_hs/zrm2/eval_isolated/dreamzero_none_cb08c9e_20260726/runs/formal_libero40_none_20_cb08c9e/shards/gpu6/tasks/libero_10/task_000/trajectories/trial_009.npz
libero_10,0,10,True,313,90.06938991392963,0,0,True,/mnt/project_eai_hs/zrm2/eval_isolated/dreamzero_none_cb08c9e_20260726/runs/formal_libero40_none_20_cb08c9e/shards/gpu6/tasks/libero_10/task_000/trajectories/trial_010.npz
libero_10,0,11,True,291,83.28516706300434,0,0,True,/mnt/project_eai_hs/zrm2/eval_isolated/dreamzero_none_cb08c9e_20260726/runs/formal_libero40_none_20_cb08c9e/shards/gpu6/tasks/libero_10/task_000/trajectories/trial_011.npz
libero_10,0,12,False,480,145.33033756702207,0,0,True,/mnt/project_eai_hs/zrm2/eval_isolated/dreamzero_none_cb08c9e_20260726/runs/formal_libero40_none_20_cb08c9e/shards/gpu6/tasks/libero_10/task_000/trajectories/trial_012.npz
libero_10,0,13,True,315,92.7438451780472,0,0,True,/mnt/project_eai_hs/zrm2/eval_isolated/dreamzero_none_cb08c9e_20260726/runs/formal_libero40_none_20_cb08c9e/shards/gpu6/tasks/libero_10/task_000/trajectories/trial_013.npz
libero_10,0,14,True,298,83.97905043291394,0,0,True,/mnt/project_eai_hs/zrm2/eval_isolated/dreamzero_none_cb08c9e_20260726/runs/formal_libero40_none_20_cb08c9e/shards/gpu6/tasks/libero_10/task_000/trajectories/trial_014.npz
libero_10,0,15,True,426,116.45203116792254,0,0,True,/mnt/project_eai_hs/zrm2/eval_isolated/dreamzero_none_cb08c9e_20260726/runs/formal_libero40_none_20_cb08c9e/shards/gpu6/tasks/libero_10/task_000/trajectories/trial_015.npz
libero_10,0,16,False,480,133.20159164594952,0,0,True,/mnt/project_eai_hs/zrm2/eval_isolated/dreamzero_none_cb08c9e_20260726/runs/formal_libero40_none_20_cb08c9e/shards/gpu6/tasks/libero_10/task_000/trajectories/trial_016.npz
libero_10,0,17,True,298,84.03860330895986,0,0,True,/mnt/project_eai_hs/zrm2/eval_isolated/dreamzero_none_cb08c9e_20260726/runs/formal_libero40_none_20_cb08c9e/shards/gpu6/tasks/libero_10/task_000/trajectories/trial_017.npz
libero_10,0,18,False,480,138.31910852098372,0,0,True,/mnt/project_eai_hs/zrm2/eval_isolated/dreamzero_none_cb08c9e_20260726/runs/formal_libero40_none_20_cb08c9e/shards/gpu6/tasks/libero_10/task_000/trajectories/trial_018.npz
libero_10,0,19,True,315,90.21745482599363,0,0,True,/mnt/project_eai_hs/zrm2/eval_isolated/dreamzero_none_cb08c9e_20260726/runs/formal_libero40_none_20_cb08c9e/shards/gpu6/tasks/libero_10/task_000/trajectories/trial_019.npz
libero_10,1,0,False,480,147.7431288959924,0,0,True,/mnt/project_eai_hs/zrm2/eval_isolated/dreamzero_none_cb08c9e_20260726/runs/formal_libero40_none_20_cb08c9e/shards/gpu7/tasks/libero_10/task_001/trajectories/trial_000.npz
libero_10,1,1,False,480,148.6564810059499,0,0,True,/mnt/project_eai_hs/zrm2/eval_isolated/dreamzero_none_cb08c9e_20260726/runs/formal_libero40_none_20_cb08c9e/shards/gpu7/tasks/libero_10/task_001/trajectories/trial_001.npz
libero_10,1,2,True,339,108.0291638369672,0,0,True,/mnt/project_eai_hs/zrm2/eval_isolated/dreamzero_none_cb08c9e_20260726/runs/formal_libero40_none_20_cb08c9e/shards/gpu7/tasks/libero_10/task_001/trajectories/trial_002.npz
libero_10,1,3,False,480,144.43462626403198,0,0,True,/mnt/project_eai_hs/zrm2/eval_isolated/dreamzero_none_cb08c9e_20260726/runs/formal_libero40_none_20_cb08c9e/shards/gpu7/tasks/libero_10/task_001/trajectories/trial_003.npz
libero_10,1,4,True,275,85.8142198449932,0,0,True,/mnt/project_eai_hs/zrm2/eval_isolated/dreamzero_none_cb08c9e_20260726/runs/formal_libero40_none_20_cb08c9e/shards/gpu7/tasks/libero_10/task_001/trajectories/trial_004.npz
libero_10,1,5,False,480,148.72551217698492,0,0,True,/mnt/project_eai_hs/zrm2/eval_isolated/dreamzero_none_cb08c9e_20260726/runs/formal_libero40_none_20_cb08c9e/shards/gpu7/tasks/libero_10/task_001/trajectories/trial_005.npz
libero_10,1,6,True,342,110.32716914499179,0,0,True,/mnt/project_eai_hs/zrm2/eval_isolated/dreamzero_none_cb08c9e_20260726/runs/formal_libero40_none_20_cb08c9e/shards/gpu7/tasks/libero_10/task_001/trajectories/trial_006.npz
libero_10,1,7,True,321,97.25878179899883,0,0,True,/mnt/project_eai_hs/zrm2/eval_isolated/dreamzero_none_cb08c9e_20260726/runs/formal_libero40_none_20_cb08c9e/shards/gpu7/tasks/libero_10/task_001/trajectories/trial_007.npz
libero_10,1,8,True,327,103.810377403046,0,0,True,/mnt/project_eai_hs/zrm2/eval_isolated/dreamzero_none_cb08c9e_20260726/runs/formal_libero40_none_20_cb08c9e/shards/gpu7/tasks/libero_10/task_001/trajectories/trial_008.npz
libero_10,1,9,False,480,153.3128833930241,0,0,True,/mnt/project_eai_hs/zrm2/eval_isolated/dreamzero_none_cb08c9e_20260726/runs/formal_libero40_none_20_cb08c9e/shards/gpu7/tasks/libero_10/task_001/trajectories/trial_009.npz
libero_10,1,10,True,378,123.05550732591655,0,0,True,/mnt/project_eai_hs/zrm2/eval_isolated/dreamzero_none_cb08c9e_20260726/runs/formal_libero40_none_20_cb08c9e/shards/gpu7/tasks/libero_10/task_001/trajectories/trial_010.npz
libero_10,1,11,True,288,92.02706890797708,0,0,True,/mnt/project_eai_hs/zrm2/eval_isolated/dreamzero_none_cb08c9e_20260726/runs/formal_libero40_none_20_cb08c9e/shards/gpu7/tasks/libero_10/task_001/trajectories/trial_011.npz
libero_10,1,12,False,480,136.91873460402712,0,0,True,/mnt/project_eai_hs/zrm2/eval_isolated/dreamzero_none_cb08c9e_20260726/runs/formal_libero40_none_20_cb08c9e/shards/gpu7/tasks/libero_10/task_001/trajectories/trial_012.npz
libero_10,1,13,True,379,103.84854145802092,0,0,True,/mnt/project_eai_hs/zrm2/eval_isolated/dreamzero_none_cb08c9e_20260726/runs/formal_libero40_none_20_cb08c9e/shards/gpu7/tasks/libero_10/task_001/trajectories/trial_013.npz
libero_10,1,14,False,480,134.69079297198914,0,0,True,/mnt/project_eai_hs/zrm2/eval_isolated/dreamzero_none_cb08c9e_20260726/runs/formal_libero40_none_20_cb08c9e/shards/gpu7/tasks/libero_10/task_001/trajectories/trial_014.npz
libero_10,1,15,False,480,140.9320553370053,0,0,True,/mnt/project_eai_hs/zrm2/eval_isolated/dreamzero_none_cb08c9e_20260726/runs/formal_libero40_none_20_cb08c9e/shards/gpu7/tasks/libero_10/task_001/trajectories/trial_015.npz
libero_10,1,16,False,480,139.9625911259791,0,0,True,/mnt/project_eai_hs/zrm2/eval_isolated/dreamzero_none_cb08c9e_20260726/runs/formal_libero40_none_20_cb08c9e/shards/gpu7/tasks/libero_10/task_001/trajectories/trial_016.npz
libero_10,1,17,False,480,134.2573754840996,0,0,True,/mnt/project_eai_hs/zrm2/eval_isolated/dreamzero_none_cb08c9e_20260726/runs/formal_libero40_none_20_cb08c9e/shards/gpu7/tasks/libero_10/task_001/trajectories/trial_017.npz
libero_10,1,18,False,480,135.38288291101344,0,0,True,/mnt/project_eai_hs/zrm2/eval_isolated/dreamzero_none_cb08c9e_20260726/runs/formal_libero40_none_20_cb08c9e/shards/gpu7/tasks/libero_10/task_001/trajectories/trial_018.npz
libero_10,1,19,True,350,102.19292314001359,0,0,True,/mnt/project_eai_hs/zrm2/eval_isolated/dreamzero_none_cb08c9e_20260726/runs/formal_libero40_none_20_cb08c9e/shards/gpu7/tasks/libero_10/task_001/trajectories/trial_019.npz
libero_10,2,0,False,480,139.7206908359658,0,0,True,/mnt/project_eai_hs/zrm2/eval_isolated/dreamzero_none_cb08c9e_20260726/runs/formal_libero40_none_20_cb08c9e/shards/gpu0/tasks/libero_10/task_002/trajectories/trial_000.npz
libero_10,2,1,True,263,73.61155809904449,0,0,True,/mnt/project_eai_hs/zrm2/eval_isolated/dreamzero_none_cb08c9e_20260726/runs/formal_libero40_none_20_cb08c9e/shards/gpu0/tasks/libero_10/task_002/trajectories/trial_001.npz
libero_10,2,2,True,255,74.29357189894654,0,0,True,/mnt/project_eai_hs/zrm2/eval_isolated/dreamzero_none_cb08c9e_20260726/runs/formal_libero40_none_20_cb08c9e/shards/gpu0/tasks/libero_10/task_002/trajectories/trial_002.npz
libero_10,2,3,False,480,142.2222606879659,0,0,True,/mnt/project_eai_hs/zrm2/eval_isolated/dreamzero_none_cb08c9e_20260726/runs/formal_libero40_none_20_cb08c9e/shards/gpu0/tasks/libero_10/task_002/trajectories/trial_003.npz
libero_10,2,4,True,268,78.51158171903808,0,0,True,/mnt/project_eai_hs/zrm2/eval_isolated/dreamzero_none_cb08c9e_20260726/runs/formal_libero40_none_20_cb08c9e/shards/gpu0/tasks/libero_10/task_002/trajectories/trial_004.npz
libero_10,2,5,True,251,72.14245839300565,0,0,True,/mnt/project_eai_hs/zrm2/eval_isolated/dreamzero_none_cb08c9e_20260726/runs/formal_libero40_none_20_cb08c9e/shards/gpu0/tasks/libero_10/task_002/trajectories/trial_005.npz
libero_10,2,6,True,258,72.84597833501175,0,0,True,/mnt/project_eai_hs/zrm2/eval_isolated/dreamzero_none_cb08c9e_20260726/runs/formal_libero40_none_20_cb08c9e/shards/gpu0/tasks/libero_10/task_002/trajectories/trial_006.npz
libero_10,2,7,False,480,135.86656476405915,0,0,True,/mnt/project_eai_hs/zrm2/eval_isolated/dreamzero_none_cb08c9e_20260726/runs/formal_libero40_none_20_cb08c9e/shards/gpu0/tasks/libero_10/task_002/trajectories/trial_007.npz
libero_10,2,8,False,480,132.98797369503882,0,0,True,/mnt/project_eai_hs/zrm2/eval_isolated/dreamzero_none_cb08c9e_20260726/runs/formal_libero40_none_20_cb08c9e/shards/gpu0/tasks/libero_10/task_002/trajectories/trial_008.npz
libero_10,2,9,True,258,70.26475523493718,0,0,True,/mnt/project_eai_hs/zrm2/eval_isolated/dreamzero_none_cb08c9e_20260726/runs/formal_libero40_none_20_cb08c9e/shards/gpu0/tasks/libero_10/task_002/trajectories/trial_009.npz
libero_10,2,10,False,480,126.62317402497865,0,0,True,/mnt/project_eai_hs/zrm2/eval_isolated/dreamzero_none_cb08c9e_20260726/runs/formal_libero40_none_20_cb08c9e/shards/gpu0/tasks/libero_10/task_002/trajectories/trial_010.npz
libero_10,2,11,True,256,68.9858408800792,0,0,True,/mnt/project_eai_hs/zrm2/eval_isolated/dreamzero_none_cb08c9e_20260726/runs/formal_libero40_none_20_cb08c9e/shards/gpu0/tasks/libero_10/task_002/trajectories/trial_011.npz
libero_10,2,12,True,252,67.2148722250713,0,0,True,/mnt/project_eai_hs/zrm2/eval_isolated/dreamzero_none_cb08c9e_20260726/runs/formal_libero40_none_20_cb08c9e/shards/gpu0/tasks/libero_10/task_002/trajectories/trial_012.npz
libero_10,2,13,True,260,69.79252270993311,0,0,True,/mnt/project_eai_hs/zrm2/eval_isolated/dreamzero_none_cb08c9e_20260726/runs/formal_libero40_none_20_cb08c9e/shards/gpu0/tasks/libero_10/task_002/trajectories/trial_013.npz
libero_10,2,14,True,259,68.43634418700822,0,0,True,/mnt/project_eai_hs/zrm2/eval_isolated/dreamzero_none_cb08c9e_20260726/runs/formal_libero40_none_20_cb08c9e/shards/gpu0/tasks/libero_10/task_002/trajectories/trial_014.npz
libero_10,2,15,True,251,65.06665996101219,0,0,True,/mnt/project_eai_hs/zrm2/eval_isolated/dreamzero_none_cb08c9e_20260726/runs/formal_libero40_none_20_cb08c9e/shards/gpu0/tasks/libero_10/task_002/trajectories/trial_015.npz
libero_10,2,16,True,258,69.12233404594008,0,0,True,/mnt/project_eai_hs/zrm2/eval_isolated/dreamzero_none_cb08c9e_20260726/runs/formal_libero40_none_20_cb08c9e/shards/gpu0/tasks/libero_10/task_002/trajectories/trial_016.npz
libero_10,2,17,True,264,70.86363955202978,0,0,True,/mnt/project_eai_hs/zrm2/eval_isolated/dreamzero_none_cb08c9e_20260726/runs/formal_libero40_none_20_cb08c9e/shards/gpu0/tasks/libero_10/task_002/trajectories/trial_017.npz
libero_10,2,18,False,480,122.58396063698456,0,0,True,/mnt/project_eai_hs/zrm2/eval_isolated/dreamzero_none_cb08c9e_20260726/runs/formal_libero40_none_20_cb08c9e/shards/gpu0/tasks/libero_10/task_002/trajectories/trial_018.npz
libero_10,2,19,False,480,123.46415126696229,0,0,True,/mnt/project_eai_hs/zrm2/eval_isolated/dreamzero_none_cb08c9e_20260726/runs/formal_libero40_none_20_cb08c9e/shards/gpu0/tasks/libero_10/task_002/trajectories/trial_019.npz
libero_10,3,0,False,480,140.5762999879662,0,0,True,/mnt/project_eai_hs/zrm2/eval_isolated/dreamzero_none_cb08c9e_20260726/runs/formal_libero40_none_20_cb08c9e/shards/gpu1/tasks/libero_10/task_003/trajectories/trial_000.npz
libero_10,3,1,True,268,75.73063493496738,0,0,True,/mnt/project_eai_hs/zrm2/eval_isolated/dreamzero_none_cb08c9e_20260726/runs/formal_libero40_none_20_cb08c9e/shards/gpu1/tasks/libero_10/task_003/trajectories/trial_001.npz
libero_10,3,2,True,291,81.8902066060109,0,0,True,/mnt/project_eai_hs/zrm2/eval_isolated/dreamzero_none_cb08c9e_20260726/runs/formal_libero40_none_20_cb08c9e/shards/gpu1/tasks/libero_10/task_003/trajectories/trial_002.npz
libero_10,3,3,True,231,65.99491882801522,0,0,True,/mnt/project_eai_hs/zrm2/eval_isolated/dreamzero_none_cb08c9e_20260726/runs/formal_libero40_none_20_cb08c9e/shards/gpu1/tasks/libero_10/task_003/trajectories/trial_003.npz
libero_10,3,4,True,248,72.23558638803661,0,0,True,/mnt/project_eai_hs/zrm2/eval_isolated/dreamzero_none_cb08c9e_20260726/runs/formal_libero40_none_20_cb08c9e/shards/gpu1/tasks/libero_10/task_003/trajectories/trial_004.npz
libero_10,3,5,True,233,66.79642061097547,0,0,True,/mnt/project_eai_hs/zrm2/eval_isolated/dreamzero_none_cb08c9e_20260726/runs/formal_libero40_none_20_cb08c9e/shards/gpu1/tasks/libero_10/task_003/trajectories/trial_005.npz
libero_10,3,6,False,480,135.1103256039787,0,0,True,/mnt/project_eai_hs/zrm2/eval_isolated/dreamzero_none_cb08c9e_20260726/runs/formal_libero40_none_20_cb08c9e/shards/gpu1/tasks/libero_10/task_003/trajectories/trial_006.npz
libero_10,3,7,True,225,61.73789163609035,0,0,True,/mnt/project_eai_hs/zrm2/eval_isolated/dreamzero_none_cb08c9e_20260726/runs/formal_libero40_none_20_cb08c9e/shards/gpu1/tasks/libero_10/task_003/trajectories/trial_007.npz
libero_10,3,8,True,248,66.03585428802762,0,0,True,/mnt/project_eai_hs/zrm2/eval_isolated/dreamzero_none_cb08c9e_20260726/runs/formal_libero40_none_20_cb08c9e/shards/gpu1/tasks/libero_10/task_003/trajectories/trial_008.npz
libero_10,3,9,True,230,62.24570006306749,0,0,True,/mnt/project_eai_hs/zrm2/eval_isolated/dreamzero_none_cb08c9e_20260726/runs/formal_libero40_none_20_cb08c9e/shards/gpu1/tasks/libero_10/task_003/trajectories/trial_009.npz
libero_10,3,10,True,245,66.59664305206388,0,0,True,/mnt/project_eai_hs/zrm2/eval_isolated/dreamzero_none_cb08c9e_20260726/runs/formal_libero40_none_20_cb08c9e/shards/gpu1/tasks/libero_10/task_003/trajectories/trial_010.npz
libero_10,3,11,False,480,126.5458421909716,0,0,True,/mnt/project_eai_hs/zrm2/eval_isolated/dreamzero_none_cb08c9e_20260726/runs/formal_libero40_none_20_cb08c9e/shards/gpu1/tasks/libero_10/task_003/trajectories/trial_011.npz
libero_10,3,12,True,262,70.65148274798412,0,0,True,/mnt/project_eai_hs/zrm2/eval_isolated/dreamzero_none_cb08c9e_20260726/runs/formal_libero40_none_20_cb08c9e/shards/gpu1/tasks/libero_10/task_003/trajectories/trial_012.npz
libero_10,3,13,False,480,122.47924932395108,0,0,True,/mnt/project_eai_hs/zrm2/eval_isolated/dreamzero_none_cb08c9e_20260726/runs/formal_libero40_none_20_cb08c9e/shards/gpu1/tasks/libero_10/task_003/trajectories/trial_013.npz
libero_10,3,14,True,259,67.987412374001,0,0,True,/mnt/project_eai_hs/zrm2/eval_isolated/dreamzero_none_cb08c9e_20260726/runs/formal_libero40_none_20_cb08c9e/shards/gpu1/tasks/libero_10/task_003/trajectories/trial_014.npz
libero_10,3,15,False,480,124.9998738419963,0,0,True,/mnt/project_eai_hs/zrm2/eval_isolated/dreamzero_none_cb08c9e_20260726/runs/formal_libero40_none_20_cb08c9e/shards/gpu1/tasks/libero_10/task_003/trajectories/trial_015.npz
libero_10,3,16,False,480,124.70624791306909,0,0,True,/mnt/project_eai_hs/zrm2/eval_isolated/dreamzero_none_cb08c9e_20260726/runs/formal_libero40_none_20_cb08c9e/shards/gpu1/tasks/libero_10/task_003/trajectories/trial_016.npz
libero_10,3,17,True,224,58.459888237994164,0,0,True,/mnt/project_eai_hs/zrm2/eval_isolated/dreamzero_none_cb08c9e_20260726/runs/formal_libero40_none_20_cb08c9e/shards/gpu1/tasks/libero_10/task_003/trajectories/trial_017.npz
libero_10,3,18,True,257,67.72883979894686,0,0,True,/mnt/project_eai_hs/zrm2/eval_isolated/dreamzero_none_cb08c9e_20260726/runs/formal_libero40_none_20_cb08c9e/shards/gpu1/tasks/libero_10/task_003/trajectories/trial_018.npz
libero_10,3,19,True,223,57.94297126797028,0,0,True,/mnt/project_eai_hs/zrm2/eval_isolated/dreamzero_none_cb08c9e_20260726/runs/formal_libero40_none_20_cb08c9e/shards/gpu1/tasks/libero_10/task_003/trajectories/trial_019.npz
libero_10,4,0,False,480,136.64067634299863,0,0,True,/mnt/project_eai_hs/zrm2/eval_isolated/dreamzero_none_cb08c9e_20260726/runs/formal_libero40_none_20_cb08c9e/shards/gpu2/tasks/libero_10/task_004/trajectories/trial_000.npz
libero_10,4,1,True,254,69.91798376000952,0,0,True,/mnt/project_eai_hs/zrm2/eval_isolated/dreamzero_none_cb08c9e_20260726/runs/formal_libero40_none_20_cb08c9e/shards/gpu2/tasks/libero_10/task_004/trajectories/trial_001.npz
libero_10,4,2,True,255,70.40038916701451,0,0,True,/mnt/project_eai_hs/zrm2/eval_isolated/dreamzero_none_cb08c9e_20260726/runs/formal_libero40_none_20_cb08c9e/shards/gpu2/tasks/libero_10/task_004/trajectories/trial_002.npz
libero_10,4,3,True,298,82.09200404502917,0,0,True,/mnt/project_eai_hs/zrm2/eval_isolated/dreamzero_none_cb08c9e_20260726/runs/formal_libero40_none_20_cb08c9e/shards/gpu2/tasks/libero_10/task_004/trajectories/trial_003.npz
libero_10,4,4,True,258,72.47302997205406,0,0,True,/mnt/project_eai_hs/zrm2/eval_isolated/dreamzero_none_cb08c9e_20260726/runs/formal_libero40_none_20_cb08c9e/shards/gpu2/tasks/libero_10/task_004/trajectories/trial_004.npz
libero_10,4,5,False,480,129.71216027904302,0,0,True,/mnt/project_eai_hs/zrm2/eval_isolated/dreamzero_none_cb08c9e_20260726/runs/formal_libero40_none_20_cb08c9e/shards/gpu2/tasks/libero_10/task_004/trajectories/trial_005.npz
libero_10,4,6,True,304,84.1097936029546,0,0,True,/mnt/project_eai_hs/zrm2/eval_isolated/dreamzero_none_cb08c9e_20260726/runs/formal_libero40_none_20_cb08c9e/shards/gpu2/tasks/libero_10/task_004/trajectories/trial_006.npz
libero_10,4,7,True,302,85.86767952900846,0,0,True,/mnt/project_eai_hs/zrm2/eval_isolated/dreamzero_none_cb08c9e_20260726/runs/formal_libero40_none_20_cb08c9e/shards/gpu2/tasks/libero_10/task_004/trajectories/trial_007.npz
libero_10,4,8,True,243,71.44965154794045,0,0,True,/mnt/project_eai_hs/zrm2/eval_isolated/dreamzero_none_cb08c9e_20260726/runs/formal_libero40_none_20_cb08c9e/shards/gpu2/tasks/libero_10/task_004/trajectories/trial_008.npz
libero_10,4,9,True,336,88.43421355308965,0,0,True,/mnt/project_eai_hs/zrm2/eval_isolated/dreamzero_none_cb08c9e_20260726/runs/formal_libero40_none_20_cb08c9e/shards/gpu2/tasks/libero_10/task_004/trajectories/trial_009.npz
libero_10,4,10,True,290,82.5753722829977,0,0,True,/mnt/project_eai_hs/zrm2/eval_isolated/dreamzero_none_cb08c9e_20260726/runs/formal_libero40_none_20_cb08c9e/shards/gpu2/tasks/libero_10/task_004/trajectories/trial_010.npz
libero_10,4,11,True,252,70.16708334803116,0,0,True,/mnt/project_eai_hs/zrm2/eval_isolated/dreamzero_none_cb08c9e_20260726/runs/formal_libero40_none_20_cb08c9e/shards/gpu2/tasks/libero_10/task_004/trajectories/trial_011.npz
libero_10,4,12,True,238,69.79923565499485,0,0,True,/mnt/project_eai_hs/zrm2/eval_isolated/dreamzero_none_cb08c9e_20260726/runs/formal_libero40_none_20_cb08c9e/shards/gpu2/tasks/libero_10/task_004/trajectories/trial_012.npz
libero_10,4,13,True,288,80.9355806990061,0,0,True,/mnt/project_eai_hs/zrm2/eval_isolated/dreamzero_none_cb08c9e_20260726/runs/formal_libero40_none_20_cb08c9e/shards/gpu2/tasks/libero_10/task_004/trajectories/trial_013.npz
libero_10,4,14,True,280,81.36299883003812,0,0,True,/mnt/project_eai_hs/zrm2/eval_isolated/dreamzero_none_cb08c9e_20260726/runs/formal_libero40_none_20_cb08c9e/shards/gpu2/tasks/libero_10/task_004/trajectories/trial_014.npz
libero_10,4,15,False,480,131.04528763401322,0,0,True,/mnt/project_eai_hs/zrm2/eval_isolated/dreamzero_none_cb08c9e_20260726/runs/formal_libero40_none_20_cb08c9e/shards/gpu2/tasks/libero_10/task_004/trajectories/trial_015.npz
libero_10,4,16,False,480,134.71360640006606,0,0,True,/mnt/project_eai_hs/zrm2/eval_isolated/dreamzero_none_cb08c9e_20260726/runs/formal_libero40_none_20_cb08c9e/shards/gpu2/tasks/libero_10/task_004/trajectories/trial_016.npz
libero_10,4,17,True,247,70.59477682597935,0,0,True,/mnt/project_eai_hs/zrm2/eval_isolated/dreamzero_none_cb08c9e_20260726/runs/formal_libero40_none_20_cb08c9e/shards/gpu2/tasks/libero_10/task_004/trajectories/trial_017.npz
libero_10,4,18,True,290,82.5154656120576,0,0,True,/mnt/project_eai_hs/zrm2/eval_isolated/dreamzero_none_cb08c9e_20260726/runs/formal_libero40_none_20_cb08c9e/shards/gpu2/tasks/libero_10/task_004/trajectories/trial_018.npz
libero_10,4,19,True,311,86.92089601396583,0,0,True,/mnt/project_eai_hs/zrm2/eval_isolated/dreamzero_none_cb08c9e_20260726/runs/formal_libero40_none_20_cb08c9e/shards/gpu2/tasks/libero_10/task_004/trajectories/trial_019.npz
libero_10,5,0,True,162,54.253758449922316,0,0,True,/mnt/project_eai_hs/zrm2/eval_isolated/dreamzero_none_cb08c9e_20260726/runs/formal_libero40_none_20_cb08c9e/shards/gpu3/tasks/libero_10/task_005/trajectories/trial_000.npz
libero_10,5,1,True,219,63.6590437060222,0,0,True,/mnt/project_eai_hs/zrm2/eval_isolated/dreamzero_none_cb08c9e_20260726/runs/formal_libero40_none_20_cb08c9e/shards/gpu3/tasks/libero_10/task_005/trajectories/trial_001.npz
libero_10,5,2,False,480,147.30264323297888,0,0,True,/mnt/project_eai_hs/zrm2/eval_isolated/dreamzero_none_cb08c9e_20260726/runs/formal_libero40_none_20_cb08c9e/shards/gpu3/tasks/libero_10/task_005/trajectories/trial_002.npz
libero_10,5,3,False,480,149.46862370194867,0,0,True,/mnt/project_eai_hs/zrm2/eval_isolated/dreamzero_none_cb08c9e_20260726/runs/formal_libero40_none_20_cb08c9e/shards/gpu3/tasks/libero_10/task_005/trajectories/trial_003.npz
libero_10,5,4,True,209,66.75652396504302,0,0,True,/mnt/project_eai_hs/zrm2/eval_isolated/dreamzero_none_cb08c9e_20260726/runs/formal_libero40_none_20_cb08c9e/shards/gpu3/tasks/libero_10/task_005/trajectories/trial_004.npz
libero_10,5,5,True,195,57.3240749000106,0,0,True,/mnt/project_eai_hs/zrm2/eval_isolated/dreamzero_none_cb08c9e_20260726/runs/formal_libero40_none_20_cb08c9e/shards/gpu3/tasks/libero_10/task_005/trajectories/trial_005.npz
libero_10,5,6,True,198,64.90971014404204,0,0,True,/mnt/project_eai_hs/zrm2/eval_isolated/dreamzero_none_cb08c9e_20260726/runs/formal_libero40_none_20_cb08c9e/shards/gpu3/tasks/libero_10/task_005/trajectories/trial_006.npz
libero_10,5,7,True,194,55.767705418984406,0,0,True,/mnt/project_eai_hs/zrm2/eval_isolated/dreamzero_none_cb08c9e_20260726/runs/formal_libero40_none_20_cb08c9e/shards/gpu3/tasks/libero_10/task_005/trajectories/trial_007.npz
libero_10,5,8,True,207,66.39491714502219,0,0,True,/mnt/project_eai_hs/zrm2/eval_isolated/dreamzero_none_cb08c9e_20260726/runs/formal_libero40_none_20_cb08c9e/shards/gpu3/tasks/libero_10/task_005/trajectories/trial_008.npz
libero_10,5,9,True,200,65.22833279997576,0,0,True,/mnt/project_eai_hs/zrm2/eval_isolated/dreamzero_none_cb08c9e_20260726/runs/formal_libero40_none_20_cb08c9e/shards/gpu3/tasks/libero_10/task_005/trajectories/trial_009.npz
libero_10,5,10,True,265,72.44781290192623,0,0,True,/mnt/project_eai_hs/zrm2/eval_isolated/dreamzero_none_cb08c9e_20260726/runs/formal_libero40_none_20_cb08c9e/shards/gpu3/tasks/libero_10/task_005/trajectories/trial_010.npz
libero_10,5,11,True,161,53.97935440798756,0,0,True,/mnt/project_eai_hs/zrm2/eval_isolated/dreamzero_none_cb08c9e_20260726/runs/formal_libero40_none_20_cb08c9e/shards/gpu3/tasks/libero_10/task_005/trajectories/trial_011.npz
libero_10,5,12,True,207,65.28991247608792,0,0,True,/mnt/project_eai_hs/zrm2/eval_isolated/dreamzero_none_cb08c9e_20260726/runs/formal_libero40_none_20_cb08c9e/shards/gpu3/tasks/libero_10/task_005/trajectories/trial_012.npz
libero_10,5,13,True,209,63.19788996200077,0,0,True,/mnt/project_eai_hs/zrm2/eval_isolated/dreamzero_none_cb08c9e_20260726/runs/formal_libero40_none_20_cb08c9e/shards/gpu3/tasks/libero_10/task_005/trajectories/trial_013.npz
libero_10,5,14,False,480,141.96497844695114,0,0,True,/mnt/project_eai_hs/zrm2/eval_isolated/dreamzero_none_cb08c9e_20260726/runs/formal_libero40_none_20_cb08c9e/shards/gpu3/tasks/libero_10/task_005/trajectories/trial_014.npz
libero_10,5,15,True,233,75.51188449305482,0,0,True,/mnt/project_eai_hs/zrm2/eval_isolated/dreamzero_none_cb08c9e_20260726/runs/formal_libero40_none_20_cb08c9e/shards/gpu3/tasks/libero_10/task_005/trajectories/trial_015.npz
libero_10,5,16,True,199,60.96762697293889,0,0,True,/mnt/project_eai_hs/zrm2/eval_isolated/dreamzero_none_cb08c9e_20260726/runs/formal_libero40_none_20_cb08c9e/shards/gpu3/tasks/libero_10/task_005/trajectories/trial_016.npz
libero_10,5,17,True,195,64.46772333595436,0,0,True,/mnt/project_eai_hs/zrm2/eval_isolated/dreamzero_none_cb08c9e_20260726/runs/formal_libero40_none_20_cb08c9e/shards/gpu3/tasks/libero_10/task_005/trajectories/trial_017.npz
libero_10,5,18,True,158,47.80188558797818,0,0,True,/mnt/project_eai_hs/zrm2/eval_isolated/dreamzero_none_cb08c9e_20260726/runs/formal_libero40_none_20_cb08c9e/shards/gpu3/tasks/libero_10/task_005/trajectories/trial_018.npz
libero_10,5,19,True,211,61.99352549796458,0,0,True,/mnt/project_eai_hs/zrm2/eval_isolated/dreamzero_none_cb08c9e_20260726/runs/formal_libero40_none_20_cb08c9e/shards/gpu3/tasks/libero_10/task_005/trajectories/trial_019.npz
libero_10,6,0,True,282,82.97388009901624,0,0,True,/mnt/project_eai_hs/zrm2/eval_isolated/dreamzero_none_cb08c9e_20260726/runs/formal_libero40_none_20_cb08c9e/shards/gpu4/tasks/libero_10/task_006/trajectories/trial_000.npz
libero_10,6,1,True,225,66.85211024410091,0,0,True,/mnt/project_eai_hs/zrm2/eval_isolated/dreamzero_none_cb08c9e_20260726/runs/formal_libero40_none_20_cb08c9e/shards/gpu4/tasks/libero_10/task_006/trajectories/trial_001.npz
libero_10,6,2,True,288,80.19890031998511,0,0,True,/mnt/project_eai_hs/zrm2/eval_isolated/dreamzero_none_cb08c9e_20260726/runs/formal_libero40_none_20_cb08c9e/shards/gpu4/tasks/libero_10/task_006/trajectories/trial_002.npz
libero_10,6,3,True,224,65.55705699999817,0,0,True,/mnt/project_eai_hs/zrm2/eval_isolated/dreamzero_none_cb08c9e_20260726/runs/formal_libero40_none_20_cb08c9e/shards/gpu4/tasks/libero_10/task_006/trajectories/trial_003.npz
libero_10,6,4,True,315,103.36736040306278,0,0,True,/mnt/project_eai_hs/zrm2/eval_isolated/dreamzero_none_cb08c9e_20260726/runs/formal_libero40_none_20_cb08c9e/shards/gpu4/tasks/libero_10/task_006/trajectories/trial_004.npz
libero_10,6,5,True,286,79.75399320502765,0,0,True,/mnt/project_eai_hs/zrm2/eval_isolated/dreamzero_none_cb08c9e_20260726/runs/formal_libero40_none_20_cb08c9e/shards/gpu4/tasks/libero_10/task_006/trajectories/trial_005.npz
libero_10,6,6,False,480,132.77956809999887,0,0,True,/mnt/project_eai_hs/zrm2/eval_isolated/dreamzero_none_cb08c9e_20260726/runs/formal_libero40_none_20_cb08c9e/shards/gpu4/tasks/libero_10/task_006/trajectories/trial_006.npz
libero_10,6,7,True,416,116.16680594999343,0,0,True,/mnt/project_eai_hs/zrm2/eval_isolated/dreamzero_none_cb08c9e_20260726/runs/formal_libero40_none_20_cb08c9e/shards/gpu4/tasks/libero_10/task_006/trajectories/trial_007.npz
libero_10,6,8,True,253,73.6744149539154,0,0,True,/mnt/project_eai_hs/zrm2/eval_isolated/dreamzero_none_cb08c9e_20260726/runs/formal_libero40_none_20_cb08c9e/shards/gpu4/tasks/libero_10/task_006/trajectories/trial_008.npz
libero_10,6,9,True,273,76.33497613493819,0,0,True,/mnt/project_eai_hs/zrm2/eval_isolated/dreamzero_none_cb08c9e_20260726/runs/formal_libero40_none_20_cb08c9e/shards/gpu4/tasks/libero_10/task_006/trajectories/trial_009.npz
libero_10,6,10,True,227,67.51099796104245,0,0,True,/mnt/project_eai_hs/zrm2/eval_isolated/dreamzero_none_cb08c9e_20260726/runs/formal_libero40_none_20_cb08c9e/shards/gpu4/tasks/libero_10/task_006/trajectories/trial_010.npz
libero_10,6,11,False,480,135.90866644098423,0,0,True,/mnt/project_eai_hs/zrm2/eval_isolated/dreamzero_none_cb08c9e_20260726/runs/formal_libero40_none_20_cb08c9e/shards/gpu4/tasks/libero_10/task_006/trajectories/trial_011.npz
libero_10,6,12,True,259,75.61199810903054,0,0,True,/mnt/project_eai_hs/zrm2/eval_isolated/dreamzero_none_cb08c9e_20260726/runs/formal_libero40_none_20_cb08c9e/shards/gpu4/tasks/libero_10/task_006/trajectories/trial_012.npz
libero_10,6,13,False,480,130.13366858905647,0,0,True,/mnt/project_eai_hs/zrm2/eval_isolated/dreamzero_none_cb08c9e_20260726/runs/formal_libero40_none_20_cb08c9e/shards/gpu4/tasks/libero_10/task_006/trajectories/trial_013.npz
libero_10,6,14,False,480,137.05162213707808,0,0,True,/mnt/project_eai_hs/zrm2/eval_isolated/dreamzero_none_cb08c9e_20260726/runs/formal_libero40_none_20_cb08c9e/shards/gpu4/tasks/libero_10/task_006/trajectories/trial_014.npz
libero_10,6,15,True,255,73.05161643296015,0,0,True,/mnt/project_eai_hs/zrm2/eval_isolated/dreamzero_none_cb08c9e_20260726/runs/formal_libero40_none_20_cb08c9e/shards/gpu4/tasks/libero_10/task_006/trajectories/trial_015.npz
libero_10,6,16,False,480,135.82856229599565,0,0,True,/mnt/project_eai_hs/zrm2/eval_isolated/dreamzero_none_cb08c9e_20260726/runs/formal_libero40_none_20_cb08c9e/shards/gpu4/tasks/libero_10/task_006/trajectories/trial_016.npz
libero_10,6,17,True,269,72.36084067402408,0,0,True,/mnt/project_eai_hs/zrm2/eval_isolated/dreamzero_none_cb08c9e_20260726/runs/formal_libero40_none_20_cb08c9e/shards/gpu4/tasks/libero_10/task_006/trajectories/trial_017.npz
libero_10,6,18,False,480,127.61362383700907,0,0,True,/mnt/project_eai_hs/zrm2/eval_isolated/dreamzero_none_cb08c9e_20260726/runs/formal_libero40_none_20_cb08c9e/shards/gpu4/tasks/libero_10/task_006/trajectories/trial_018.npz
libero_10,6,19,True,278,75.12701826100238,0,0,True,/mnt/project_eai_hs/zrm2/eval_isolated/dreamzero_none_cb08c9e_20260726/runs/formal_libero40_none_20_cb08c9e/shards/gpu4/tasks/libero_10/task_006/trajectories/trial_019.npz
libero_10,7,0,False,480,133.81591826595832,0,0,True,/mnt/project_eai_hs/zrm2/eval_isolated/dreamzero_none_cb08c9e_20260726/runs/formal_libero40_none_20_cb08c9e/shards/gpu5/tasks/libero_10/task_007/trajectories/trial_000.npz
libero_10,7,1,False,480,126.19563869293779,0,0,True,/mnt/project_eai_hs/zrm2/eval_isolated/dreamzero_none_cb08c9e_20260726/runs/formal_libero40_none_20_cb08c9e/shards/gpu5/tasks/libero_10/task_007/trajectories/trial_001.npz
libero_10,7,2,True,275,73.17674373392947,0,0,True,/mnt/project_eai_hs/zrm2/eval_isolated/dreamzero_none_cb08c9e_20260726/runs/formal_libero40_none_20_cb08c9e/shards/gpu5/tasks/libero_10/task_007/trajectories/trial_002.npz
libero_10,7,3,True,456,117.53430493699852,0,0,True,/mnt/project_eai_hs/zrm2/eval_isolated/dreamzero_none_cb08c9e_20260726/runs/formal_libero40_none_20_cb08c9e/shards/gpu5/tasks/libero_10/task_007/trajectories/trial_003.npz
libero_10,7,4,False,480,123.7190575520508,0,0,True,/mnt/project_eai_hs/zrm2/eval_isolated/dreamzero_none_cb08c9e_20260726/runs/formal_libero40_none_20_cb08c9e/shards/gpu5/tasks/libero_10/task_007/trajectories/trial_004.npz
libero_10,7,5,False,480,121.49956717994064,0,0,True,/mnt/project_eai_hs/zrm2/eval_isolated/dreamzero_none_cb08c9e_20260726/runs/formal_libero40_none_20_cb08c9e/shards/gpu5/tasks/libero_10/task_007/trajectories/trial_005.npz
libero_10,7,6,False,480,121.97475473408122,0,0,True,/mnt/project_eai_hs/zrm2/eval_isolated/dreamzero_none_cb08c9e_20260726/runs/formal_libero40_none_20_cb08c9e/shards/gpu5/tasks/libero_10/task_007/trajectories/trial_006.npz
libero_10,7,7,False,480,122.67302365798969,0,0,True,/mnt/project_eai_hs/zrm2/eval_isolated/dreamzero_none_cb08c9e_20260726/runs/formal_libero40_none_20_cb08c9e/shards/gpu5/tasks/libero_10/task_007/trajectories/trial_007.npz
libero_10,7,8,False,480,122.38551923003979,0,0,True,/mnt/project_eai_hs/zrm2/eval_isolated/dreamzero_none_cb08c9e_20260726/runs/formal_libero40_none_20_cb08c9e/shards/gpu5/tasks/libero_10/task_007/trajectories/trial_008.npz
libero_10,7,9,False,480,118.94975403905846,0,0,True,/mnt/project_eai_hs/zrm2/eval_isolated/dreamzero_none_cb08c9e_20260726/runs/formal_libero40_none_20_cb08c9e/shards/gpu5/tasks/libero_10/task_007/trajectories/trial_009.npz
libero_10,7,10,False,480,119.34235379996244,0,0,True,/mnt/project_eai_hs/zrm2/eval_isolated/dreamzero_none_cb08c9e_20260726/runs/formal_libero40_none_20_cb08c9e/shards/gpu5/tasks/libero_10/task_007/trajectories/trial_010.npz
libero_10,7,11,True,271,69.67042018403299,0,0,True,/mnt/project_eai_hs/zrm2/eval_isolated/dreamzero_none_cb08c9e_20260726/runs/formal_libero40_none_20_cb08c9e/shards/gpu5/tasks/libero_10/task_007/trajectories/trial_011.npz
libero_10,7,12,False,480,118.66055852198042,0,0,True,/mnt/project_eai_hs/zrm2/eval_isolated/dreamzero_none_cb08c9e_20260726/runs/formal_libero40_none_20_cb08c9e/shards/gpu5/tasks/libero_10/task_007/trajectories/trial_012.npz
libero_10,7,13,False,480,116.15370101702865,0,0,True,/mnt/project_eai_hs/zrm2/eval_isolated/dreamzero_none_cb08c9e_20260726/runs/formal_libero40_none_20_cb08c9e/shards/gpu5/tasks/libero_10/task_007/trajectories/trial_013.npz
libero_10,7,14,True,281,69.32532864098903,0,0,True,/mnt/project_eai_hs/zrm2/eval_isolated/dreamzero_none_cb08c9e_20260726/runs/formal_libero40_none_20_cb08c9e/shards/gpu5/tasks/libero_10/task_007/trajectories/trial_014.npz
libero_10,7,15,True,317,77.33148659206927,0,0,True,/mnt/project_eai_hs/zrm2/eval_isolated/dreamzero_none_cb08c9e_20260726/runs/formal_libero40_none_20_cb08c9e/shards/gpu5/tasks/libero_10/task_007/trajectories/trial_015.npz
libero_10,7,16,True,288,70.86117480706889,0,0,True,/mnt/project_eai_hs/zrm2/eval_isolated/dreamzero_none_cb08c9e_20260726/runs/formal_libero40_none_20_cb08c9e/shards/gpu5/tasks/libero_10/task_007/trajectories/trial_016.npz
libero_10,7,17,True,264,65.11416561098304,0,0,True,/mnt/project_eai_hs/zrm2/eval_isolated/dreamzero_none_cb08c9e_20260726/runs/formal_libero40_none_20_cb08c9e/shards/gpu5/tasks/libero_10/task_007/trajectories/trial_017.npz
libero_10,7,18,True,289,72.05888642498758,0,0,True,/mnt/project_eai_hs/zrm2/eval_isolated/dreamzero_none_cb08c9e_20260726/runs/formal_libero40_none_20_cb08c9e/shards/gpu5/tasks/libero_10/task_007/trajectories/trial_018.npz
libero_10,7,19,False,480,116.65740767400712,0,0,True,/mnt/project_eai_hs/zrm2/eval_isolated/dreamzero_none_cb08c9e_20260726/runs/formal_libero40_none_20_cb08c9e/shards/gpu5/tasks/libero_10/task_007/trajectories/trial_019.npz
libero_10,8,0,True,405,110.15872261801269,0,0,True,/mnt/project_eai_hs/zrm2/eval_isolated/dreamzero_none_cb08c9e_20260726/runs/formal_libero40_none_20_cb08c9e/shards/gpu6/tasks/libero_10/task_008/trajectories/trial_000.npz
libero_10,8,1,False,480,134.6839648829773,0,0,True,/mnt/project_eai_hs/zrm2/eval_isolated/dreamzero_none_cb08c9e_20260726/runs/formal_libero40_none_20_cb08c9e/shards/gpu6/tasks/libero_10/task_008/trajectories/trial_001.npz
libero_10,8,2,False,480,134.11923423502594,0,0,True,/mnt/project_eai_hs/zrm2/eval_isolated/dreamzero_none_cb08c9e_20260726/runs/formal_libero40_none_20_cb08c9e/shards/gpu6/tasks/libero_10/task_008/trajectories/trial_002.npz
libero_10,8,3,True,413,110.08403245999943,0,0,True,/mnt/project_eai_hs/zrm2/eval_isolated/dreamzero_none_cb08c9e_20260726/runs/formal_libero40_none_20_cb08c9e/shards/gpu6/tasks/libero_10/task_008/trajectories/trial_003.npz
libero_10,8,4,False,480,123.75870760297403,0,0,True,/mnt/project_eai_hs/zrm2/eval_isolated/dreamzero_none_cb08c9e_20260726/runs/formal_libero40_none_20_cb08c9e/shards/gpu6/tasks/libero_10/task_008/trajectories/trial_004.npz
libero_10,8,5,True,455,117.78228993690573,0,0,True,/mnt/project_eai_hs/zrm2/eval_isolated/dreamzero_none_cb08c9e_20260726/runs/formal_libero40_none_20_cb08c9e/shards/gpu6/tasks/libero_10/task_008/trajectories/trial_005.npz
libero_10,8,6,False,480,121.80489590403158,0,0,True,/mnt/project_eai_hs/zrm2/eval_isolated/dreamzero_none_cb08c9e_20260726/runs/formal_libero40_none_20_cb08c9e/shards/gpu6/tasks/libero_10/task_008/trajectories/trial_006.npz
libero_10,8,7,False,480,120.29953082103748,0,0,True,/mnt/project_eai_hs/zrm2/eval_isolated/dreamzero_none_cb08c9e_20260726/runs/formal_libero40_none_20_cb08c9e/shards/gpu6/tasks/libero_10/task_008/trajectories/trial_007.npz
libero_10,8,8,False,480,120.83104427601211,0,0,True,/mnt/project_eai_hs/zrm2/eval_isolated/dreamzero_none_cb08c9e_20260726/runs/formal_libero40_none_20_cb08c9e/shards/gpu6/tasks/libero_10/task_008/trajectories/trial_008.npz
libero_10,8,9,True,432,108.51442052808125,0,0,True,/mnt/project_eai_hs/zrm2/eval_isolated/dreamzero_none_cb08c9e_20260726/runs/formal_libero40_none_20_cb08c9e/shards/gpu6/tasks/libero_10/task_008/trajectories/trial_009.npz
libero_10,8,10,False,480,120.78998931392562,0,0,True,/mnt/project_eai_hs/zrm2/eval_isolated/dreamzero_none_cb08c9e_20260726/runs/formal_libero40_none_20_cb08c9e/shards/gpu6/tasks/libero_10/task_008/trajectories/trial_010.npz
libero_10,8,11,True,432,107.40486381202936,0,0,True,/mnt/project_eai_hs/zrm2/eval_isolated/dreamzero_none_cb08c9e_20260726/runs/formal_libero40_none_20_cb08c9e/shards/gpu6/tasks/libero_10/task_008/trajectories/trial_011.npz
libero_10,8,12,False,480,117.31025335600134,0,0,True,/mnt/project_eai_hs/zrm2/eval_isolated/dreamzero_none_cb08c9e_20260726/runs/formal_libero40_none_20_cb08c9e/shards/gpu6/tasks/libero_10/task_008/trajectories/trial_012.npz
libero_10,8,13,False,480,118.43038608098868,0,0,True,/mnt/project_eai_hs/zrm2/eval_isolated/dreamzero_none_cb08c9e_20260726/runs/formal_libero40_none_20_cb08c9e/shards/gpu6/tasks/libero_10/task_008/trajectories/trial_013.npz
libero_10,8,14,True,435,108.92138787801377,0,0,True,/mnt/project_eai_hs/zrm2/eval_isolated/dreamzero_none_cb08c9e_20260726/runs/formal_libero40_none_20_cb08c9e/shards/gpu6/tasks/libero_10/task_008/trajectories/trial_014.npz
libero_10,8,15,True,393,98.19210427894723,0,0,True,/mnt/project_eai_hs/zrm2/eval_isolated/dreamzero_none_cb08c9e_20260726/runs/formal_libero40_none_20_cb08c9e/shards/gpu6/tasks/libero_10/task_008/trajectories/trial_015.npz
libero_10,8,16,True,417,102.55133762792684,0,0,True,/mnt/project_eai_hs/zrm2/eval_isolated/dreamzero_none_cb08c9e_20260726/runs/formal_libero40_none_20_cb08c9e/shards/gpu6/tasks/libero_10/task_008/trajectories/trial_016.npz
libero_10,8,17,True,446,108.50888224109076,0,0,True,/mnt/project_eai_hs/zrm2/eval_isolated/dreamzero_none_cb08c9e_20260726/runs/formal_libero40_none_20_cb08c9e/shards/gpu6/tasks/libero_10/task_008/trajectories/trial_017.npz
libero_10,8,18,True,414,100.66391757596284,0,0,True,/mnt/project_eai_hs/zrm2/eval_isolated/dreamzero_none_cb08c9e_20260726/runs/formal_libero40_none_20_cb08c9e/shards/gpu6/tasks/libero_10/task_008/trajectories/trial_018.npz
libero_10,8,19,False,480,116.36100087093655,0,0,True,/mnt/project_eai_hs/zrm2/eval_isolated/dreamzero_none_cb08c9e_20260726/runs/formal_libero40_none_20_cb08c9e/shards/gpu6/tasks/libero_10/task_008/trajectories/trial_019.npz
libero_10,9,0,False,480,132.43537690897938,0,0,True,/mnt/project_eai_hs/zrm2/eval_isolated/dreamzero_none_cb08c9e_20260726/runs/formal_libero40_none_20_cb08c9e/shards/gpu7/tasks/libero_10/task_009/trajectories/trial_000.npz
libero_10,9,1,False,480,131.07570845389273,0,0,True,/mnt/project_eai_hs/zrm2/eval_isolated/dreamzero_none_cb08c9e_20260726/runs/formal_libero40_none_20_cb08c9e/shards/gpu7/tasks/libero_10/task_009/trajectories/trial_001.npz
libero_10,9,2,False,480,132.1544514449779,0,0,True,/mnt/project_eai_hs/zrm2/eval_isolated/dreamzero_none_cb08c9e_20260726/runs/formal_libero40_none_20_cb08c9e/shards/gpu7/tasks/libero_10/task_009/trajectories/trial_002.npz
libero_10,9,3,True,257,74.11428004305344,0,0,True,/mnt/project_eai_hs/zrm2/eval_isolated/dreamzero_none_cb08c9e_20260726/runs/formal_libero40_none_20_cb08c9e/shards/gpu7/tasks/libero_10/task_009/trajectories/trial_003.npz
libero_10,9,4,False,480,127.87626398692373,0,0,True,/mnt/project_eai_hs/zrm2/eval_isolated/dreamzero_none_cb08c9e_20260726/runs/formal_libero40_none_20_cb08c9e/shards/gpu7/tasks/libero_10/task_009/trajectories/trial_004.npz
libero_10,9,5,False,480,133.81354575196747,0,0,True,/mnt/project_eai_hs/zrm2/eval_isolated/dreamzero_none_cb08c9e_20260726/runs/formal_libero40_none_20_cb08c9e/shards/gpu7/tasks/libero_10/task_009/trajectories/trial_005.npz
libero_10,9,6,False,480,135.19636409601662,0,0,True,/mnt/project_eai_hs/zrm2/eval_isolated/dreamzero_none_cb08c9e_20260726/runs/formal_libero40_none_20_cb08c9e/shards/gpu7/tasks/libero_10/task_009/trajectories/trial_006.npz
libero_10,9,7,False,480,126.44753444602247,0,0,True,/mnt/project_eai_hs/zrm2/eval_isolated/dreamzero_none_cb08c9e_20260726/runs/formal_libero40_none_20_cb08c9e/shards/gpu7/tasks/libero_10/task_009/trajectories/trial_007.npz
libero_10,9,8,True,427,109.23258376296144,0,0,True,/mnt/project_eai_hs/zrm2/eval_isolated/dreamzero_none_cb08c9e_20260726/runs/formal_libero40_none_20_cb08c9e/shards/gpu7/tasks/libero_10/task_009/trajectories/trial_008.npz
libero_10,9,9,False,480,123.64398251392413,0,0,True,/mnt/project_eai_hs/zrm2/eval_isolated/dreamzero_none_cb08c9e_20260726/runs/formal_libero40_none_20_cb08c9e/shards/gpu7/tasks/libero_10/task_009/trajectories/trial_009.npz
libero_10,9,10,False,480,122.40483397501521,0,0,True,/mnt/project_eai_hs/zrm2/eval_isolated/dreamzero_none_cb08c9e_20260726/runs/formal_libero40_none_20_cb08c9e/shards/gpu7/tasks/libero_10/task_009/trajectories/trial_010.npz
libero_10,9,11,True,291,74.7294890449848,0,0,True,/mnt/project_eai_hs/zrm2/eval_isolated/dreamzero_none_cb08c9e_20260726/runs/formal_libero40_none_20_cb08c9e/shards/gpu7/tasks/libero_10/task_009/trajectories/trial_011.npz
libero_10,9,12,True,421,106.14994524000213,0,0,True,/mnt/project_eai_hs/zrm2/eval_isolated/dreamzero_none_cb08c9e_20260726/runs/formal_libero40_none_20_cb08c9e/shards/gpu7/tasks/libero_10/task_009/trajectories/trial_012.npz
libero_10,9,13,False,480,120.12372123007663,0,0,True,/mnt/project_eai_hs/zrm2/eval_isolated/dreamzero_none_cb08c9e_20260726/runs/formal_libero40_none_20_cb08c9e/shards/gpu7/tasks/libero_10/task_009/trajectories/trial_013.npz
libero_10,9,14,True,316,80.18905037001241,0,0,True,/mnt/project_eai_hs/zrm2/eval_isolated/dreamzero_none_cb08c9e_20260726/runs/formal_libero40_none_20_cb08c9e/shards/gpu7/tasks/libero_10/task_009/trajectories/trial_014.npz
libero_10,9,15,False,480,119.37393798097037,0,0,True,/mnt/project_eai_hs/zrm2/eval_isolated/dreamzero_none_cb08c9e_20260726/runs/formal_libero40_none_20_cb08c9e/shards/gpu7/tasks/libero_10/task_009/trajectories/trial_015.npz
libero_10,9,16,True,384,95.00553562305868,0,0,True,/mnt/project_eai_hs/zrm2/eval_isolated/dreamzero_none_cb08c9e_20260726/runs/formal_libero40_none_20_cb08c9e/shards/gpu7/tasks/libero_10/task_009/trajectories/trial_016.npz
libero_10,9,17,False,480,118.9330113150645,0,0,True,/mnt/project_eai_hs/zrm2/eval_isolated/dreamzero_none_cb08c9e_20260726/runs/formal_libero40_none_20_cb08c9e/shards/gpu7/tasks/libero_10/task_009/trajectories/trial_017.npz
libero_10,9,18,False,480,115.76586245105136,0,0,True,/mnt/project_eai_hs/zrm2/eval_isolated/dreamzero_none_cb08c9e_20260726/runs/formal_libero40_none_20_cb08c9e/shards/gpu7/tasks/libero_10/task_009/trajectories/trial_018.npz
libero_10,9,19,True,337,82.40939070505556,0,0,True,/mnt/project_eai_hs/zrm2/eval_isolated/dreamzero_none_cb08c9e_20260726/runs/formal_libero40_none_20_cb08c9e/shards/gpu7/tasks/libero_10/task_009/trajectories/trial_019.npz
