config,task,max_steps,seed,success,instruction,source_kind,source_path
demo_clean,handover_block,800,10000,0,Lift the red block with your left arm.,main,/mnt/project_eai_hs/zrm2/FBFM/wam/lingbot-va/robotwin_outputs/formal_accel_12gpu_20260728_a116e48/runs/FBFM/demo_clean/handover_block/client/stseed-10000/metrics/handover_block/res.json
demo_clean,handover_block,800,10004,0,Place the red block onto the blue pad using the right arm.,main,/mnt/project_eai_hs/zrm2/FBFM/wam/lingbot-va/robotwin_outputs/formal_accel_12gpu_20260728_a116e48/runs/FBFM/demo_clean/handover_block/client/stseed-10000/metrics/handover_block/res.json
demo_clean,handover_block,800,20000,0,Use the left arm to grab the red block.,shard,/mnt/project_eai_hs/zrm2/FBFM/wam/lingbot-va/robotwin_outputs/formal_under900_shards_20260729_a116e48/runs/FBFM/demo_clean/handover_block/eval-seed-1/client/stseed-20000/metrics/handover_block/res.json
demo_clean,handover_block,800,20001,1,Use left arm to grab the block and hand it to the right.,shard,/mnt/project_eai_hs/zrm2/FBFM/wam/lingbot-va/robotwin_outputs/formal_under900_shards_20260729_a116e48/runs/FBFM/demo_clean/handover_block/eval-seed-1/client/stseed-20000/metrics/handover_block/res.json
demo_clean,handover_block,800,30000,0,"Grab the red block on the table with the left arm, switch to the right arm, and drop it on the blue pad.",shard,/mnt/project_eai_hs/zrm2/FBFM/wam/lingbot-va/robotwin_outputs/formal_under900_shards_20260729_a116e48/runs/FBFM/demo_clean/handover_block/eval-seed-2/client/stseed-30000/metrics/handover_block/res.json
demo_clean,handover_block,800,40000,0,Place the red block onto the blue pad using the right arm.,shard,/mnt/project_eai_hs/zrm2/FBFM/wam/lingbot-va/robotwin_outputs/formal_under900_shards_20260729_a116e48/runs/FBFM/demo_clean/handover_block/eval-seed-3/client/stseed-40000/metrics/handover_block/res.json
demo_clean,place_cans_plasticbox,800,10000,1,"Grab the hand-sized metallic can, insert it into the boxy light blue plasticbox, then grab the white can with 3D RADY label and repeat.",canonical,/mnt/project_eai_hs/zrm2/FBFM/wam/lingbot-va/robotwin_outputs/feedback_multinode_80cells_clean30_random50_10_a116e48/demo_clean/place_cans_plasticbox/client/stseed-10000/metrics/place_cans_plasticbox/res.json
demo_clean,place_cans_plasticbox,800,10001,1,"With both arms, transfer the gold patterned beverage can and the beverage can with red green graphics into the blue box for storing things.",canonical,/mnt/project_eai_hs/zrm2/FBFM/wam/lingbot-va/robotwin_outputs/feedback_multinode_80cells_clean30_random50_10_a116e48/demo_clean/place_cans_plasticbox/client/stseed-10000/metrics/place_cans_plasticbox/res.json
demo_clean,place_cans_plasticbox,800,10002,1,"Grip the compact metal drink can and insert it into the smooth blue plasticbox with handle, then repeat for the red can with white Coca-Cola logo.",canonical,/mnt/project_eai_hs/zrm2/FBFM/wam/lingbot-va/robotwin_outputs/feedback_multinode_80cells_clean30_random50_10_a116e48/demo_clean/place_cans_plasticbox/client/stseed-10000/metrics/place_cans_plasticbox/res.json
demo_clean,place_cans_plasticbox,800,10003,1,Drop the red soda can with green accents and the metal can with red base into the smooth blue plasticbox with handle with both arms,canonical,/mnt/project_eai_hs/zrm2/FBFM/wam/lingbot-va/robotwin_outputs/feedback_multinode_80cells_clean30_random50_10_a116e48/demo_clean/place_cans_plasticbox/client/stseed-10000/metrics/place_cans_plasticbox/res.json
demo_clean,place_cans_plasticbox,800,10004,1,"Lift the soda can with lime illustration, put it in the rectangular plasticbox with rounded edges, then handle the white can with 3D RADY label similarly.",canonical,/mnt/project_eai_hs/zrm2/FBFM/wam/lingbot-va/robotwin_outputs/feedback_multinode_80cells_clean30_random50_10_a116e48/demo_clean/place_cans_plasticbox/client/stseed-10000/metrics/place_cans_plasticbox/res.json
demo_clean,place_cans_plasticbox,800,10005,1,Move the beverage can with printed label to the plasticbox for keeping items safe and repeat with the drink can with smooth red finish.,canonical,/mnt/project_eai_hs/zrm2/FBFM/wam/lingbot-va/robotwin_outputs/feedback_multinode_80cells_clean30_random50_10_a116e48/demo_clean/place_cans_plasticbox/client/stseed-10000/metrics/place_cans_plasticbox/res.json
demo_clean,place_cans_plasticbox,800,10006,1,Place the small aluminum red drink can and the small light brown cylindrical can into the plasticbox with rounded corners and lid using both arms.,canonical,/mnt/project_eai_hs/zrm2/FBFM/wam/lingbot-va/robotwin_outputs/feedback_multinode_80cells_clean30_random50_10_a116e48/demo_clean/place_cans_plasticbox/client/stseed-10000/metrics/place_cans_plasticbox/res.json
demo_clean,place_cans_plasticbox,800,10007,1,Pick and drop the drink can with light brown shade and the red green beverage can into the durable plasticbox with side handle together,canonical,/mnt/project_eai_hs/zrm2/FBFM/wam/lingbot-va/robotwin_outputs/feedback_multinode_80cells_clean30_random50_10_a116e48/demo_clean/place_cans_plasticbox/client/stseed-10000/metrics/place_cans_plasticbox/res.json
demo_clean,place_cans_plasticbox,800,10008,1,Pick the metallic red beverage can and the Coca-Cola soda can using both arms and put them in the plasticbox for keeping items safe,canonical,/mnt/project_eai_hs/zrm2/FBFM/wam/lingbot-va/robotwin_outputs/feedback_multinode_80cells_clean30_random50_10_a116e48/demo_clean/place_cans_plasticbox/client/stseed-10000/metrics/place_cans_plasticbox/res.json
demo_clean,place_cans_plasticbox,800,10009,1,"Lift the red can with white lettering, place it in the blue box for storing things, then repeat for the small cylindrical drink container.",canonical,/mnt/project_eai_hs/zrm2/FBFM/wam/lingbot-va/robotwin_outputs/feedback_multinode_80cells_clean30_random50_10_a116e48/demo_clean/place_cans_plasticbox/client/stseed-10000/metrics/place_cans_plasticbox/res.json
demo_clean,stack_blocks_two,800,10000,1,"Bring red block to the center, then stack green block over it.",canonical,/mnt/project_eai_hs/zrm2/FBFM/wam/lingbot-va/robotwin_outputs/feedback_multinode_80cells_clean30_random50_10_a116e48/demo_clean/stack_blocks_two/client/stseed-10000/metrics/stack_blocks_two/res.json
demo_clean,stack_blocks_two,800,10001,1,"Put red block in the center, then add green block above it.",canonical,/mnt/project_eai_hs/zrm2/FBFM/wam/lingbot-va/robotwin_outputs/feedback_multinode_80cells_clean30_random50_10_a116e48/demo_clean/stack_blocks_two/client/stseed-10000/metrics/stack_blocks_two/res.json
demo_clean,stack_blocks_two,800,10002,1,"Place red block and green block in the center, then stack green block above red block.",canonical,/mnt/project_eai_hs/zrm2/FBFM/wam/lingbot-va/robotwin_outputs/feedback_multinode_80cells_clean30_random50_10_a116e48/demo_clean/stack_blocks_two/client/stseed-10000/metrics/stack_blocks_two/res.json
demo_clean,stack_blocks_two,800,10003,1,Place red block and green block at the center and then put green block on red block.,canonical,/mnt/project_eai_hs/zrm2/FBFM/wam/lingbot-va/robotwin_outputs/feedback_multinode_80cells_clean30_random50_10_a116e48/demo_clean/stack_blocks_two/client/stseed-10000/metrics/stack_blocks_two/res.json
demo_clean,stack_blocks_two,800,10004,1,Shift red block and green block to the center and stack green block on red block.,canonical,/mnt/project_eai_hs/zrm2/FBFM/wam/lingbot-va/robotwin_outputs/feedback_multinode_80cells_clean30_random50_10_a116e48/demo_clean/stack_blocks_two/client/stseed-10000/metrics/stack_blocks_two/res.json
demo_clean,stack_blocks_two,800,10005,1,"Shift red block and green block to the middle, then stack green block over red block.",canonical,/mnt/project_eai_hs/zrm2/FBFM/wam/lingbot-va/robotwin_outputs/feedback_multinode_80cells_clean30_random50_10_a116e48/demo_clean/stack_blocks_two/client/stseed-10000/metrics/stack_blocks_two/res.json
demo_clean,stack_blocks_two,800,10006,1,"Place red block in the center, then move green block there and stack green block on red block.",canonical,/mnt/project_eai_hs/zrm2/FBFM/wam/lingbot-va/robotwin_outputs/feedback_multinode_80cells_clean30_random50_10_a116e48/demo_clean/stack_blocks_two/client/stseed-10000/metrics/stack_blocks_two/res.json
demo_clean,stack_blocks_two,800,10007,1,"Set red block and green block at the table's center, then stack green block on red block.",canonical,/mnt/project_eai_hs/zrm2/FBFM/wam/lingbot-va/robotwin_outputs/feedback_multinode_80cells_clean30_random50_10_a116e48/demo_clean/stack_blocks_two/client/stseed-10000/metrics/stack_blocks_two/res.json
demo_clean,stack_blocks_two,800,10008,1,Place red block and green block at the center and then put green block on red block.,canonical,/mnt/project_eai_hs/zrm2/FBFM/wam/lingbot-va/robotwin_outputs/feedback_multinode_80cells_clean30_random50_10_a116e48/demo_clean/stack_blocks_two/client/stseed-10000/metrics/stack_blocks_two/res.json
demo_clean,stack_blocks_two,800,10009,1,"Place red block in the center, then move green block there and stack green block on red block.",canonical,/mnt/project_eai_hs/zrm2/FBFM/wam/lingbot-va/robotwin_outputs/feedback_multinode_80cells_clean30_random50_10_a116e48/demo_clean/stack_blocks_two/client/stseed-10000/metrics/stack_blocks_two/res.json
demo_clean,open_laptop,700,10000,1,Use the right arm to raise the laptop with glass screen.,canonical,/mnt/project_eai_hs/zrm2/FBFM/wam/lingbot-va/robotwin_outputs/feedback_multinode_80cells_clean30_random50_10_a116e48/demo_clean/open_laptop/client/stseed-10000/metrics/open_laptop/res.json
demo_clean,open_laptop,700,10001,1,Use the left arm to open the black plastic laptop with blue display.,canonical,/mnt/project_eai_hs/zrm2/FBFM/wam/lingbot-va/robotwin_outputs/feedback_multinode_80cells_clean30_random50_10_a116e48/demo_clean/open_laptop/client/stseed-10000/metrics/open_laptop/res.json
demo_clean,open_laptop,700,10002,1,Raise the sleek black Toshiba computing laptop using the left arm.,canonical,/mnt/project_eai_hs/zrm2/FBFM/wam/lingbot-va/robotwin_outputs/feedback_multinode_80cells_clean30_random50_10_a116e48/demo_clean/open_laptop/client/stseed-10000/metrics/open_laptop/res.json
demo_clean,open_laptop,700,10003,1,Raise the blue base black lid laptop to expose the screen,canonical,/mnt/project_eai_hs/zrm2/FBFM/wam/lingbot-va/robotwin_outputs/feedback_multinode_80cells_clean30_random50_10_a116e48/demo_clean/open_laptop/client/stseed-10000/metrics/open_laptop/res.json
demo_clean,open_laptop,700,10004,1,Fully open the the lightweight laptop.,canonical,/mnt/project_eai_hs/zrm2/FBFM/wam/lingbot-va/robotwin_outputs/feedback_multinode_80cells_clean30_random50_10_a116e48/demo_clean/open_laptop/client/stseed-10000/metrics/open_laptop/res.json
demo_clean,open_laptop,700,10006,1,Use the left arm to raise the thin portable laptop.,canonical,/mnt/project_eai_hs/zrm2/FBFM/wam/lingbot-va/robotwin_outputs/feedback_multinode_80cells_clean30_random50_10_a116e48/demo_clean/open_laptop/client/stseed-10000/metrics/open_laptop/res.json
demo_clean,open_laptop,700,10007,0,Use the left arm to lift the black and silver laptop,canonical,/mnt/project_eai_hs/zrm2/FBFM/wam/lingbot-va/robotwin_outputs/feedback_multinode_80cells_clean30_random50_10_a116e48/demo_clean/open_laptop/client/stseed-10000/metrics/open_laptop/res.json
demo_clean,open_laptop,700,10008,1,Gently lift the medium-sized laptop using the left arm,canonical,/mnt/project_eai_hs/zrm2/FBFM/wam/lingbot-va/robotwin_outputs/feedback_multinode_80cells_clean30_random50_10_a116e48/demo_clean/open_laptop/client/stseed-10000/metrics/open_laptop/res.json
demo_clean,open_laptop,700,10009,1,Use the left arm to open the black laptop.,canonical,/mnt/project_eai_hs/zrm2/FBFM/wam/lingbot-va/robotwin_outputs/feedback_multinode_80cells_clean30_random50_10_a116e48/demo_clean/open_laptop/client/stseed-10000/metrics/open_laptop/res.json
demo_clean,open_laptop,700,10010,1,Open the blue base black lid laptop completely.,canonical,/mnt/project_eai_hs/zrm2/FBFM/wam/lingbot-va/robotwin_outputs/feedback_multinode_80cells_clean30_random50_10_a116e48/demo_clean/open_laptop/client/stseed-10000/metrics/open_laptop/res.json
demo_clean,place_bread_basket,700,10000,0,Grab the medium bread with rounded sides and the small bread quickly and drop them into the synthetic material breadbasket.,canonical,/mnt/project_eai_hs/zrm2/FBFM/wam/lingbot-va/robotwin_outputs/feedback_multinode_80cells_clean30_random50_10_a116e48/demo_clean/place_bread_basket/client/stseed-10000/metrics/place_bread_basket/res.json
demo_clean,place_bread_basket,700,10001,1,Lift the square loaf of bread and set it in the smooth textured brown breadbasket.,canonical,/mnt/project_eai_hs/zrm2/FBFM/wam/lingbot-va/robotwin_outputs/feedback_multinode_80cells_clean30_random50_10_a116e48/demo_clean/place_bread_basket/client/stseed-10000/metrics/place_bread_basket/res.json
demo_clean,place_bread_basket,700,10002,0,Take the golden bread and the soft golden baked bread together and place them into the woven plastic breadbasket.,canonical,/mnt/project_eai_hs/zrm2/FBFM/wam/lingbot-va/robotwin_outputs/feedback_multinode_80cells_clean30_random50_10_a116e48/demo_clean/place_bread_basket/client/stseed-10000/metrics/place_bread_basket/res.json
demo_clean,place_bread_basket,700,10003,0,Shift the bread with warm golden color and the soft brown bread into the round breadbasket,canonical,/mnt/project_eai_hs/zrm2/FBFM/wam/lingbot-va/robotwin_outputs/feedback_multinode_80cells_clean30_random50_10_a116e48/demo_clean/place_bread_basket/client/stseed-10000/metrics/place_bread_basket/res.json
demo_clean,place_bread_basket,700,10004,1,Lift the brown loaf and transfer to the breadbasket for baking.,canonical,/mnt/project_eai_hs/zrm2/FBFM/wam/lingbot-va/robotwin_outputs/feedback_multinode_80cells_clean30_random50_10_a116e48/demo_clean/place_bread_basket/client/stseed-10000/metrics/place_bread_basket/res.json
demo_clean,place_bread_basket,700,20000,0,Move the bread with firm crust edges and the square-shaped bread to the breadbasket made of woven wood,canonical,/mnt/project_eai_hs/zrm2/FBFM/wam/lingbot-va/robotwin_outputs/feedback_multinode_80cells_clean30_random50_10_a116e48/demo_clean/place_bread_basket/client/stseed-10000/metrics/place_bread_basket/res.json
demo_clean,place_bread_basket,700,20001,1,Grab the golden bread loaf with soft inside with one hand and set it in the oval-shaped breadbasket.,canonical,/mnt/project_eai_hs/zrm2/FBFM/wam/lingbot-va/robotwin_outputs/feedback_multinode_80cells_clean30_random50_10_a116e48/demo_clean/place_bread_basket/client/stseed-10000/metrics/place_bread_basket/res.json
demo_clean,place_bread_basket,700,20002,1,"Grab both the small golden brown bread and the brown bread loaf, drop into the medium plastic breadbasket oval shape.",canonical,/mnt/project_eai_hs/zrm2/FBFM/wam/lingbot-va/robotwin_outputs/feedback_multinode_80cells_clean30_random50_10_a116e48/demo_clean/place_bread_basket/client/stseed-10000/metrics/place_bread_basket/res.json
demo_clean,place_bread_basket,700,30000,0,"Pick the soft brown bread and the round bread with braided top, place them in the basket for carrying bread beige.",canonical,/mnt/project_eai_hs/zrm2/FBFM/wam/lingbot-va/robotwin_outputs/feedback_multinode_80cells_clean30_random50_10_a116e48/demo_clean/place_bread_basket/client/stseed-10000/metrics/place_bread_basket/res.json
demo_clean,place_bread_basket,700,30001,1,Shift the light brown bread with ridges and the bread with firm crust edges into the beige breadbasket,canonical,/mnt/project_eai_hs/zrm2/FBFM/wam/lingbot-va/robotwin_outputs/feedback_multinode_80cells_clean30_random50_10_a116e48/demo_clean/place_bread_basket/client/stseed-10000/metrics/place_bread_basket/res.json
demo_clean,place_can_basket,700,10001,1,"Pick the smooth red can, set it in the basket with arched black grip, then lift the basket with arched black grip.",canonical,/mnt/project_eai_hs/zrm2/FBFM/wam/lingbot-va/robotwin_outputs/feedback_multinode_80cells_clean30_random50_10_a116e48/demo_clean/place_can_basket/client/stseed-10000/metrics/place_can_basket/res.json
demo_clean,place_can_basket,700,10002,1,"Use the right arm for the red shiny can with green label, place the red shiny can with green label in the yellow basket, and lift the yellow basket.",canonical,/mnt/project_eai_hs/zrm2/FBFM/wam/lingbot-va/robotwin_outputs/feedback_multinode_80cells_clean30_random50_10_a116e48/demo_clean/place_can_basket/client/stseed-10000/metrics/place_can_basket/res.json
demo_clean,place_can_basket,700,10003,1,"Lift the red-orange text on white can, put it in the light brown oval basket, and carry the light brown oval basket afterward.",canonical,/mnt/project_eai_hs/zrm2/FBFM/wam/lingbot-va/robotwin_outputs/feedback_multinode_80cells_clean30_random50_10_a116e48/demo_clean/place_can_basket/client/stseed-10000/metrics/place_can_basket/res.json
demo_clean,place_can_basket,700,10004,1,"Pick the smooth red soda can with the right arm, drop it in the basket with arched black grip, lift the basket with arched black grip with another arm.",canonical,/mnt/project_eai_hs/zrm2/FBFM/wam/lingbot-va/robotwin_outputs/feedback_multinode_80cells_clean30_random50_10_a116e48/demo_clean/place_can_basket/client/stseed-10000/metrics/place_can_basket/res.json
demo_clean,place_can_basket,700,10005,1,Place the drink can with smooth red finish in the bright yellow basket and then use another arm to lift the bright yellow basket.,canonical,/mnt/project_eai_hs/zrm2/FBFM/wam/lingbot-va/robotwin_outputs/feedback_multinode_80cells_clean30_random50_10_a116e48/demo_clean/place_can_basket/client/stseed-10000/metrics/place_can_basket/res.json
demo_clean,place_can_basket,700,10006,1,"Pick up the Coca-Cola can, place it into the basket with perforated sides, then lift the basket with perforated sides.",canonical,/mnt/project_eai_hs/zrm2/FBFM/wam/lingbot-va/robotwin_outputs/feedback_multinode_80cells_clean30_random50_10_a116e48/demo_clean/place_can_basket/client/stseed-10000/metrics/place_can_basket/res.json
demo_clean,place_can_basket,700,10008,1,"Grab the red soda can with green accents with the left arm, put it into the light brown oval basket, and lift the light brown oval basket with the other arm.",canonical,/mnt/project_eai_hs/zrm2/FBFM/wam/lingbot-va/robotwin_outputs/feedback_multinode_80cells_clean30_random50_10_a116e48/demo_clean/place_can_basket/client/stseed-10000/metrics/place_can_basket/res.json
demo_clean,place_can_basket,700,10010,1,"Take the smooth red can, set it into the oval-shaped basket with woven body, and raise the oval-shaped basket with woven body.",canonical,/mnt/project_eai_hs/zrm2/FBFM/wam/lingbot-va/robotwin_outputs/feedback_multinode_80cells_clean30_random50_10_a116e48/demo_clean/place_can_basket/client/stseed-10000/metrics/place_can_basket/res.json
demo_clean,place_can_basket,700,10011,1,"Grab the smooth red soda can using the right arm, drop the smooth red soda can into the basket for holding items and lift the basket for holding items.",canonical,/mnt/project_eai_hs/zrm2/FBFM/wam/lingbot-va/robotwin_outputs/feedback_multinode_80cells_clean30_random50_10_a116e48/demo_clean/place_can_basket/client/stseed-10000/metrics/place_can_basket/res.json
demo_clean,place_can_basket,700,10012,1,"Grab the smooth red can, drop it into the yellow basket, then use another arm for the yellow basket.",canonical,/mnt/project_eai_hs/zrm2/FBFM/wam/lingbot-va/robotwin_outputs/feedback_multinode_80cells_clean30_random50_10_a116e48/demo_clean/place_can_basket/client/stseed-10000/metrics/place_can_basket/res.json
demo_clean,place_object_basket,700,10000,1,"Move the tiny green toycar to the light brown oval basket, then shift the light brown oval basket.",canonical,/mnt/project_eai_hs/zrm2/FBFM/wam/lingbot-va/robotwin_outputs/feedback_multinode_80cells_clean30_random50_10_a116e48/demo_clean/place_object_basket/client/stseed-10000/metrics/place_object_basket/res.json
demo_clean,place_object_basket,700,10001,0,"Use one arm to grab the blue toycar, place it in the basket with arched black grip, then move the basket with arched black grip.",canonical,/mnt/project_eai_hs/zrm2/FBFM/wam/lingbot-va/robotwin_outputs/feedback_multinode_80cells_clean30_random50_10_a116e48/demo_clean/place_object_basket/client/stseed-10000/metrics/place_object_basket/res.json
demo_clean,place_object_basket,700,10002,1,"Lift the toycar with purple tinted windows using the right arm, drop it in the yellow basket, then push the yellow basket via the left arm.",canonical,/mnt/project_eai_hs/zrm2/FBFM/wam/lingbot-va/robotwin_outputs/feedback_multinode_80cells_clean30_random50_10_a116e48/demo_clean/place_object_basket/client/stseed-10000/metrics/place_object_basket/res.json
demo_clean,place_object_basket,700,10003,0,"Put the blue pack holding playingcards in the light brown oval basket, then move the light brown oval basket away slightly.",canonical,/mnt/project_eai_hs/zrm2/FBFM/wam/lingbot-va/robotwin_outputs/feedback_multinode_80cells_clean30_random50_10_a116e48/demo_clean/place_object_basket/client/stseed-10000/metrics/place_object_basket/res.json
demo_clean,place_object_basket,700,10004,1,Place the small green toycar into the basket with arched black grip and push the basket with arched black grip slightly away.,canonical,/mnt/project_eai_hs/zrm2/FBFM/wam/lingbot-va/robotwin_outputs/feedback_multinode_80cells_clean30_random50_10_a116e48/demo_clean/place_object_basket/client/stseed-10000/metrics/place_object_basket/res.json
demo_clean,place_object_basket,700,10005,1,"Grab the glossy rectangular playingcards box, set it into the bright yellow basket.",canonical,/mnt/project_eai_hs/zrm2/FBFM/wam/lingbot-va/robotwin_outputs/feedback_multinode_80cells_clean30_random50_10_a116e48/demo_clean/place_object_basket/client/stseed-10000/metrics/place_object_basket/res.json
demo_clean,place_object_basket,700,10006,1,Pick up the mini car toy and set it inside the basket with perforated sides.,canonical,/mnt/project_eai_hs/zrm2/FBFM/wam/lingbot-va/robotwin_outputs/feedback_multinode_80cells_clean30_random50_10_a116e48/demo_clean/place_object_basket/client/stseed-10000/metrics/place_object_basket/res.json
demo_clean,place_object_basket,700,10008,1,"Use the left arm to grab the toycar with smooth texture, place it in the light brown oval basket, and move the light brown oval basket using the right arm.",canonical,/mnt/project_eai_hs/zrm2/FBFM/wam/lingbot-va/robotwin_outputs/feedback_multinode_80cells_clean30_random50_10_a116e48/demo_clean/place_object_basket/client/stseed-10000/metrics/place_object_basket/res.json
demo_clean,place_object_basket,700,20002,1,Pick up the compact red playingcards pack and set it inside the brown basket with woven ridges.,canonical,/mnt/project_eai_hs/zrm2/FBFM/wam/lingbot-va/robotwin_outputs/feedback_multinode_80cells_clean30_random50_10_a116e48/demo_clean/place_object_basket/client/stseed-10000/metrics/place_object_basket/res.json
demo_clean,place_object_basket,700,20004,1,Put the glossy rectangular playingcards box in the yellow basket for carrying stuff and pull the yellow basket for carrying stuff away.,canonical,/mnt/project_eai_hs/zrm2/FBFM/wam/lingbot-va/robotwin_outputs/feedback_multinode_80cells_clean30_random50_10_a116e48/demo_clean/place_object_basket/client/stseed-10000/metrics/place_object_basket/res.json
demo_clean,put_object_cabinet,700,10003,1,Pull open the rectangular cabinet's drawer and place the compact red playingcards pack inside.,canonical,/mnt/project_eai_hs/zrm2/FBFM/wam/lingbot-va/robotwin_outputs/feedback_multinode_80cells_clean30_random50_10_a116e48/demo_clean/put_object_cabinet/client/stseed-10000/metrics/put_object_cabinet/res.json
demo_clean,put_object_cabinet,700,10010,0,Put the dark soap bar into the cabinet with metal reinforcements's drawer once it is opened.,canonical,/mnt/project_eai_hs/zrm2/FBFM/wam/lingbot-va/robotwin_outputs/feedback_multinode_80cells_clean30_random50_10_a116e48/demo_clean/put_object_cabinet/client/stseed-10000/metrics/put_object_cabinet/res.json
demo_clean,put_object_cabinet,700,10012,1,Pull the wooden cabinet's drawer open and transfer the blue stapler into it.,canonical,/mnt/project_eai_hs/zrm2/FBFM/wam/lingbot-va/robotwin_outputs/feedback_multinode_80cells_clean30_random50_10_a116e48/demo_clean/put_object_cabinet/client/stseed-10000/metrics/put_object_cabinet/res.json
demo_clean,put_object_cabinet,700,10019,0,Pull the cabinet with angled sides's drawer open and transfer the computer mouse into it.,canonical,/mnt/project_eai_hs/zrm2/FBFM/wam/lingbot-va/robotwin_outputs/feedback_multinode_80cells_clean30_random50_10_a116e48/demo_clean/put_object_cabinet/client/stseed-10000/metrics/put_object_cabinet/res.json
demo_clean,put_object_cabinet,700,10030,1,Slide out the drawer of the cabinet with metal reinforcements and stick the box of playingcards inside.,canonical,/mnt/project_eai_hs/zrm2/FBFM/wam/lingbot-va/robotwin_outputs/feedback_multinode_80cells_clean30_random50_10_a116e48/demo_clean/put_object_cabinet/client/stseed-10000/metrics/put_object_cabinet/res.json
demo_clean,put_object_cabinet,700,20000,1,Open the drawer of the cabinet with angled sides and move the rubikscube plastic and smooth into the drawer.,canonical,/mnt/project_eai_hs/zrm2/FBFM/wam/lingbot-va/robotwin_outputs/feedback_multinode_80cells_clean30_random50_10_a116e48/demo_clean/put_object_cabinet/client/stseed-10000/metrics/put_object_cabinet/res.json
demo_clean,put_object_cabinet,700,20025,0,Open the drawer of the light wood top cabinet and move the stapler with silver staple tray into it.,canonical,/mnt/project_eai_hs/zrm2/FBFM/wam/lingbot-va/robotwin_outputs/feedback_multinode_80cells_clean30_random50_10_a116e48/demo_clean/put_object_cabinet/client/stseed-10000/metrics/put_object_cabinet/res.json
demo_clean,put_object_cabinet,700,20036,1,Open the drawer of the light wood top cabinet and move the multicolored puzzle cube into it.,canonical,/mnt/project_eai_hs/zrm2/FBFM/wam/lingbot-va/robotwin_outputs/feedback_multinode_80cells_clean30_random50_10_a116e48/demo_clean/put_object_cabinet/client/stseed-10000/metrics/put_object_cabinet/res.json
demo_clean,put_object_cabinet,700,30010,1,Pull open the light wood cabinet's drawer and place the solid blue cleansing soap inside.,canonical,/mnt/project_eai_hs/zrm2/FBFM/wam/lingbot-va/robotwin_outputs/feedback_multinode_80cells_clean30_random50_10_a116e48/demo_clean/put_object_cabinet/client/stseed-10000/metrics/put_object_cabinet/res.json
demo_clean,put_object_cabinet,700,30023,0,Pull open the light wood cabinet's drawer and place the stapler with orange button inside.,canonical,/mnt/project_eai_hs/zrm2/FBFM/wam/lingbot-va/robotwin_outputs/feedback_multinode_80cells_clean30_random50_10_a116e48/demo_clean/put_object_cabinet/client/stseed-10000/metrics/put_object_cabinet/res.json
demo_clean,shake_bottle,700,10000,1,Shake the hand-sized bottle with screw cap after grabbing it.,canonical,/mnt/project_eai_hs/zrm2/FBFM/wam/lingbot-va/robotwin_outputs/feedback_multinode_80cells_clean30_random50_10_a116e48/demo_clean/shake_bottle/client/stseed-10000/metrics/shake_bottle/res.json
demo_clean,shake_bottle,700,10001,1,Pick the cylindrical orange bottle with yellow top up using the left arm and shake it.,canonical,/mnt/project_eai_hs/zrm2/FBFM/wam/lingbot-va/robotwin_outputs/feedback_multinode_80cells_clean30_random50_10_a116e48/demo_clean/shake_bottle/client/stseed-10000/metrics/shake_bottle/res.json
demo_clean,shake_bottle,700,10002,1,Grip the smooth bottle with red lid using the left arm and shake.,canonical,/mnt/project_eai_hs/zrm2/FBFM/wam/lingbot-va/robotwin_outputs/feedback_multinode_80cells_clean30_random50_10_a116e48/demo_clean/shake_bottle/client/stseed-10000/metrics/shake_bottle/res.json
demo_clean,shake_bottle,700,10003,1,Hold and shake the the medium orange bottle carefully.,canonical,/mnt/project_eai_hs/zrm2/FBFM/wam/lingbot-va/robotwin_outputs/feedback_multinode_80cells_clean30_random50_10_a116e48/demo_clean/shake_bottle/client/stseed-10000/metrics/shake_bottle/res.json
demo_clean,shake_bottle,700,10004,1,Grab the plastic bottle and give it a shake.,canonical,/mnt/project_eai_hs/zrm2/FBFM/wam/lingbot-va/robotwin_outputs/feedback_multinode_80cells_clean30_random50_10_a116e48/demo_clean/shake_bottle/client/stseed-10000/metrics/shake_bottle/res.json
demo_clean,shake_bottle,700,10005,1,Shake the light and medium-sized bottle after grabbing it.,canonical,/mnt/project_eai_hs/zrm2/FBFM/wam/lingbot-va/robotwin_outputs/feedback_multinode_80cells_clean30_random50_10_a116e48/demo_clean/shake_bottle/client/stseed-10000/metrics/shake_bottle/res.json
demo_clean,shake_bottle,700,10006,1,Pick the medium-sized plastic bottle up with the left arm and shake.,canonical,/mnt/project_eai_hs/zrm2/FBFM/wam/lingbot-va/robotwin_outputs/feedback_multinode_80cells_clean30_random50_10_a116e48/demo_clean/shake_bottle/client/stseed-10000/metrics/shake_bottle/res.json
demo_clean,shake_bottle,700,10007,1,"Pick the bottle with printed label, shake it with the left arm.",canonical,/mnt/project_eai_hs/zrm2/FBFM/wam/lingbot-va/robotwin_outputs/feedback_multinode_80cells_clean30_random50_10_a116e48/demo_clean/shake_bottle/client/stseed-10000/metrics/shake_bottle/res.json
demo_clean,shake_bottle,700,10008,1,Lift the smooth green bottle with the left arm and shake it.,canonical,/mnt/project_eai_hs/zrm2/FBFM/wam/lingbot-va/robotwin_outputs/feedback_multinode_80cells_clean30_random50_10_a116e48/demo_clean/shake_bottle/client/stseed-10000/metrics/shake_bottle/res.json
demo_clean,shake_bottle,700,10009,1,Hold the plastic bottle with the right arm and shake lightly.,canonical,/mnt/project_eai_hs/zrm2/FBFM/wam/lingbot-va/robotwin_outputs/feedback_multinode_80cells_clean30_random50_10_a116e48/demo_clean/shake_bottle/client/stseed-10000/metrics/shake_bottle/res.json
demo_clean,shake_bottle_horizontally,700,10000,1,Grab the hand-sized bottle with screw cap with the right arm and shake horizontally.,canonical,/mnt/project_eai_hs/zrm2/FBFM/wam/lingbot-va/robotwin_outputs/feedback_multinode_80cells_clean30_random50_10_a116e48/demo_clean/shake_bottle_horizontally/client/stseed-10000/metrics/shake_bottle_horizontally/res.json
demo_clean,shake_bottle_horizontally,700,10001,1,Use the left arm to hold the cylindrical orange bottle with yellow top and shake it sideways.,canonical,/mnt/project_eai_hs/zrm2/FBFM/wam/lingbot-va/robotwin_outputs/feedback_multinode_80cells_clean30_random50_10_a116e48/demo_clean/shake_bottle_horizontally/client/stseed-10000/metrics/shake_bottle_horizontally/res.json
demo_clean,shake_bottle_horizontally,700,10002,1,Grab the smooth bottle with red lid and move it side-to-side repeatedly.,canonical,/mnt/project_eai_hs/zrm2/FBFM/wam/lingbot-va/robotwin_outputs/feedback_multinode_80cells_clean30_random50_10_a116e48/demo_clean/shake_bottle_horizontally/client/stseed-10000/metrics/shake_bottle_horizontally/res.json
demo_clean,shake_bottle_horizontally,700,10003,1,Use the left arm to hold the medium orange bottle firmly and shake horizontally.,canonical,/mnt/project_eai_hs/zrm2/FBFM/wam/lingbot-va/robotwin_outputs/feedback_multinode_80cells_clean30_random50_10_a116e48/demo_clean/shake_bottle_horizontally/client/stseed-10000/metrics/shake_bottle_horizontally/res.json
demo_clean,shake_bottle_horizontally,700,10004,1,Lift the plastic bottle and shake it horizontally.,canonical,/mnt/project_eai_hs/zrm2/FBFM/wam/lingbot-va/robotwin_outputs/feedback_multinode_80cells_clean30_random50_10_a116e48/demo_clean/shake_bottle_horizontally/client/stseed-10000/metrics/shake_bottle_horizontally/res.json
demo_clean,shake_bottle_horizontally,700,10005,1,Pick up the light and medium-sized bottle using the left arm and shake sideways.,canonical,/mnt/project_eai_hs/zrm2/FBFM/wam/lingbot-va/robotwin_outputs/feedback_multinode_80cells_clean30_random50_10_a116e48/demo_clean/shake_bottle_horizontally/client/stseed-10000/metrics/shake_bottle_horizontally/res.json
demo_clean,shake_bottle_horizontally,700,10006,1,Take the medium-sized plastic bottle in the left arm and shake it back and forth.,canonical,/mnt/project_eai_hs/zrm2/FBFM/wam/lingbot-va/robotwin_outputs/feedback_multinode_80cells_clean30_random50_10_a116e48/demo_clean/shake_bottle_horizontally/client/stseed-10000/metrics/shake_bottle_horizontally/res.json
demo_clean,shake_bottle_horizontally,700,10007,1,Simply shake the bottle with printed label horizontally without the left arm details.,canonical,/mnt/project_eai_hs/zrm2/FBFM/wam/lingbot-va/robotwin_outputs/feedback_multinode_80cells_clean30_random50_10_a116e48/demo_clean/shake_bottle_horizontally/client/stseed-10000/metrics/shake_bottle_horizontally/res.json
demo_clean,shake_bottle_horizontally,700,10008,1,Pick up the smooth green bottle and shake it horizontally.,canonical,/mnt/project_eai_hs/zrm2/FBFM/wam/lingbot-va/robotwin_outputs/feedback_multinode_80cells_clean30_random50_10_a116e48/demo_clean/shake_bottle_horizontally/client/stseed-10000/metrics/shake_bottle_horizontally/res.json
demo_clean,shake_bottle_horizontally,700,10009,1,"Grab the plastic bottle, shake it horizontally, then release.",canonical,/mnt/project_eai_hs/zrm2/FBFM/wam/lingbot-va/robotwin_outputs/feedback_multinode_80cells_clean30_random50_10_a116e48/demo_clean/shake_bottle_horizontally/client/stseed-10000/metrics/shake_bottle_horizontally/res.json
demo_clean,dump_bin_bigbin,600,10000,1,Grab the cylindrical tabletrashbin and pour it out.,canonical,/mnt/project_eai_hs/zrm2/FBFM/wam/lingbot-va/robotwin_outputs/feedback_multinode_80cells_clean30_random50_10_a116e48/demo_clean/dump_bin_bigbin/client/stseed-10000/metrics/dump_bin_bigbin/res.json
demo_clean,dump_bin_bigbin,600,10003,1,Hold the white round tabletrashbin and pour all balls into bin,canonical,/mnt/project_eai_hs/zrm2/FBFM/wam/lingbot-va/robotwin_outputs/feedback_multinode_80cells_clean30_random50_10_a116e48/demo_clean/dump_bin_bigbin/client/stseed-10000/metrics/dump_bin_bigbin/res.json
demo_clean,dump_bin_bigbin,600,10004,1,Take the small white trashbin and pour the balls out.,canonical,/mnt/project_eai_hs/zrm2/FBFM/wam/lingbot-va/robotwin_outputs/feedback_multinode_80cells_clean30_random50_10_a116e48/demo_clean/dump_bin_bigbin/client/stseed-10000/metrics/dump_bin_bigbin/res.json
demo_clean,dump_bin_bigbin,600,10005,1,Lift the mini white trashbin for desk and pour balls into the bin.,canonical,/mnt/project_eai_hs/zrm2/FBFM/wam/lingbot-va/robotwin_outputs/feedback_multinode_80cells_clean30_random50_10_a116e48/demo_clean/dump_bin_bigbin/client/stseed-10000/metrics/dump_bin_bigbin/res.json
demo_clean,dump_bin_bigbin,600,10007,1,"Pick the simple tabletop trashbin up, pour all balls inside bin",canonical,/mnt/project_eai_hs/zrm2/FBFM/wam/lingbot-va/robotwin_outputs/feedback_multinode_80cells_clean30_random50_10_a116e48/demo_clean/dump_bin_bigbin/client/stseed-10000/metrics/dump_bin_bigbin/res.json
demo_clean,dump_bin_bigbin,600,10008,1,"Use arm to pick the compact tabletop trashbin, pour in bin",canonical,/mnt/project_eai_hs/zrm2/FBFM/wam/lingbot-va/robotwin_outputs/feedback_multinode_80cells_clean30_random50_10_a116e48/demo_clean/dump_bin_bigbin/client/stseed-10000/metrics/dump_bin_bigbin/res.json
demo_clean,dump_bin_bigbin,600,10009,1,Lift the gray tabletrashbin and pour its contents into bin.,canonical,/mnt/project_eai_hs/zrm2/FBFM/wam/lingbot-va/robotwin_outputs/feedback_multinode_80cells_clean30_random50_10_a116e48/demo_clean/dump_bin_bigbin/client/stseed-10000/metrics/dump_bin_bigbin/res.json
demo_clean,dump_bin_bigbin,600,10010,1,"Move the arm, take the small light gray waste bin, and pour.",canonical,/mnt/project_eai_hs/zrm2/FBFM/wam/lingbot-va/robotwin_outputs/feedback_multinode_80cells_clean30_random50_10_a116e48/demo_clean/dump_bin_bigbin/client/stseed-10000/metrics/dump_bin_bigbin/res.json
demo_clean,dump_bin_bigbin,600,10014,1,Lift the tabletrashbin and pour balls into the bin.,canonical,/mnt/project_eai_hs/zrm2/FBFM/wam/lingbot-va/robotwin_outputs/feedback_multinode_80cells_clean30_random50_10_a116e48/demo_clean/dump_bin_bigbin/client/stseed-10000/metrics/dump_bin_bigbin/res.json
demo_clean,dump_bin_bigbin,600,10015,1,Use the arm to move the cylindrical tabletrashbin with flared rim and pour.,canonical,/mnt/project_eai_hs/zrm2/FBFM/wam/lingbot-va/robotwin_outputs/feedback_multinode_80cells_clean30_random50_10_a116e48/demo_clean/dump_bin_bigbin/client/stseed-10000/metrics/dump_bin_bigbin/res.json
demo_clean,handover_mic,600,10000,1,Lift the compact teal and white microphone and deliver it to the other side.,canonical,/mnt/project_eai_hs/zrm2/FBFM/wam/lingbot-va/robotwin_outputs/feedback_multinode_80cells_clean30_random50_10_a116e48/demo_clean/handover_mic/client/stseed-10000/metrics/handover_mic/res.json
demo_clean,handover_mic,600,10001,1,"Grasp the microphone with black tip and white body, then give it to the other arm.",canonical,/mnt/project_eai_hs/zrm2/FBFM/wam/lingbot-va/robotwin_outputs/feedback_multinode_80cells_clean30_random50_10_a116e48/demo_clean/handover_mic/client/stseed-10000/metrics/handover_mic/res.json
demo_clean,handover_mic,600,10002,1,"Take the microphone with rounded mesh head, pass it, and release it to complete the task.",canonical,/mnt/project_eai_hs/zrm2/FBFM/wam/lingbot-va/robotwin_outputs/feedback_multinode_80cells_clean30_random50_10_a116e48/demo_clean/handover_mic/client/stseed-10000/metrics/handover_mic/res.json
demo_clean,handover_mic,600,10003,1,Reach for the gray and dark blue microphone and move it to the other hand.,canonical,/mnt/project_eai_hs/zrm2/FBFM/wam/lingbot-va/robotwin_outputs/feedback_multinode_80cells_clean30_random50_10_a116e48/demo_clean/handover_mic/client/stseed-10000/metrics/handover_mic/res.json
demo_clean,handover_mic,600,10004,1,Hold the metal head microphone and pass it to the other hand.,canonical,/mnt/project_eai_hs/zrm2/FBFM/wam/lingbot-va/robotwin_outputs/feedback_multinode_80cells_clean30_random50_10_a116e48/demo_clean/handover_mic/client/stseed-10000/metrics/handover_mic/res.json
demo_clean,handover_mic,600,10006,1,Use one hand to grab the compact size microphone and pass it.,canonical,/mnt/project_eai_hs/zrm2/FBFM/wam/lingbot-va/robotwin_outputs/feedback_multinode_80cells_clean30_random50_10_a116e48/demo_clean/handover_mic/client/stseed-10000/metrics/handover_mic/res.json
demo_clean,handover_mic,600,10008,1,Lift the compact size microphone using the right arm and pass it to the left arm.,canonical,/mnt/project_eai_hs/zrm2/FBFM/wam/lingbot-va/robotwin_outputs/feedback_multinode_80cells_clean30_random50_10_a116e48/demo_clean/handover_mic/client/stseed-10000/metrics/handover_mic/res.json
demo_clean,handover_mic,600,10011,1,Grab the microphone for voice recording and give it to the opposite arm.,canonical,/mnt/project_eai_hs/zrm2/FBFM/wam/lingbot-va/robotwin_outputs/feedback_multinode_80cells_clean30_random50_10_a116e48/demo_clean/handover_mic/client/stseed-10000/metrics/handover_mic/res.json
demo_clean,handover_mic,600,10012,1,Lift the smooth plastic microphone handle and pass it across.,canonical,/mnt/project_eai_hs/zrm2/FBFM/wam/lingbot-va/robotwin_outputs/feedback_multinode_80cells_clean30_random50_10_a116e48/demo_clean/handover_mic/client/stseed-10000/metrics/handover_mic/res.json
demo_clean,handover_mic,600,10013,1,Pick the rounded white tip microphone and transfer it to the other arm.,canonical,/mnt/project_eai_hs/zrm2/FBFM/wam/lingbot-va/robotwin_outputs/feedback_multinode_80cells_clean30_random50_10_a116e48/demo_clean/handover_mic/client/stseed-10000/metrics/handover_mic/res.json
demo_clean,place_dual_shoes,600,10001,0,"Collect two the white shoe, tips facing left, and put in the orange Nike shoe-box with logo.",canonical,/mnt/project_eai_hs/zrm2/FBFM/wam/lingbot-va/robotwin_outputs/feedback_multinode_80cells_clean30_random50_10_a116e48/demo_clean/place_dual_shoes/client/stseed-10000/metrics/place_dual_shoes/res.json
demo_clean,place_dual_shoes,600,10003,0,"Lay down two the red shoe with white sole in the orange cardboard shoe-box, tips oriented left.",canonical,/mnt/project_eai_hs/zrm2/FBFM/wam/lingbot-va/robotwin_outputs/feedback_multinode_80cells_clean30_random50_10_a116e48/demo_clean/place_dual_shoes/client/stseed-10000/metrics/place_dual_shoes/res.json
demo_clean,place_dual_shoes,600,10006,0,"Pick up two the lace-up sneaker, tips left, and set them in the Nike-branded orange shoe-box.",canonical,/mnt/project_eai_hs/zrm2/FBFM/wam/lingbot-va/robotwin_outputs/feedback_multinode_80cells_clean30_random50_10_a116e48/demo_clean/place_dual_shoes/client/stseed-10000/metrics/place_dual_shoes/res.json
demo_clean,place_dual_shoes,600,10007,0,"Lift two the medium shoe with synthetic material, position them in the smooth orange box for shoes, tips to the left.",canonical,/mnt/project_eai_hs/zrm2/FBFM/wam/lingbot-va/robotwin_outputs/feedback_multinode_80cells_clean30_random50_10_a116e48/demo_clean/place_dual_shoes/client/stseed-10000/metrics/place_dual_shoes/res.json
demo_clean,place_dual_shoes,600,10008,0,"Grab both the shoe with textured brown sole and put them into the orange cardboard shoe-box, tips left.",canonical,/mnt/project_eai_hs/zrm2/FBFM/wam/lingbot-va/robotwin_outputs/feedback_multinode_80cells_clean30_random50_10_a116e48/demo_clean/place_dual_shoes/client/stseed-10000/metrics/place_dual_shoes/res.json
demo_clean,place_dual_shoes,600,10009,1,"Grab two the shoe with red green white pattern, tips left, place them carefully in the smooth orange box for shoes.",canonical,/mnt/project_eai_hs/zrm2/FBFM/wam/lingbot-va/robotwin_outputs/feedback_multinode_80cells_clean30_random50_10_a116e48/demo_clean/place_dual_shoes/client/stseed-10000/metrics/place_dual_shoes/res.json
demo_clean,place_dual_shoes,600,10010,0,"Retrieve two the sports shoe, orienting tips left, and place in the medium orange box with smooth surface.",canonical,/mnt/project_eai_hs/zrm2/FBFM/wam/lingbot-va/robotwin_outputs/feedback_multinode_80cells_clean30_random50_10_a116e48/demo_clean/place_dual_shoes/client/stseed-10000/metrics/place_dual_shoes/res.json
demo_clean,place_dual_shoes,600,10011,0,"Use hands to grab two the medium white shoe, tips left, drop into the smooth orange box for shoes.",canonical,/mnt/project_eai_hs/zrm2/FBFM/wam/lingbot-va/robotwin_outputs/feedback_multinode_80cells_clean30_random50_10_a116e48/demo_clean/place_dual_shoes/client/stseed-10000/metrics/place_dual_shoes/res.json
demo_clean,place_dual_shoes,600,10014,0,"Grab two the black shoe with white accents, tip left, place them in the smooth bright orange box.",canonical,/mnt/project_eai_hs/zrm2/FBFM/wam/lingbot-va/robotwin_outputs/feedback_multinode_80cells_clean30_random50_10_a116e48/demo_clean/place_dual_shoes/client/stseed-10000/metrics/place_dual_shoes/res.json
demo_clean,place_dual_shoes,600,10015,0,"Move two the sports shoe white and black, tip ends left, and set them in the smooth bright orange box.",canonical,/mnt/project_eai_hs/zrm2/FBFM/wam/lingbot-va/robotwin_outputs/feedback_multinode_80cells_clean30_random50_10_a116e48/demo_clean/place_dual_shoes/client/stseed-10000/metrics/place_dual_shoes/res.json
demo_clean,place_bread_skillet,500,10002,1,Move the brown loaf to the skillet with black cooking surface using the left arm,canonical,/mnt/project_eai_hs/zrm2/FBFM/wam/lingbot-va/robotwin_outputs/feedback_multinode_80cells_clean30_random50_10_a116e48/demo_clean/place_bread_skillet/client/stseed-10000/metrics/place_bread_skillet/res.json
demo_clean,place_bread_skillet,500,10005,1,Use the left arm to grab the golden bread loaf for the flat-bottomed skillet with long handle,canonical,/mnt/project_eai_hs/zrm2/FBFM/wam/lingbot-va/robotwin_outputs/feedback_multinode_80cells_clean30_random50_10_a116e48/demo_clean/place_bread_skillet/client/stseed-10000/metrics/place_bread_skillet/res.json
demo_clean,place_bread_skillet,500,10006,1,Use the left arm to pick the bread with rounded edges up for the round cooking pan,canonical,/mnt/project_eai_hs/zrm2/FBFM/wam/lingbot-va/robotwin_outputs/feedback_multinode_80cells_clean30_random50_10_a116e48/demo_clean/place_bread_skillet/client/stseed-10000/metrics/place_bread_skillet/res.json
demo_clean,place_bread_skillet,500,10007,0,Grab the small golden brown bread and drop it into the versatile skillet for stovetop cooking,canonical,/mnt/project_eai_hs/zrm2/FBFM/wam/lingbot-va/robotwin_outputs/feedback_multinode_80cells_clean30_random50_10_a116e48/demo_clean/place_bread_skillet/client/stseed-10000/metrics/place_bread_skillet/res.json
demo_clean,place_bread_skillet,500,10009,1,Take the bread with rounded corners with the right arm and drop into the black-surfaced skillet with gray sides,canonical,/mnt/project_eai_hs/zrm2/FBFM/wam/lingbot-va/robotwin_outputs/feedback_multinode_80cells_clean30_random50_10_a116e48/demo_clean/place_bread_skillet/client/stseed-10000/metrics/place_bread_skillet/res.json
demo_clean,place_bread_skillet,500,10011,0,Take the doughy and soft bread and set it into the black pan with curved edges,canonical,/mnt/project_eai_hs/zrm2/FBFM/wam/lingbot-va/robotwin_outputs/feedback_multinode_80cells_clean30_random50_10_a116e48/demo_clean/place_bread_skillet/client/stseed-10000/metrics/place_bread_skillet/res.json
demo_clean,place_bread_skillet,500,10013,1,Grab the doughy and soft bread and place it inside the flat-bottom skillet,canonical,/mnt/project_eai_hs/zrm2/FBFM/wam/lingbot-va/robotwin_outputs/feedback_multinode_80cells_clean30_random50_10_a116e48/demo_clean/place_bread_skillet/client/stseed-10000/metrics/place_bread_skillet/res.json
demo_clean,place_bread_skillet,500,10015,1,Lift the fluffy baked bread using the right arm and move it to the gray skillet for stovetop cooking,canonical,/mnt/project_eai_hs/zrm2/FBFM/wam/lingbot-va/robotwin_outputs/feedback_multinode_80cells_clean30_random50_10_a116e48/demo_clean/place_bread_skillet/client/stseed-10000/metrics/place_bread_skillet/res.json
demo_clean,place_bread_skillet,500,10018,1,Pick the brown loaf and set it into the dark gray skillet.,canonical,/mnt/project_eai_hs/zrm2/FBFM/wam/lingbot-va/robotwin_outputs/feedback_multinode_80cells_clean30_random50_10_a116e48/demo_clean/place_bread_skillet/client/stseed-10000/metrics/place_bread_skillet/res.json
demo_clean,place_bread_skillet,500,10019,0,Pick up the rectangular bread soft inside and put it in the dark pan with sturdy grip,canonical,/mnt/project_eai_hs/zrm2/FBFM/wam/lingbot-va/robotwin_outputs/feedback_multinode_80cells_clean30_random50_10_a116e48/demo_clean/place_bread_skillet/client/stseed-10000/metrics/place_bread_skillet/res.json
demo_randomized,handover_block,800,10000,0,Lift the red block with your left arm.,main,/mnt/project_eai_hs/zrm2/FBFM/wam/lingbot-va/robotwin_outputs/formal_accel_12gpu_20260728_a116e48/runs/FBFM/demo_randomized/handover_block/client/stseed-10000/metrics/handover_block/res.json
demo_randomized,handover_block,800,10001,0,Pick the red block with the left hand and pass it.,main,/mnt/project_eai_hs/zrm2/FBFM/wam/lingbot-va/robotwin_outputs/formal_accel_12gpu_20260728_a116e48/runs/FBFM/demo_randomized/handover_block/client/stseed-10000/metrics/handover_block/res.json
demo_randomized,handover_block,800,20000,0,Take the red block and move it to the pad.,shard,/mnt/project_eai_hs/zrm2/FBFM/wam/lingbot-va/robotwin_outputs/formal_under900_shards_20260729_a116e48/runs/FBFM/demo_randomized/handover_block/eval-seed-1/client/stseed-20000/metrics/handover_block/res.json
demo_randomized,handover_block,800,30000,0,Lift the red block with your left arm.,shard,/mnt/project_eai_hs/zrm2/FBFM/wam/lingbot-va/robotwin_outputs/formal_under900_shards_20260729_a116e48/runs/FBFM/demo_randomized/handover_block/eval-seed-2/client/stseed-30000/metrics/handover_block/res.json
demo_randomized,place_cans_plasticbox,800,10000,1,"Grab the can with red-orange text, insert it into the medium storage plasticbox, then grab the smooth red can with silver bottom and repeat.",canonical,/mnt/project_eai_hs/zrm2/FBFM/wam/lingbot-va/robotwin_outputs/feedback_multinode_80cells_clean30_random50_10_a116e48/demo_randomized/place_cans_plasticbox/client/stseed-10000/metrics/place_cans_plasticbox/res.json
demo_randomized,place_cans_plasticbox,800,10001,1,"With both arms, transfer the cylindrical white glossy can and the cylindrical red drink can with logo into the blue plasticbox for storing things.",canonical,/mnt/project_eai_hs/zrm2/FBFM/wam/lingbot-va/robotwin_outputs/feedback_multinode_80cells_clean30_random50_10_a116e48/demo_randomized/place_cans_plasticbox/client/stseed-10000/metrics/place_cans_plasticbox/res.json
demo_randomized,place_cans_plasticbox,800,10002,1,"Grip the red can with white lettering and insert it into the smooth blue plasticbox with handle, then repeat for the red can with white Coca-Cola logo.",canonical,/mnt/project_eai_hs/zrm2/FBFM/wam/lingbot-va/robotwin_outputs/feedback_multinode_80cells_clean30_random50_10_a116e48/demo_randomized/place_cans_plasticbox/client/stseed-10000/metrics/place_cans_plasticbox/res.json
demo_randomized,place_cans_plasticbox,800,10003,1,Drop the smooth brown can with rounded edges and the small aluminum red drink can into the smooth blue hard plasticbox with both arms,canonical,/mnt/project_eai_hs/zrm2/FBFM/wam/lingbot-va/robotwin_outputs/feedback_multinode_80cells_clean30_random50_10_a116e48/demo_randomized/place_cans_plasticbox/client/stseed-10000/metrics/place_cans_plasticbox/res.json
demo_randomized,place_cans_plasticbox,800,10005,1,Move the metallic can with rounded edges to the plasticbox for keeping items safe and repeat with the metal can with printed white graphics.,canonical,/mnt/project_eai_hs/zrm2/FBFM/wam/lingbot-va/robotwin_outputs/feedback_multinode_80cells_clean30_random50_10_a116e48/demo_randomized/place_cans_plasticbox/client/stseed-10000/metrics/place_cans_plasticbox/res.json
demo_randomized,place_cans_plasticbox,800,10006,1,Place the metal can with red base and the red and gold cylindrical can into the plasticbox with rounded corners and lid using both arms.,canonical,/mnt/project_eai_hs/zrm2/FBFM/wam/lingbot-va/robotwin_outputs/feedback_multinode_80cells_clean30_random50_10_a116e48/demo_randomized/place_cans_plasticbox/client/stseed-10000/metrics/place_cans_plasticbox/res.json
demo_randomized,place_cans_plasticbox,800,10007,1,Pick and drop the hand-sized red can for drinks and the metallic soda can into the durable plasticbox with side handle together,canonical,/mnt/project_eai_hs/zrm2/FBFM/wam/lingbot-va/robotwin_outputs/feedback_multinode_80cells_clean30_random50_10_a116e48/demo_randomized/place_cans_plasticbox/client/stseed-10000/metrics/place_cans_plasticbox/res.json
demo_randomized,place_cans_plasticbox,800,10009,1,"Lift the red can with white lettering, place it in the blue plasticbox for storing things, then repeat for the red can with white Coca-Cola logo.",canonical,/mnt/project_eai_hs/zrm2/FBFM/wam/lingbot-va/robotwin_outputs/feedback_multinode_80cells_clean30_random50_10_a116e48/demo_randomized/place_cans_plasticbox/client/stseed-10000/metrics/place_cans_plasticbox/res.json
demo_randomized,place_cans_plasticbox,800,10010,1,"Transfer the metal can with red base to the medium blue plasticbox, then transfer the drink can with smooth red finish to the medium blue plasticbox.",canonical,/mnt/project_eai_hs/zrm2/FBFM/wam/lingbot-va/robotwin_outputs/feedback_multinode_80cells_clean30_random50_10_a116e48/demo_randomized/place_cans_plasticbox/client/stseed-10000/metrics/place_cans_plasticbox/res.json
demo_randomized,place_cans_plasticbox,800,10011,1,"Pick the smooth brown can with rounded edges, place it in the rectangular storage box with grooves, then pick the metal can with red base and place it in the rectangular storage box with grooves.",canonical,/mnt/project_eai_hs/zrm2/FBFM/wam/lingbot-va/robotwin_outputs/feedback_multinode_80cells_clean30_random50_10_a116e48/demo_randomized/place_cans_plasticbox/client/stseed-10000/metrics/place_cans_plasticbox/res.json
demo_randomized,stack_blocks_two,800,10000,1,"Bring red block to the center, then stack green block over it.",canonical,/mnt/project_eai_hs/zrm2/FBFM/wam/lingbot-va/robotwin_outputs/feedback_multinode_80cells_clean30_random50_10_a116e48/demo_randomized/stack_blocks_two/client/stseed-10000/metrics/stack_blocks_two/res.json
demo_randomized,stack_blocks_two,800,10001,0,"Put red block in the center, then add green block above it.",canonical,/mnt/project_eai_hs/zrm2/FBFM/wam/lingbot-va/robotwin_outputs/feedback_multinode_80cells_clean30_random50_10_a116e48/demo_randomized/stack_blocks_two/client/stseed-10000/metrics/stack_blocks_two/res.json
demo_randomized,stack_blocks_two,800,10002,0,"Place red block and green block in the center, then stack green block above red block.",canonical,/mnt/project_eai_hs/zrm2/FBFM/wam/lingbot-va/robotwin_outputs/feedback_multinode_80cells_clean30_random50_10_a116e48/demo_randomized/stack_blocks_two/client/stseed-10000/metrics/stack_blocks_two/res.json
demo_randomized,stack_blocks_two,800,10003,1,Place red block and green block at the center and then put green block on red block.,canonical,/mnt/project_eai_hs/zrm2/FBFM/wam/lingbot-va/robotwin_outputs/feedback_multinode_80cells_clean30_random50_10_a116e48/demo_randomized/stack_blocks_two/client/stseed-10000/metrics/stack_blocks_two/res.json
demo_randomized,stack_blocks_two,800,10005,1,"Shift red block and green block to the middle, then stack green block over red block.",canonical,/mnt/project_eai_hs/zrm2/FBFM/wam/lingbot-va/robotwin_outputs/feedback_multinode_80cells_clean30_random50_10_a116e48/demo_randomized/stack_blocks_two/client/stseed-10000/metrics/stack_blocks_two/res.json
demo_randomized,stack_blocks_two,800,10006,1,"Place red block in the center, then move green block there and stack green block on red block.",canonical,/mnt/project_eai_hs/zrm2/FBFM/wam/lingbot-va/robotwin_outputs/feedback_multinode_80cells_clean30_random50_10_a116e48/demo_randomized/stack_blocks_two/client/stseed-10000/metrics/stack_blocks_two/res.json
demo_randomized,stack_blocks_two,800,30000,1,"Bring red block to the center, then stack green block over it.",canonical,/mnt/project_eai_hs/zrm2/FBFM/wam/lingbot-va/robotwin_outputs/feedback_multinode_80cells_clean30_random50_10_a116e48/demo_randomized/stack_blocks_two/client/stseed-10000/metrics/stack_blocks_two/res.json
demo_randomized,stack_blocks_two,800,30001,1,"Place red block and green block centrally, then stack green block on red block.",canonical,/mnt/project_eai_hs/zrm2/FBFM/wam/lingbot-va/robotwin_outputs/feedback_multinode_80cells_clean30_random50_10_a116e48/demo_randomized/stack_blocks_two/client/stseed-10000/metrics/stack_blocks_two/res.json
demo_randomized,stack_blocks_two,800,30002,1,"Grab red block using the left arm, position it at the center, and do the same for green block using the right arm, stacking green block on red block.",canonical,/mnt/project_eai_hs/zrm2/FBFM/wam/lingbot-va/robotwin_outputs/feedback_multinode_80cells_clean30_random50_10_a116e48/demo_randomized/stack_blocks_two/client/stseed-10000/metrics/stack_blocks_two/res.json
demo_randomized,stack_blocks_two,800,30003,1,Use the left arm to place red block in the center; stack green block on it with the right arm.,canonical,/mnt/project_eai_hs/zrm2/FBFM/wam/lingbot-va/robotwin_outputs/feedback_multinode_80cells_clean30_random50_10_a116e48/demo_randomized/stack_blocks_two/client/stseed-10000/metrics/stack_blocks_two/res.json
demo_randomized,open_laptop,700,10000,1,Use the right arm to raise the laptop with glass screen.,canonical,/mnt/project_eai_hs/zrm2/FBFM/wam/lingbot-va/robotwin_outputs/feedback_multinode_80cells_clean30_random50_10_a116e48/demo_randomized/open_laptop/client/stseed-10000/metrics/open_laptop/res.json
demo_randomized,open_laptop,700,10001,1,Use the left arm to open the black plastic laptop with blue display.,canonical,/mnt/project_eai_hs/zrm2/FBFM/wam/lingbot-va/robotwin_outputs/feedback_multinode_80cells_clean30_random50_10_a116e48/demo_randomized/open_laptop/client/stseed-10000/metrics/open_laptop/res.json
demo_randomized,open_laptop,700,10002,1,Raise the laptop with glass screen using the right arm.,canonical,/mnt/project_eai_hs/zrm2/FBFM/wam/lingbot-va/robotwin_outputs/feedback_multinode_80cells_clean30_random50_10_a116e48/demo_randomized/open_laptop/client/stseed-10000/metrics/open_laptop/res.json
demo_randomized,open_laptop,700,10003,1,Raise the portable folding laptop to expose the screen,canonical,/mnt/project_eai_hs/zrm2/FBFM/wam/lingbot-va/robotwin_outputs/feedback_multinode_80cells_clean30_random50_10_a116e48/demo_randomized/open_laptop/client/stseed-10000/metrics/open_laptop/res.json
demo_randomized,open_laptop,700,10004,1,Fully open the the blue-screen laptop.,canonical,/mnt/project_eai_hs/zrm2/FBFM/wam/lingbot-va/robotwin_outputs/feedback_multinode_80cells_clean30_random50_10_a116e48/demo_randomized/open_laptop/client/stseed-10000/metrics/open_laptop/res.json
demo_randomized,open_laptop,700,10005,1,Open the laptop for browsing and computing carefully with the right arm.,canonical,/mnt/project_eai_hs/zrm2/FBFM/wam/lingbot-va/robotwin_outputs/feedback_multinode_80cells_clean30_random50_10_a116e48/demo_randomized/open_laptop/client/stseed-10000/metrics/open_laptop/res.json
demo_randomized,open_laptop,700,10006,1,Use the left arm to raise the laptop with silver keyboard.,canonical,/mnt/project_eai_hs/zrm2/FBFM/wam/lingbot-va/robotwin_outputs/feedback_multinode_80cells_clean30_random50_10_a116e48/demo_randomized/open_laptop/client/stseed-10000/metrics/open_laptop/res.json
demo_randomized,open_laptop,700,10010,1,Open the compact black laptop completely.,canonical,/mnt/project_eai_hs/zrm2/FBFM/wam/lingbot-va/robotwin_outputs/feedback_multinode_80cells_clean30_random50_10_a116e48/demo_randomized/open_laptop/client/stseed-10000/metrics/open_laptop/res.json
demo_randomized,open_laptop,700,10012,0,Raise and open the medium-sized black portable laptop.,canonical,/mnt/project_eai_hs/zrm2/FBFM/wam/lingbot-va/robotwin_outputs/feedback_multinode_80cells_clean30_random50_10_a116e48/demo_randomized/open_laptop/client/stseed-10000/metrics/open_laptop/res.json
demo_randomized,open_laptop,700,10013,1,Raise the portable folding laptop lid with the left arm.,canonical,/mnt/project_eai_hs/zrm2/FBFM/wam/lingbot-va/robotwin_outputs/feedback_multinode_80cells_clean30_random50_10_a116e48/demo_randomized/open_laptop/client/stseed-10000/metrics/open_laptop/res.json
demo_randomized,place_bread_basket,700,10001,1,Lift the square loaf of bread and set it in the breadbasket with curved base.,canonical,/mnt/project_eai_hs/zrm2/FBFM/wam/lingbot-va/robotwin_outputs/feedback_multinode_80cells_clean30_random50_10_a116e48/demo_randomized/place_bread_basket/client/stseed-10000/metrics/place_bread_basket/res.json
demo_randomized,place_bread_basket,700,10002,1,Take the brown bread loaf and the hand-sized oval loaf together and place them into the smooth textured breadbasket.,canonical,/mnt/project_eai_hs/zrm2/FBFM/wam/lingbot-va/robotwin_outputs/feedback_multinode_80cells_clean30_random50_10_a116e48/demo_randomized/place_bread_basket/client/stseed-10000/metrics/place_bread_basket/res.json
demo_randomized,place_bread_basket,700,10003,1,Put the golden baked bread into the basket for bread beige plastic using an arm.,canonical,/mnt/project_eai_hs/zrm2/FBFM/wam/lingbot-va/robotwin_outputs/feedback_multinode_80cells_clean30_random50_10_a116e48/demo_randomized/place_bread_basket/client/stseed-10000/metrics/place_bread_basket/res.json
demo_randomized,place_bread_basket,700,10004,1,Put the bread loaf with bumpy surface and the bread with warm golden color into the brown breadbasket with rounded corners using two arms.,canonical,/mnt/project_eai_hs/zrm2/FBFM/wam/lingbot-va/robotwin_outputs/feedback_multinode_80cells_clean30_random50_10_a116e48/demo_randomized/place_bread_basket/client/stseed-10000/metrics/place_bread_basket/res.json
demo_randomized,place_bread_basket,700,10006,1,Take the medium-sized bread piece and the bread loaf with square shape to the smooth beige breadbasket,canonical,/mnt/project_eai_hs/zrm2/FBFM/wam/lingbot-va/robotwin_outputs/feedback_multinode_80cells_clean30_random50_10_a116e48/demo_randomized/place_bread_basket/client/stseed-10000/metrics/place_bread_basket/res.json
demo_randomized,place_bread_basket,700,10007,1,Move the soft square bread and the soft bread at once into the smooth beige breadbasket.,canonical,/mnt/project_eai_hs/zrm2/FBFM/wam/lingbot-va/robotwin_outputs/feedback_multinode_80cells_clean30_random50_10_a116e48/demo_randomized/place_bread_basket/client/stseed-10000/metrics/place_bread_basket/res.json
demo_randomized,place_bread_basket,700,10009,1,Take the medium-sized bread piece and the light brown porous bread to the breadbasket with flat base,canonical,/mnt/project_eai_hs/zrm2/FBFM/wam/lingbot-va/robotwin_outputs/feedback_multinode_80cells_clean30_random50_10_a116e48/demo_randomized/place_bread_basket/client/stseed-10000/metrics/place_bread_basket/res.json
demo_randomized,place_bread_basket,700,10010,1,"Grab both the round bread with braided top and the soft golden baked bread, drop into the medium plastic breadbasket oval shape.",canonical,/mnt/project_eai_hs/zrm2/FBFM/wam/lingbot-va/robotwin_outputs/feedback_multinode_80cells_clean30_random50_10_a116e48/demo_randomized/place_bread_basket/client/stseed-10000/metrics/place_bread_basket/res.json
demo_randomized,place_bread_basket,700,10011,1,Place the soft square bread and the soft brown bread in the brown breadbasket with rounded corners using the dual arm,canonical,/mnt/project_eai_hs/zrm2/FBFM/wam/lingbot-va/robotwin_outputs/feedback_multinode_80cells_clean30_random50_10_a116e48/demo_randomized/place_bread_basket/client/stseed-10000/metrics/place_bread_basket/res.json
demo_randomized,place_bread_basket,700,10012,0,Grab two breads the round bread with braided top and the soft golden bread and place in the medium plastic breadbasket oval shape.,canonical,/mnt/project_eai_hs/zrm2/FBFM/wam/lingbot-va/robotwin_outputs/feedback_multinode_80cells_clean30_random50_10_a116e48/demo_randomized/place_bread_basket/client/stseed-10000/metrics/place_bread_basket/res.json
demo_randomized,place_can_basket,700,10000,0,"Lift the red green beverage can with the left arm, set it in the bright yellow basket, and lift with another arm.",canonical,/mnt/project_eai_hs/zrm2/FBFM/wam/lingbot-va/robotwin_outputs/feedback_multinode_80cells_clean30_random50_10_a116e48/demo_randomized/place_can_basket/client/stseed-10000/metrics/place_can_basket/res.json
demo_randomized,place_can_basket,700,10001,1,"Pick the white can, set it in the basket for carrying things, then lift the basket for carrying things.",canonical,/mnt/project_eai_hs/zrm2/FBFM/wam/lingbot-va/robotwin_outputs/feedback_multinode_80cells_clean30_random50_10_a116e48/demo_randomized/place_can_basket/client/stseed-10000/metrics/place_can_basket/res.json
demo_randomized,place_can_basket,700,10002,1,"Use the left arm for the red shiny can with green label, place the red shiny can with green label in the yellow basket, and lift the yellow basket.",canonical,/mnt/project_eai_hs/zrm2/FBFM/wam/lingbot-va/robotwin_outputs/feedback_multinode_80cells_clean30_random50_10_a116e48/demo_randomized/place_can_basket/client/stseed-10000/metrics/place_can_basket/res.json
demo_randomized,place_can_basket,700,10003,1,"Lift the soda can with lime illustration, put it in the light brown oval basket, and carry the light brown oval basket afterward.",canonical,/mnt/project_eai_hs/zrm2/FBFM/wam/lingbot-va/robotwin_outputs/feedback_multinode_80cells_clean30_random50_10_a116e48/demo_randomized/place_can_basket/client/stseed-10000/metrics/place_can_basket/res.json
demo_randomized,place_can_basket,700,10005,1,Place the drink can with smooth red finish in the bright yellow basket and then use another arm to lift the bright yellow basket.,canonical,/mnt/project_eai_hs/zrm2/FBFM/wam/lingbot-va/robotwin_outputs/feedback_multinode_80cells_clean30_random50_10_a116e48/demo_randomized/place_can_basket/client/stseed-10000/metrics/place_can_basket/res.json
demo_randomized,place_can_basket,700,10006,1,"Pick up the red can, place it into the basket made of woven wood, then lift the basket made of woven wood.",canonical,/mnt/project_eai_hs/zrm2/FBFM/wam/lingbot-va/robotwin_outputs/feedback_multinode_80cells_clean30_random50_10_a116e48/demo_randomized/place_can_basket/client/stseed-10000/metrics/place_can_basket/res.json
demo_randomized,place_can_basket,700,10007,1,"Pick up the rounded red Coca-Cola soda container, put it into the rectangular yellow basket, and lift the rectangular yellow basket.",canonical,/mnt/project_eai_hs/zrm2/FBFM/wam/lingbot-va/robotwin_outputs/feedback_multinode_80cells_clean30_random50_10_a116e48/demo_randomized/place_can_basket/client/stseed-10000/metrics/place_can_basket/res.json
demo_randomized,place_can_basket,700,10008,1,"Grab the red soda can with green accents with the right arm, put it into the light brown oval basket, and lift the light brown oval basket with the other arm.",canonical,/mnt/project_eai_hs/zrm2/FBFM/wam/lingbot-va/robotwin_outputs/feedback_multinode_80cells_clean30_random50_10_a116e48/demo_randomized/place_can_basket/client/stseed-10000/metrics/place_can_basket/res.json
demo_randomized,place_can_basket,700,10009,1,"Place the metal can with white decorative designs inside the rectangular yellow basket, then lift the rectangular yellow basket.",canonical,/mnt/project_eai_hs/zrm2/FBFM/wam/lingbot-va/robotwin_outputs/feedback_multinode_80cells_clean30_random50_10_a116e48/demo_randomized/place_can_basket/client/stseed-10000/metrics/place_can_basket/res.json
demo_randomized,place_can_basket,700,10010,1,"Take the white can, set it into the carrying basket with black plastic handle, and raise the carrying basket with black plastic handle.",canonical,/mnt/project_eai_hs/zrm2/FBFM/wam/lingbot-va/robotwin_outputs/feedback_multinode_80cells_clean30_random50_10_a116e48/demo_randomized/place_can_basket/client/stseed-10000/metrics/place_can_basket/res.json
demo_randomized,place_object_basket,700,10000,1,"Move the box for playingcards to the bright yellow basket, then shift the bright yellow basket.",canonical,/mnt/project_eai_hs/zrm2/FBFM/wam/lingbot-va/robotwin_outputs/feedback_multinode_80cells_clean30_random50_10_a116e48/demo_randomized/place_object_basket/client/stseed-10000/metrics/place_object_basket/res.json
demo_randomized,place_object_basket,700,10001,1,"Use one arm to grab the box of playingcards, place it in the basket for carrying things, then move the basket for carrying things.",canonical,/mnt/project_eai_hs/zrm2/FBFM/wam/lingbot-va/robotwin_outputs/feedback_multinode_80cells_clean30_random50_10_a116e48/demo_randomized/place_object_basket/client/stseed-10000/metrics/place_object_basket/res.json
demo_randomized,place_object_basket,700,10002,1,"Lift the miniature teal vehicle toy using the left arm, drop it in the yellow basket, then push the yellow basket via the right arm.",canonical,/mnt/project_eai_hs/zrm2/FBFM/wam/lingbot-va/robotwin_outputs/feedback_multinode_80cells_clean30_random50_10_a116e48/demo_randomized/place_object_basket/client/stseed-10000/metrics/place_object_basket/res.json
demo_randomized,place_object_basket,700,10003,1,"Put the blue pack holding playingcards in the light brown oval basket, then move the light brown oval basket away slightly.",canonical,/mnt/project_eai_hs/zrm2/FBFM/wam/lingbot-va/robotwin_outputs/feedback_multinode_80cells_clean30_random50_10_a116e48/demo_randomized/place_object_basket/client/stseed-10000/metrics/place_object_basket/res.json
demo_randomized,place_object_basket,700,10004,0,Place the hand-sized rolling toycar into the basket for carrying things and push the basket for carrying things slightly away.,canonical,/mnt/project_eai_hs/zrm2/FBFM/wam/lingbot-va/robotwin_outputs/feedback_multinode_80cells_clean30_random50_10_a116e48/demo_randomized/place_object_basket/client/stseed-10000/metrics/place_object_basket/res.json
demo_randomized,place_object_basket,700,10005,1,"Grab the small teal plastic car with windows, set it into the bright yellow basket.",canonical,/mnt/project_eai_hs/zrm2/FBFM/wam/lingbot-va/robotwin_outputs/feedback_multinode_80cells_clean30_random50_10_a116e48/demo_randomized/place_object_basket/client/stseed-10000/metrics/place_object_basket/res.json
demo_randomized,place_object_basket,700,10006,1,Pick up the green toycar and set it inside the basket made of woven wood.,canonical,/mnt/project_eai_hs/zrm2/FBFM/wam/lingbot-va/robotwin_outputs/feedback_multinode_80cells_clean30_random50_10_a116e48/demo_randomized/place_object_basket/client/stseed-10000/metrics/place_object_basket/res.json
demo_randomized,place_object_basket,700,10007,1,"Place the toycar with black roof and wheels in the rectangular yellow basket, then grab the rectangular yellow basket.",canonical,/mnt/project_eai_hs/zrm2/FBFM/wam/lingbot-va/robotwin_outputs/feedback_multinode_80cells_clean30_random50_10_a116e48/demo_randomized/place_object_basket/client/stseed-10000/metrics/place_object_basket/res.json
demo_randomized,place_object_basket,700,10009,0,"Pick the toycar featuring black and white wheels, drop the toycar featuring black and white wheels in the rectangular yellow basket, slide the rectangular yellow basket lightly.",canonical,/mnt/project_eai_hs/zrm2/FBFM/wam/lingbot-va/robotwin_outputs/feedback_multinode_80cells_clean30_random50_10_a116e48/demo_randomized/place_object_basket/client/stseed-10000/metrics/place_object_basket/res.json
demo_randomized,place_object_basket,700,10011,0,"Put the small playingcards pack in the basket for holding items, then move the basket for holding items away slightly.",canonical,/mnt/project_eai_hs/zrm2/FBFM/wam/lingbot-va/robotwin_outputs/feedback_multinode_80cells_clean30_random50_10_a116e48/demo_randomized/place_object_basket/client/stseed-10000/metrics/place_object_basket/res.json
demo_randomized,put_object_cabinet,700,10051,0,Open the drawer of the light wood cabinet and move the medium-sized handheld phone into the drawer.,canonical,/mnt/project_eai_hs/zrm2/FBFM/wam/lingbot-va/robotwin_outputs/feedback_multinode_80cells_clean30_random50_10_a116e48/demo_randomized/put_object_cabinet/client/stseed-10000/metrics/put_object_cabinet/res.json
demo_randomized,put_object_cabinet,700,10057,0,Pull open the cabinet with angled sides's drawer and place the black stapler for joining pages into it.,canonical,/mnt/project_eai_hs/zrm2/FBFM/wam/lingbot-va/robotwin_outputs/feedback_multinode_80cells_clean30_random50_10_a116e48/demo_randomized/put_object_cabinet/client/stseed-10000/metrics/put_object_cabinet/res.json
demo_randomized,put_object_cabinet,700,10085,0,Open the drawer of the cabinet with metal reinforcements and drop the toycar with black roof and wheels inside.,canonical,/mnt/project_eai_hs/zrm2/FBFM/wam/lingbot-va/robotwin_outputs/feedback_multinode_80cells_clean30_random50_10_a116e48/demo_randomized/put_object_cabinet/client/stseed-10000/metrics/put_object_cabinet/res.json
demo_randomized,put_object_cabinet,700,10104,1,Slide out the drawer of the cabinet with angled sides and stick the rubikscube with matching color blocks inside.,canonical,/mnt/project_eai_hs/zrm2/FBFM/wam/lingbot-va/robotwin_outputs/feedback_multinode_80cells_clean30_random50_10_a116e48/demo_randomized/put_object_cabinet/client/stseed-10000/metrics/put_object_cabinet/res.json
demo_randomized,put_object_cabinet,700,20035,1,Pull open the rectangular cabinet's drawer and place the phone with screen and side buttons into it.,canonical,/mnt/project_eai_hs/zrm2/FBFM/wam/lingbot-va/robotwin_outputs/feedback_multinode_80cells_clean30_random50_10_a116e48/demo_randomized/put_object_cabinet/client/stseed-10000/metrics/put_object_cabinet/res.json
demo_randomized,put_object_cabinet,700,20045,1,Pull open the drawer of the medium-sized cabinet and move the small puzzle cube into it.,canonical,/mnt/project_eai_hs/zrm2/FBFM/wam/lingbot-va/robotwin_outputs/feedback_multinode_80cells_clean30_random50_10_a116e48/demo_randomized/put_object_cabinet/client/stseed-10000/metrics/put_object_cabinet/res.json
demo_randomized,put_object_cabinet,700,30003,1,Open the light wood cabinet's drawer and move the bright red coffee-box into it.,canonical,/mnt/project_eai_hs/zrm2/FBFM/wam/lingbot-va/robotwin_outputs/feedback_multinode_80cells_clean30_random50_10_a116e48/demo_randomized/put_object_cabinet/client/stseed-10000/metrics/put_object_cabinet/res.json
demo_randomized,put_object_cabinet,700,30005,1,"Open the cabinet with angled sides's drawer first, then place the sponge-textured golden bread inside.",canonical,/mnt/project_eai_hs/zrm2/FBFM/wam/lingbot-va/robotwin_outputs/feedback_multinode_80cells_clean30_random50_10_a116e48/demo_randomized/put_object_cabinet/client/stseed-10000/metrics/put_object_cabinet/res.json
demo_randomized,put_object_cabinet,700,30006,1,Slide open the drawer of the cabinet with metal reinforcements before putting the red stapler for binding papers inside.,canonical,/mnt/project_eai_hs/zrm2/FBFM/wam/lingbot-va/robotwin_outputs/feedback_multinode_80cells_clean30_random50_10_a116e48/demo_randomized/put_object_cabinet/client/stseed-10000/metrics/put_object_cabinet/res.json
demo_randomized,put_object_cabinet,700,30009,1,Open the storage cabinet's drawer and carefully drop the yellow box for tea into it.,canonical,/mnt/project_eai_hs/zrm2/FBFM/wam/lingbot-va/robotwin_outputs/feedback_multinode_80cells_clean30_random50_10_a116e48/demo_randomized/put_object_cabinet/client/stseed-10000/metrics/put_object_cabinet/res.json
demo_randomized,shake_bottle,700,10000,1,Shake the plastic bottle with colorful label after grabbing it.,canonical,/mnt/project_eai_hs/zrm2/FBFM/wam/lingbot-va/robotwin_outputs/feedback_multinode_80cells_clean30_random50_10_a116e48/demo_randomized/shake_bottle/client/stseed-10000/metrics/shake_bottle/res.json
demo_randomized,shake_bottle,700,10001,1,Pick the brown bottle with white printed label up using the left arm and shake it.,canonical,/mnt/project_eai_hs/zrm2/FBFM/wam/lingbot-va/robotwin_outputs/feedback_multinode_80cells_clean30_random50_10_a116e48/demo_randomized/shake_bottle/client/stseed-10000/metrics/shake_bottle/res.json
demo_randomized,shake_bottle,700,10002,1,Grip the cylindrical bottle with white label using the left arm and shake.,canonical,/mnt/project_eai_hs/zrm2/FBFM/wam/lingbot-va/robotwin_outputs/feedback_multinode_80cells_clean30_random50_10_a116e48/demo_randomized/shake_bottle/client/stseed-10000/metrics/shake_bottle/res.json
demo_randomized,shake_bottle,700,10003,1,Hold and shake the the curved orange soda bottle carefully.,canonical,/mnt/project_eai_hs/zrm2/FBFM/wam/lingbot-va/robotwin_outputs/feedback_multinode_80cells_clean30_random50_10_a116e48/demo_randomized/shake_bottle/client/stseed-10000/metrics/shake_bottle/res.json
demo_randomized,shake_bottle,700,10006,1,Pick the medium bottle with yellow cap up with the right arm and shake.,canonical,/mnt/project_eai_hs/zrm2/FBFM/wam/lingbot-va/robotwin_outputs/feedback_multinode_80cells_clean30_random50_10_a116e48/demo_randomized/shake_bottle/client/stseed-10000/metrics/shake_bottle/res.json
demo_randomized,shake_bottle,700,10007,1,"Pick the bottle with blue and yellow print, shake it with the left arm.",canonical,/mnt/project_eai_hs/zrm2/FBFM/wam/lingbot-va/robotwin_outputs/feedback_multinode_80cells_clean30_random50_10_a116e48/demo_randomized/shake_bottle/client/stseed-10000/metrics/shake_bottle/res.json
demo_randomized,shake_bottle,700,10008,1,Lift the smooth orange bottle with the right arm and shake it.,canonical,/mnt/project_eai_hs/zrm2/FBFM/wam/lingbot-va/robotwin_outputs/feedback_multinode_80cells_clean30_random50_10_a116e48/demo_randomized/shake_bottle/client/stseed-10000/metrics/shake_bottle/res.json
demo_randomized,shake_bottle,700,10010,1,"Hold the smooth black bottle with ridges steady, then shake it.",canonical,/mnt/project_eai_hs/zrm2/FBFM/wam/lingbot-va/robotwin_outputs/feedback_multinode_80cells_clean30_random50_10_a116e48/demo_randomized/shake_bottle/client/stseed-10000/metrics/shake_bottle/res.json
demo_randomized,shake_bottle,700,10011,1,"Hold the hand-sized soda bottle, shake it briefly.",canonical,/mnt/project_eai_hs/zrm2/FBFM/wam/lingbot-va/robotwin_outputs/feedback_multinode_80cells_clean30_random50_10_a116e48/demo_randomized/shake_bottle/client/stseed-10000/metrics/shake_bottle/res.json
demo_randomized,shake_bottle,700,10012,1,Grab the handheld curvy bottle and shake it steadily.,canonical,/mnt/project_eai_hs/zrm2/FBFM/wam/lingbot-va/robotwin_outputs/feedback_multinode_80cells_clean30_random50_10_a116e48/demo_randomized/shake_bottle/client/stseed-10000/metrics/shake_bottle/res.json
demo_randomized,shake_bottle_horizontally,700,10000,1,Grab the plastic bottle with colorful label with the left arm and shake horizontally.,canonical,/mnt/project_eai_hs/zrm2/FBFM/wam/lingbot-va/robotwin_outputs/feedback_multinode_80cells_clean30_random50_10_a116e48/demo_randomized/shake_bottle_horizontally/client/stseed-10000/metrics/shake_bottle_horizontally/res.json
demo_randomized,shake_bottle_horizontally,700,10001,1,Use the left arm to hold the brown bottle with white printed label and shake it sideways.,canonical,/mnt/project_eai_hs/zrm2/FBFM/wam/lingbot-va/robotwin_outputs/feedback_multinode_80cells_clean30_random50_10_a116e48/demo_randomized/shake_bottle_horizontally/client/stseed-10000/metrics/shake_bottle_horizontally/res.json
demo_randomized,shake_bottle_horizontally,700,10002,1,Grab the cylindrical bottle with white label and move it side-to-side repeatedly.,canonical,/mnt/project_eai_hs/zrm2/FBFM/wam/lingbot-va/robotwin_outputs/feedback_multinode_80cells_clean30_random50_10_a116e48/demo_randomized/shake_bottle_horizontally/client/stseed-10000/metrics/shake_bottle_horizontally/res.json
demo_randomized,shake_bottle_horizontally,700,10003,1,Use the left arm to hold the curved orange soda bottle firmly and shake horizontally.,canonical,/mnt/project_eai_hs/zrm2/FBFM/wam/lingbot-va/robotwin_outputs/feedback_multinode_80cells_clean30_random50_10_a116e48/demo_randomized/shake_bottle_horizontally/client/stseed-10000/metrics/shake_bottle_horizontally/res.json
demo_randomized,shake_bottle_horizontally,700,10006,1,Take the medium bottle with yellow cap in the right arm and shake it back and forth.,canonical,/mnt/project_eai_hs/zrm2/FBFM/wam/lingbot-va/robotwin_outputs/feedback_multinode_80cells_clean30_random50_10_a116e48/demo_randomized/shake_bottle_horizontally/client/stseed-10000/metrics/shake_bottle_horizontally/res.json
demo_randomized,shake_bottle_horizontally,700,10007,1,Simply shake the bottle with blue and yellow print horizontally without the left arm details.,canonical,/mnt/project_eai_hs/zrm2/FBFM/wam/lingbot-va/robotwin_outputs/feedback_multinode_80cells_clean30_random50_10_a116e48/demo_randomized/shake_bottle_horizontally/client/stseed-10000/metrics/shake_bottle_horizontally/res.json
demo_randomized,shake_bottle_horizontally,700,10008,1,Pick up the smooth orange bottle and shake it horizontally.,canonical,/mnt/project_eai_hs/zrm2/FBFM/wam/lingbot-va/robotwin_outputs/feedback_multinode_80cells_clean30_random50_10_a116e48/demo_randomized/shake_bottle_horizontally/client/stseed-10000/metrics/shake_bottle_horizontally/res.json
demo_randomized,shake_bottle_horizontally,700,10010,1,"Grip the smooth black bottle with ridges, then shake it back and forth.",canonical,/mnt/project_eai_hs/zrm2/FBFM/wam/lingbot-va/robotwin_outputs/feedback_multinode_80cells_clean30_random50_10_a116e48/demo_randomized/shake_bottle_horizontally/client/stseed-10000/metrics/shake_bottle_horizontally/res.json
demo_randomized,shake_bottle_horizontally,700,10011,1,Use the left arm to grab the hand-sized soda bottle and shake horizontally.,canonical,/mnt/project_eai_hs/zrm2/FBFM/wam/lingbot-va/robotwin_outputs/feedback_multinode_80cells_clean30_random50_10_a116e48/demo_randomized/shake_bottle_horizontally/client/stseed-10000/metrics/shake_bottle_horizontally/res.json
demo_randomized,shake_bottle_horizontally,700,10012,1,"Using the right arm, grab the handheld curvy bottle and shake it sideways.",canonical,/mnt/project_eai_hs/zrm2/FBFM/wam/lingbot-va/robotwin_outputs/feedback_multinode_80cells_clean30_random50_10_a116e48/demo_randomized/shake_bottle_horizontally/client/stseed-10000/metrics/shake_bottle_horizontally/res.json
demo_randomized,dump_bin_bigbin,600,10000,1,Grab the simple white plastic trashbin and pour it out.,canonical,/mnt/project_eai_hs/zrm2/FBFM/wam/lingbot-va/robotwin_outputs/feedback_multinode_80cells_clean30_random50_10_a116e48/demo_randomized/dump_bin_bigbin/client/stseed-10000/metrics/dump_bin_bigbin/res.json
demo_randomized,dump_bin_bigbin,600,10002,1,"Grab the dark gray cylindrical tabletrashbin, then pour balls into the bin.",canonical,/mnt/project_eai_hs/zrm2/FBFM/wam/lingbot-va/robotwin_outputs/feedback_multinode_80cells_clean30_random50_10_a116e48/demo_randomized/dump_bin_bigbin/client/stseed-10000/metrics/dump_bin_bigbin/res.json
demo_randomized,dump_bin_bigbin,600,10003,1,Hold the white round tabletrashbin and pour all balls into bin,canonical,/mnt/project_eai_hs/zrm2/FBFM/wam/lingbot-va/robotwin_outputs/feedback_multinode_80cells_clean30_random50_10_a116e48/demo_randomized/dump_bin_bigbin/client/stseed-10000/metrics/dump_bin_bigbin/res.json
demo_randomized,dump_bin_bigbin,600,10005,1,Lift the mini white trashbin for desk and pour balls into the bin.,canonical,/mnt/project_eai_hs/zrm2/FBFM/wam/lingbot-va/robotwin_outputs/feedback_multinode_80cells_clean30_random50_10_a116e48/demo_randomized/dump_bin_bigbin/client/stseed-10000/metrics/dump_bin_bigbin/res.json
demo_randomized,dump_bin_bigbin,600,10006,1,Take hold of the compact tabletop trashbin and dump the balls.,canonical,/mnt/project_eai_hs/zrm2/FBFM/wam/lingbot-va/robotwin_outputs/feedback_multinode_80cells_clean30_random50_10_a116e48/demo_randomized/dump_bin_bigbin/client/stseed-10000/metrics/dump_bin_bigbin/res.json
demo_randomized,dump_bin_bigbin,600,10007,1,"Pick the mini white trashbin for desk up, pour all balls inside bin",canonical,/mnt/project_eai_hs/zrm2/FBFM/wam/lingbot-va/robotwin_outputs/feedback_multinode_80cells_clean30_random50_10_a116e48/demo_randomized/dump_bin_bigbin/client/stseed-10000/metrics/dump_bin_bigbin/res.json
demo_randomized,dump_bin_bigbin,600,10009,1,Lift the tabletrashbin and pour its contents into bin.,canonical,/mnt/project_eai_hs/zrm2/FBFM/wam/lingbot-va/robotwin_outputs/feedback_multinode_80cells_clean30_random50_10_a116e48/demo_randomized/dump_bin_bigbin/client/stseed-10000/metrics/dump_bin_bigbin/res.json
demo_randomized,dump_bin_bigbin,600,10010,1,"Move the arm, take the tabletrashbin with black specks, and pour.",canonical,/mnt/project_eai_hs/zrm2/FBFM/wam/lingbot-va/robotwin_outputs/feedback_multinode_80cells_clean30_random50_10_a116e48/demo_randomized/dump_bin_bigbin/client/stseed-10000/metrics/dump_bin_bigbin/res.json
demo_randomized,dump_bin_bigbin,600,10013,1,Grab the compact tabletop trashbin and empty it into the bin.,canonical,/mnt/project_eai_hs/zrm2/FBFM/wam/lingbot-va/robotwin_outputs/feedback_multinode_80cells_clean30_random50_10_a116e48/demo_randomized/dump_bin_bigbin/client/stseed-10000/metrics/dump_bin_bigbin/res.json
demo_randomized,dump_bin_bigbin,600,10014,1,Lift the light gray trash bin and pour balls into the bin.,canonical,/mnt/project_eai_hs/zrm2/FBFM/wam/lingbot-va/robotwin_outputs/feedback_multinode_80cells_clean30_random50_10_a116e48/demo_randomized/dump_bin_bigbin/client/stseed-10000/metrics/dump_bin_bigbin/res.json
demo_randomized,handover_mic,600,10000,1,Lift the compact teal and white microphone and deliver it to the other side.,canonical,/mnt/project_eai_hs/zrm2/FBFM/wam/lingbot-va/robotwin_outputs/feedback_multinode_80cells_clean30_random50_10_a116e48/demo_randomized/handover_mic/client/stseed-10000/metrics/handover_mic/res.json
demo_randomized,handover_mic,600,10002,1,"Take the microphone with rounded mesh head, pass it, and release it to complete the task.",canonical,/mnt/project_eai_hs/zrm2/FBFM/wam/lingbot-va/robotwin_outputs/feedback_multinode_80cells_clean30_random50_10_a116e48/demo_randomized/handover_mic/client/stseed-10000/metrics/handover_mic/res.json
demo_randomized,handover_mic,600,10003,1,Reach for the gray and dark blue microphone and move it to the other hand.,canonical,/mnt/project_eai_hs/zrm2/FBFM/wam/lingbot-va/robotwin_outputs/feedback_multinode_80cells_clean30_random50_10_a116e48/demo_randomized/handover_mic/client/stseed-10000/metrics/handover_mic/res.json
demo_randomized,handover_mic,600,10004,1,Hold the metal head microphone and pass it to the other hand.,canonical,/mnt/project_eai_hs/zrm2/FBFM/wam/lingbot-va/robotwin_outputs/feedback_multinode_80cells_clean30_random50_10_a116e48/demo_randomized/handover_mic/client/stseed-10000/metrics/handover_mic/res.json
demo_randomized,handover_mic,600,10005,1,"Take the microphone with smooth gray stem, shift it, and release it to the other side.",canonical,/mnt/project_eai_hs/zrm2/FBFM/wam/lingbot-va/robotwin_outputs/feedback_multinode_80cells_clean30_random50_10_a116e48/demo_randomized/handover_mic/client/stseed-10000/metrics/handover_mic/res.json
demo_randomized,handover_mic,600,10006,1,Use one hand to grab the rounded white tip microphone and pass it.,canonical,/mnt/project_eai_hs/zrm2/FBFM/wam/lingbot-va/robotwin_outputs/feedback_multinode_80cells_clean30_random50_10_a116e48/demo_randomized/handover_mic/client/stseed-10000/metrics/handover_mic/res.json
demo_randomized,handover_mic,600,10008,1,Lift the small audio microphone using the right arm and pass it to the left arm.,canonical,/mnt/project_eai_hs/zrm2/FBFM/wam/lingbot-va/robotwin_outputs/feedback_multinode_80cells_clean30_random50_10_a116e48/demo_randomized/handover_mic/client/stseed-10000/metrics/handover_mic/res.json
demo_randomized,handover_mic,600,10010,0,Pick up the black and white microphone and hand it to the other side.,canonical,/mnt/project_eai_hs/zrm2/FBFM/wam/lingbot-va/robotwin_outputs/feedback_multinode_80cells_clean30_random50_10_a116e48/demo_randomized/handover_mic/client/stseed-10000/metrics/handover_mic/res.json
demo_randomized,handover_mic,600,10012,0,Lift the microphone with smooth gray stem and pass it across.,canonical,/mnt/project_eai_hs/zrm2/FBFM/wam/lingbot-va/robotwin_outputs/feedback_multinode_80cells_clean30_random50_10_a116e48/demo_randomized/handover_mic/client/stseed-10000/metrics/handover_mic/res.json
demo_randomized,handover_mic,600,10014,1,Use the right arm to grab the handheld microphone and transfer it to the left arm.,canonical,/mnt/project_eai_hs/zrm2/FBFM/wam/lingbot-va/robotwin_outputs/feedback_multinode_80cells_clean30_random50_10_a116e48/demo_randomized/handover_mic/client/stseed-10000/metrics/handover_mic/res.json
demo_randomized,place_dual_shoes,600,10000,0,"Hold two the sports shoe, tips left, and place in the orange cardboard shoe-box.",canonical,/mnt/project_eai_hs/zrm2/FBFM/wam/lingbot-va/robotwin_outputs/feedback_multinode_80cells_clean30_random50_10_a116e48/demo_randomized/place_dual_shoes/client/stseed-10000/metrics/place_dual_shoes/res.json
demo_randomized,place_dual_shoes,600,10001,0,"Collect two the white shoe, tips facing left, and put in the orange Nike shoe-box with logo.",canonical,/mnt/project_eai_hs/zrm2/FBFM/wam/lingbot-va/robotwin_outputs/feedback_multinode_80cells_clean30_random50_10_a116e48/demo_randomized/place_dual_shoes/client/stseed-10000/metrics/place_dual_shoes/res.json
demo_randomized,place_dual_shoes,600,10003,0,"Lay down two the black shoe with white accents in the orange cardboard shoe-box, tips oriented left.",canonical,/mnt/project_eai_hs/zrm2/FBFM/wam/lingbot-va/robotwin_outputs/feedback_multinode_80cells_clean30_random50_10_a116e48/demo_randomized/place_dual_shoes/client/stseed-10000/metrics/place_dual_shoes/res.json
demo_randomized,place_dual_shoes,600,10004,0,"Pick up two the lace-up shoe, tips left, drop them into the orange Nike shoe-box with logo.",canonical,/mnt/project_eai_hs/zrm2/FBFM/wam/lingbot-va/robotwin_outputs/feedback_multinode_80cells_clean30_random50_10_a116e48/demo_randomized/place_dual_shoes/client/stseed-10000/metrics/place_dual_shoes/res.json
demo_randomized,place_dual_shoes,600,10007,0,"Lift two the footwear with red top white sole, position them in the smooth orange box for shoes, tips to the left.",canonical,/mnt/project_eai_hs/zrm2/FBFM/wam/lingbot-va/robotwin_outputs/feedback_multinode_80cells_clean30_random50_10_a116e48/demo_randomized/place_dual_shoes/client/stseed-10000/metrics/place_dual_shoes/res.json
demo_randomized,place_dual_shoes,600,10011,0,"Use hands to grab two the green lace-up sneaker, tips left, drop into the smooth orange box for shoes.",canonical,/mnt/project_eai_hs/zrm2/FBFM/wam/lingbot-va/robotwin_outputs/feedback_multinode_80cells_clean30_random50_10_a116e48/demo_randomized/place_dual_shoes/client/stseed-10000/metrics/place_dual_shoes/res.json
demo_randomized,place_dual_shoes,600,10012,0,"With both arms, move two the brown shoe into the orange shoe-box, tips facing left.",canonical,/mnt/project_eai_hs/zrm2/FBFM/wam/lingbot-va/robotwin_outputs/feedback_multinode_80cells_clean30_random50_10_a116e48/demo_randomized/place_dual_shoes/client/stseed-10000/metrics/place_dual_shoes/res.json
demo_randomized,place_dual_shoes,600,10014,1,"Grab two the green upper white logo shoe, tip left, place them in the smooth bright orange box.",canonical,/mnt/project_eai_hs/zrm2/FBFM/wam/lingbot-va/robotwin_outputs/feedback_multinode_80cells_clean30_random50_10_a116e48/demo_randomized/place_dual_shoes/client/stseed-10000/metrics/place_dual_shoes/res.json
demo_randomized,place_dual_shoes,600,10016,0,"Put two the lace-up red sports shoe into the medium-sized box with Nike swoosh, shoe tips left.",canonical,/mnt/project_eai_hs/zrm2/FBFM/wam/lingbot-va/robotwin_outputs/feedback_multinode_80cells_clean30_random50_10_a116e48/demo_randomized/place_dual_shoes/client/stseed-10000/metrics/place_dual_shoes/res.json
demo_randomized,place_dual_shoes,600,10018,0,"Move two the shoe with curved sole, tip ends left, and set them in the orange shoe-box.",canonical,/mnt/project_eai_hs/zrm2/FBFM/wam/lingbot-va/robotwin_outputs/feedback_multinode_80cells_clean30_random50_10_a116e48/demo_randomized/place_dual_shoes/client/stseed-10000/metrics/place_dual_shoes/res.json
demo_randomized,place_bread_skillet,500,10001,1,Place the medium-sized bread piece from the table into the metal skillet,canonical,/mnt/project_eai_hs/zrm2/FBFM/wam/lingbot-va/robotwin_outputs/feedback_multinode_80cells_clean30_random50_10_a116e48/demo_randomized/place_bread_skillet/client/stseed-10000/metrics/place_bread_skillet/res.json
demo_randomized,place_bread_skillet,500,10002,1,Move the brown loaf to the black skillet with smooth base using the right arm,canonical,/mnt/project_eai_hs/zrm2/FBFM/wam/lingbot-va/robotwin_outputs/feedback_multinode_80cells_clean30_random50_10_a116e48/demo_randomized/place_bread_skillet/client/stseed-10000/metrics/place_bread_skillet/res.json
demo_randomized,place_bread_skillet,500,10004,1,Pick up the bread with warm golden color with the right arm and drop it in the black pan with curved edges,canonical,/mnt/project_eai_hs/zrm2/FBFM/wam/lingbot-va/robotwin_outputs/feedback_multinode_80cells_clean30_random50_10_a116e48/demo_randomized/place_bread_skillet/client/stseed-10000/metrics/place_bread_skillet/res.json
demo_randomized,place_bread_skillet,500,10006,0,Use the right arm to pick the golden crusted bread slice up for the black skillet,canonical,/mnt/project_eai_hs/zrm2/FBFM/wam/lingbot-va/robotwin_outputs/feedback_multinode_80cells_clean30_random50_10_a116e48/demo_randomized/place_bread_skillet/client/stseed-10000/metrics/place_bread_skillet/res.json
demo_randomized,place_bread_skillet,500,10009,1,Take the bread with soft texture with the left arm and drop into the black-surfaced skillet with gray sides,canonical,/mnt/project_eai_hs/zrm2/FBFM/wam/lingbot-va/robotwin_outputs/feedback_multinode_80cells_clean30_random50_10_a116e48/demo_randomized/place_bread_skillet/client/stseed-10000/metrics/place_bread_skillet/res.json
demo_randomized,place_bread_skillet,500,10010,1,Grab the bread block with light patches using the right arm and place it in the round cooking pan,canonical,/mnt/project_eai_hs/zrm2/FBFM/wam/lingbot-va/robotwin_outputs/feedback_multinode_80cells_clean30_random50_10_a116e48/demo_randomized/place_bread_skillet/client/stseed-10000/metrics/place_bread_skillet/res.json
demo_randomized,place_bread_skillet,500,10014,1,Use the left arm to grab the slice-shaped bread for the medium-sized frying skillet,canonical,/mnt/project_eai_hs/zrm2/FBFM/wam/lingbot-va/robotwin_outputs/feedback_multinode_80cells_clean30_random50_10_a116e48/demo_randomized/place_bread_skillet/client/stseed-10000/metrics/place_bread_skillet/res.json
demo_randomized,place_bread_skillet,500,10019,0,Pick up the square-shaped bread piece and put it in the heavy cast iron skillet,canonical,/mnt/project_eai_hs/zrm2/FBFM/wam/lingbot-va/robotwin_outputs/feedback_multinode_80cells_clean30_random50_10_a116e48/demo_randomized/place_bread_skillet/client/stseed-10000/metrics/place_bread_skillet/res.json
demo_randomized,place_bread_skillet,500,10024,1,Lift the rounded square loaf and drop it into the versatile skillet for stovetop cooking,canonical,/mnt/project_eai_hs/zrm2/FBFM/wam/lingbot-va/robotwin_outputs/feedback_multinode_80cells_clean30_random50_10_a116e48/demo_randomized/place_bread_skillet/client/stseed-10000/metrics/place_bread_skillet/res.json
demo_randomized,place_bread_skillet,500,10028,0,Transfer the slice-shaped bread into the gray cooking pan with handle from the table,canonical,/mnt/project_eai_hs/zrm2/FBFM/wam/lingbot-va/robotwin_outputs/feedback_multinode_80cells_clean30_random50_10_a116e48/demo_randomized/place_bread_skillet/client/stseed-10000/metrics/place_bread_skillet/res.json
demo_randomized,place_burger_fries,500,10002,1,"Lift the hamburg wrapped in white paper, lift the Golden fries sticks in red carton, then set both on the tray with rounded corners.",canonical,/mnt/project_eai_hs/zrm2/FBFM/wam/lingbot-va/robotwin_outputs/feedback_multinode_80cells_clean30_random50_10_a116e48/demo_randomized/place_burger_fries/client/stseed-10000/metrics/place_burger_fries/res.json
demo_randomized,place_burger_fries,500,10003,1,Use dual arms to move the yellow hamburg box with white accents and the Palm-sized red fries container onto the bright orange rectangular tray,canonical,/mnt/project_eai_hs/zrm2/FBFM/wam/lingbot-va/robotwin_outputs/feedback_multinode_80cells_clean30_random50_10_a116e48/demo_randomized/place_burger_fries/client/stseed-10000/metrics/place_burger_fries/res.json
demo_randomized,place_burger_fries,500,10004,1,"Lift the medium-sized yellow hamburg package and the Open-top red box filled with fries, placing them neatly on the tray with slightly raised edges.",canonical,/mnt/project_eai_hs/zrm2/FBFM/wam/lingbot-va/robotwin_outputs/feedback_multinode_80cells_clean30_random50_10_a116e48/demo_randomized/place_burger_fries/client/stseed-10000/metrics/place_burger_fries/res.json
demo_randomized,place_burger_fries,500,10005,1,"Grab the yellow marked white and orange hamburg, grab the golden fries in smooth red pouch, and set both onto the medium rectangular flat tray.",canonical,/mnt/project_eai_hs/zrm2/FBFM/wam/lingbot-va/robotwin_outputs/feedback_multinode_80cells_clean30_random50_10_a116e48/demo_randomized/place_burger_fries/client/stseed-10000/metrics/place_burger_fries/res.json
demo_randomized,place_burger_fries,500,10006,1,Use both arms to transfer the green top hamburg box and the Open-top red box filled with fries to the tray with smooth plastic surface.,canonical,/mnt/project_eai_hs/zrm2/FBFM/wam/lingbot-va/robotwin_outputs/feedback_multinode_80cells_clean30_random50_10_a116e48/demo_randomized/place_burger_fries/client/stseed-10000/metrics/place_burger_fries/res.json
demo_randomized,place_burger_fries,500,10007,1,"Grab the golden brown and white hamburg, pick the Small red box fries inside, then set them on the smooth light beige plastic tray",canonical,/mnt/project_eai_hs/zrm2/FBFM/wam/lingbot-va/robotwin_outputs/feedback_multinode_80cells_clean30_random50_10_a116e48/demo_randomized/place_burger_fries/client/stseed-10000/metrics/place_burger_fries/res.json
demo_randomized,place_burger_fries,500,10009,1,"Grab the hamburg wrapped in white paper and the Golden fries sticks in red carton, use both arms to set on the plastic tray for carrying items.",canonical,/mnt/project_eai_hs/zrm2/FBFM/wam/lingbot-va/robotwin_outputs/feedback_multinode_80cells_clean30_random50_10_a116e48/demo_randomized/place_burger_fries/client/stseed-10000/metrics/place_burger_fries/res.json
demo_randomized,place_burger_fries,500,10010,1,Set the green top hamburg box and the Handheld fries pack bright red color down on the rectangular tray after picking them.,canonical,/mnt/project_eai_hs/zrm2/FBFM/wam/lingbot-va/robotwin_outputs/feedback_multinode_80cells_clean30_random50_10_a116e48/demo_randomized/place_burger_fries/client/stseed-10000/metrics/place_burger_fries/res.json
demo_randomized,place_burger_fries,500,10011,1,Place the yellow hamburg box with white accents and the Palm-sized red fries container together onto the tray with slightly raised edges.,canonical,/mnt/project_eai_hs/zrm2/FBFM/wam/lingbot-va/robotwin_outputs/feedback_multinode_80cells_clean30_random50_10_a116e48/demo_randomized/place_burger_fries/client/stseed-10000/metrics/place_burger_fries/res.json
demo_randomized,place_burger_fries,500,10012,1,"Using dual arms, move the orange-white hamburg with yellow highlight and the Red fries box onto the smooth glossy orange medium tray.",canonical,/mnt/project_eai_hs/zrm2/FBFM/wam/lingbot-va/robotwin_outputs/feedback_multinode_80cells_clean30_random50_10_a116e48/demo_randomized/place_burger_fries/client/stseed-10000/metrics/place_burger_fries/res.json
demo_randomized,place_empty_cup,500,10000,1,"Using the arm, drop the light blue plastic cup onto the flat round wooden coaster.",canonical,/mnt/project_eai_hs/zrm2/FBFM/wam/lingbot-va/robotwin_outputs/feedback_multinode_80cells_clean30_random50_10_a116e48/demo_randomized/place_empty_cup/client/stseed-10000/metrics/place_empty_cup/res.json
demo_randomized,place_empty_cup,500,10001,1,Slide the rounded base blue cup onto the light gray round grainy coaster,canonical,/mnt/project_eai_hs/zrm2/FBFM/wam/lingbot-va/robotwin_outputs/feedback_multinode_80cells_clean30_random50_10_a116e48/demo_randomized/place_empty_cup/client/stseed-10000/metrics/place_empty_cup/res.json
demo_randomized,place_empty_cup,500,10002,1,Align the medium blue cylindrical cup and set it down on the round coaster,canonical,/mnt/project_eai_hs/zrm2/FBFM/wam/lingbot-va/robotwin_outputs/feedback_multinode_80cells_clean30_random50_10_a116e48/demo_randomized/place_empty_cup/client/stseed-10000/metrics/place_empty_cup/res.json
demo_randomized,place_empty_cup,500,10003,1,Set the cup with light blue color on the flat round wooden coaster using the arm.,canonical,/mnt/project_eai_hs/zrm2/FBFM/wam/lingbot-va/robotwin_outputs/feedback_multinode_80cells_clean30_random50_10_a116e48/demo_randomized/place_empty_cup/client/stseed-10000/metrics/place_empty_cup/res.json
demo_randomized,place_empty_cup,500,10004,1,Place the plastic cup for drinks on top of the light gray round grainy coaster,canonical,/mnt/project_eai_hs/zrm2/FBFM/wam/lingbot-va/robotwin_outputs/feedback_multinode_80cells_clean30_random50_10_a116e48/demo_randomized/place_empty_cup/client/stseed-10000/metrics/place_empty_cup/res.json
demo_randomized,place_empty_cup,500,10005,1,Use the arm to set the medium-sized plastic blue cup on the flat round wooden coaster,canonical,/mnt/project_eai_hs/zrm2/FBFM/wam/lingbot-va/robotwin_outputs/feedback_multinode_80cells_clean30_random50_10_a116e48/demo_randomized/place_empty_cup/client/stseed-10000/metrics/place_empty_cup/res.json
demo_randomized,place_empty_cup,500,10006,1,Position the rounded base blue cup above and drop it on the smooth round palm-sized coaster,canonical,/mnt/project_eai_hs/zrm2/FBFM/wam/lingbot-va/robotwin_outputs/feedback_multinode_80cells_clean30_random50_10_a116e48/demo_randomized/place_empty_cup/client/stseed-10000/metrics/place_empty_cup/res.json
demo_randomized,place_empty_cup,500,10008,1,"Grab the smooth blue cup for liquids, then place it onto the flat round wooden coaster.",canonical,/mnt/project_eai_hs/zrm2/FBFM/wam/lingbot-va/robotwin_outputs/feedback_multinode_80cells_clean30_random50_10_a116e48/demo_randomized/place_empty_cup/client/stseed-10000/metrics/place_empty_cup/res.json
demo_randomized,place_empty_cup,500,10012,1,Relocate the rounded base blue cup precisely onto the round coaster with arm,canonical,/mnt/project_eai_hs/zrm2/FBFM/wam/lingbot-va/robotwin_outputs/feedback_multinode_80cells_clean30_random50_10_a116e48/demo_randomized/place_empty_cup/client/stseed-10000/metrics/place_empty_cup/res.json
demo_randomized,place_empty_cup,500,10013,1,Move the plastic cup for drinks to the coaster made of smooth wood,canonical,/mnt/project_eai_hs/zrm2/FBFM/wam/lingbot-va/robotwin_outputs/feedback_multinode_80cells_clean30_random50_10_a116e48/demo_randomized/place_empty_cup/client/stseed-10000/metrics/place_empty_cup/res.json
demo_randomized,place_shoe,500,10000,0,Grab the sports shoe white and black from the table with the left arm and place it on the mat,canonical,/mnt/project_eai_hs/zrm2/FBFM/wam/lingbot-va/robotwin_outputs/feedback_multinode_80cells_clean30_random50_10_a116e48/demo_randomized/place_shoe/client/stseed-10000/metrics/place_shoe/res.json
demo_randomized,place_shoe,500,10001,1,Lift the the shoe with smooth top and grippy sole from the table using the left arm and place it on the mat,canonical,/mnt/project_eai_hs/zrm2/FBFM/wam/lingbot-va/robotwin_outputs/feedback_multinode_80cells_clean30_random50_10_a116e48/demo_randomized/place_shoe/client/stseed-10000/metrics/place_shoe/res.json
demo_randomized,place_shoe,500,10003,0,Pick the lace-up canvas shoe up from the table and put it on the mat,canonical,/mnt/project_eai_hs/zrm2/FBFM/wam/lingbot-va/robotwin_outputs/feedback_multinode_80cells_clean30_random50_10_a116e48/demo_randomized/place_shoe/client/stseed-10000/metrics/place_shoe/res.json
demo_randomized,place_shoe,500,10004,1,Take the the medium-sized shoe off the table and put it on the mat,canonical,/mnt/project_eai_hs/zrm2/FBFM/wam/lingbot-va/robotwin_outputs/feedback_multinode_80cells_clean30_random50_10_a116e48/demo_randomized/place_shoe/client/stseed-10000/metrics/place_shoe/res.json
demo_randomized,place_shoe,500,10006,0,"Grab the sleek white walking shoe using the left arm, move it from the table to the mat",canonical,/mnt/project_eai_hs/zrm2/FBFM/wam/lingbot-va/robotwin_outputs/feedback_multinode_80cells_clean30_random50_10_a116e48/demo_randomized/place_shoe/client/stseed-10000/metrics/place_shoe/res.json
demo_randomized,place_shoe,500,10007,0,"With the right arm, grab the brown shoe with strap loops off the table and place it onto the mat",canonical,/mnt/project_eai_hs/zrm2/FBFM/wam/lingbot-va/robotwin_outputs/feedback_multinode_80cells_clean30_random50_10_a116e48/demo_randomized/place_shoe/client/stseed-10000/metrics/place_shoe/res.json
demo_randomized,place_shoe,500,10009,1,Move the white shoe from the table to the mat in one fluid motion,canonical,/mnt/project_eai_hs/zrm2/FBFM/wam/lingbot-va/robotwin_outputs/feedback_multinode_80cells_clean30_random50_10_a116e48/demo_randomized/place_shoe/client/stseed-10000/metrics/place_shoe/res.json
demo_randomized,place_shoe,500,10010,1,Lift the the average adult-sized shoe from the table and place it onto the mat,canonical,/mnt/project_eai_hs/zrm2/FBFM/wam/lingbot-va/robotwin_outputs/feedback_multinode_80cells_clean30_random50_10_a116e48/demo_randomized/place_shoe/client/stseed-10000/metrics/place_shoe/res.json
demo_randomized,place_shoe,500,10011,1,"With the left arm, grab the shoe with thick ribbed sole from the table and place it on the mat",canonical,/mnt/project_eai_hs/zrm2/FBFM/wam/lingbot-va/robotwin_outputs/feedback_multinode_80cells_clean30_random50_10_a116e48/demo_randomized/place_shoe/client/stseed-10000/metrics/place_shoe/res.json
demo_randomized,place_shoe,500,10012,0,Pick the shoe with curved sole up from the table and drop it directly on the mat,canonical,/mnt/project_eai_hs/zrm2/FBFM/wam/lingbot-va/robotwin_outputs/feedback_multinode_80cells_clean30_random50_10_a116e48/demo_randomized/place_shoe/client/stseed-10000/metrics/place_shoe/res.json
demo_randomized,scan_object,500,10005,1,"Use one arm for the scanner for reading barcodes and the other for the black tea-box with gold logo, then scan the black tea-box with gold logo with the scanner for reading barcodes",canonical,/mnt/project_eai_hs/zrm2/FBFM/wam/lingbot-va/robotwin_outputs/feedback_multinode_80cells_clean30_random50_10_a116e48/demo_randomized/scan_object/client/stseed-10000/metrics/scan_object/res.json
demo_randomized,scan_object,500,10006,1,"Use one arm to grab the scanner with textured grip, the other to pick the yellow tea box, and scan the yellow tea box with the scanner with textured grip",canonical,/mnt/project_eai_hs/zrm2/FBFM/wam/lingbot-va/robotwin_outputs/feedback_multinode_80cells_clean30_random50_10_a116e48/demo_randomized/scan_object/client/stseed-10000/metrics/scan_object/res.json
demo_randomized,scan_object,500,10010,1,"Pick the lightweight handheld barcode scanner, grab the green tea box, then scan the green tea box using the lightweight handheld barcode scanner.",canonical,/mnt/project_eai_hs/zrm2/FBFM/wam/lingbot-va/robotwin_outputs/feedback_multinode_80cells_clean30_random50_10_a116e48/demo_randomized/scan_object/client/stseed-10000/metrics/scan_object/res.json
demo_randomized,scan_object,500,10017,1,"Pick the scanner with broad top flat area, grab the bright red tea-box with logo, then scan the bright red tea-box with logo using the scanner with broad top flat area.",canonical,/mnt/project_eai_hs/zrm2/FBFM/wam/lingbot-va/robotwin_outputs/feedback_multinode_80cells_clean30_random50_10_a116e48/demo_randomized/scan_object/client/stseed-10000/metrics/scan_object/res.json
demo_randomized,scan_object,500,10018,1,"Handle the black scanner and the black tea-box separately, ensuring the black scanner scans the black tea-box.",canonical,/mnt/project_eai_hs/zrm2/FBFM/wam/lingbot-va/robotwin_outputs/feedback_multinode_80cells_clean30_random50_10_a116e48/demo_randomized/scan_object/client/stseed-10000/metrics/scan_object/res.json
demo_randomized,scan_object,500,10023,1,"With the left arm, pick the L-shaped scanner for barcode reading, then grab the rectangular yellow tea box with the right arm, and scan the rectangular yellow tea box.",canonical,/mnt/project_eai_hs/zrm2/FBFM/wam/lingbot-va/robotwin_outputs/feedback_multinode_80cells_clean30_random50_10_a116e48/demo_randomized/scan_object/client/stseed-10000/metrics/scan_object/res.json
demo_randomized,scan_object,500,10024,1,"Use one arm to grab the small black handheld scanner, the other to hold the yellow tea box with smooth surface, and scan it.",canonical,/mnt/project_eai_hs/zrm2/FBFM/wam/lingbot-va/robotwin_outputs/feedback_multinode_80cells_clean30_random50_10_a116e48/demo_randomized/scan_object/client/stseed-10000/metrics/scan_object/res.json
demo_randomized,scan_object,500,10026,0,"Take the scanner with trigger on handle, grab the square-shaped tea box, and scan the square-shaped tea box using the scanner with trigger on handle",canonical,/mnt/project_eai_hs/zrm2/FBFM/wam/lingbot-va/robotwin_outputs/feedback_multinode_80cells_clean30_random50_10_a116e48/demo_randomized/scan_object/client/stseed-10000/metrics/scan_object/res.json
demo_randomized,scan_object,500,10027,0,"Handle the black and gray portable scanner and the box for tea storage separately, ensuring the black and gray portable scanner scans the box for tea storage.",canonical,/mnt/project_eai_hs/zrm2/FBFM/wam/lingbot-va/robotwin_outputs/feedback_multinode_80cells_clean30_random50_10_a116e48/demo_randomized/scan_object/client/stseed-10000/metrics/scan_object/res.json
demo_randomized,scan_object,500,10033,1,"Hold the light beige tea-box with one hand, grab the black scanner with gray handle with the other, and scan the light beige tea-box.",canonical,/mnt/project_eai_hs/zrm2/FBFM/wam/lingbot-va/robotwin_outputs/feedback_multinode_80cells_clean30_random50_10_a116e48/demo_randomized/scan_object/client/stseed-10000/metrics/scan_object/res.json
