task,stage,video_index,nominal_seed,actual_seed,success,video_size_bytes,source_status,result,client_log,server_log,video
place_burger_fries,stage1,0,10000,10000,true,219213,complete,/home/oem/tmp_ws/FBFM/wam/lingbot-va/robotwin_outputs/rtc_short_le800_clean_10/tasks/place_burger_fries/client/stseed-10000/metrics/place_burger_fries/res.json,/home/oem/tmp_ws/FBFM/wam/lingbot-va/robotwin_outputs/rtc_short_le800_clean_10/tasks/place_burger_fries/logs/client.log,/home/oem/tmp_ws/FBFM/wam/lingbot-va/robotwin_outputs/rtc_short_le800_clean_10/tasks/place_burger_fries/logs/server.log,/home/oem/tmp_ws/FBFM/wam/lingbot-va/robotwin_outputs/rtc_short_le800_clean_10/tasks/place_burger_fries/client/stseed-10000/visualization/place_burger_fries/0_Set_the_hamburg_box_with_foldable_top_and_the_golden_fries_in_red_packaging_on_the_tray_for_serving_items_using_two_arms._True.mp4
place_burger_fries,stage1,1,10001,10001,true,253330,complete,/home/oem/tmp_ws/FBFM/wam/lingbot-va/robotwin_outputs/rtc_short_le800_clean_10/tasks/place_burger_fries/client/stseed-10000/metrics/place_burger_fries/res.json,/home/oem/tmp_ws/FBFM/wam/lingbot-va/robotwin_outputs/rtc_short_le800_clean_10/tasks/place_burger_fries/logs/client.log,/home/oem/tmp_ws/FBFM/wam/lingbot-va/robotwin_outputs/rtc_short_le800_clean_10/tasks/place_burger_fries/logs/server.log,/home/oem/tmp_ws/FBFM/wam/lingbot-va/robotwin_outputs/rtc_short_le800_clean_10/tasks/place_burger_fries/client/stseed-10000/visualization/place_burger_fries/1_Place_the_decorative_rounded_hamburg_and_the_crispy_fries_in_hand-sized_pouch_on_the_rectangular_plastic_tray_after_picking_them_up._True.mp4
place_burger_fries,stage1,2,10002,10002,true,199057,complete,/home/oem/tmp_ws/FBFM/wam/lingbot-va/robotwin_outputs/rtc_short_le800_clean_10/tasks/place_burger_fries/client/stseed-10000/metrics/place_burger_fries/res.json,/home/oem/tmp_ws/FBFM/wam/lingbot-va/robotwin_outputs/rtc_short_le800_clean_10/tasks/place_burger_fries/logs/client.log,/home/oem/tmp_ws/FBFM/wam/lingbot-va/robotwin_outputs/rtc_short_le800_clean_10/tasks/place_burger_fries/logs/server.log,"/home/oem/tmp_ws/FBFM/wam/lingbot-va/robotwin_outputs/rtc_short_le800_clean_10/tasks/place_burger_fries/client/stseed-10000/visualization/place_burger_fries/2_Lift_the_hand-sized_orange_hamburg,_lift_the_Golden_fries_sticks_in_red_carton,_then_set_both_on_the_tray_with_rounded_corners._True.mp4"
place_burger_fries,stage1,3,10003,10003,true,196910,complete,/home/oem/tmp_ws/FBFM/wam/lingbot-va/robotwin_outputs/rtc_short_le800_clean_10/tasks/place_burger_fries/client/stseed-10000/metrics/place_burger_fries/res.json,/home/oem/tmp_ws/FBFM/wam/lingbot-va/robotwin_outputs/rtc_short_le800_clean_10/tasks/place_burger_fries/logs/client.log,/home/oem/tmp_ws/FBFM/wam/lingbot-va/robotwin_outputs/rtc_short_le800_clean_10/tasks/place_burger_fries/logs/server.log,/home/oem/tmp_ws/FBFM/wam/lingbot-va/robotwin_outputs/rtc_short_le800_clean_10/tasks/place_burger_fries/client/stseed-10000/visualization/place_burger_fries/3_Use_dual_arms_to_move_the_yellow_and_green_hamburg_holder_and_the_Palm-sized_red_fries_container_onto_the_flat_tray_with_rounded_corners_True.mp4
place_burger_fries,stage1,4,10004,10004,true,223828,complete,/home/oem/tmp_ws/FBFM/wam/lingbot-va/robotwin_outputs/rtc_short_le800_clean_10/tasks/place_burger_fries/client/stseed-10000/metrics/place_burger_fries/res.json,/home/oem/tmp_ws/FBFM/wam/lingbot-va/robotwin_outputs/rtc_short_le800_clean_10/tasks/place_burger_fries/logs/client.log,/home/oem/tmp_ws/FBFM/wam/lingbot-va/robotwin_outputs/rtc_short_le800_clean_10/tasks/place_burger_fries/logs/server.log,"/home/oem/tmp_ws/FBFM/wam/lingbot-va/robotwin_outputs/rtc_short_le800_clean_10/tasks/place_burger_fries/client/stseed-10000/visualization/place_burger_fries/4_Lift_the_hamburg_with_printed_illustrations_and_the_golden_fries_in_red_packaging,_placing_them_neatly_on_the_rectangular_beige_tray_for_objects._True.mp4"
place_burger_fries,stage1,5,10005,10005,true,185890,complete,/home/oem/tmp_ws/FBFM/wam/lingbot-va/robotwin_outputs/rtc_short_le800_clean_10/tasks/place_burger_fries/client/stseed-10000/metrics/place_burger_fries/res.json,/home/oem/tmp_ws/FBFM/wam/lingbot-va/robotwin_outputs/rtc_short_le800_clean_10/tasks/place_burger_fries/logs/client.log,/home/oem/tmp_ws/FBFM/wam/lingbot-va/robotwin_outputs/rtc_short_le800_clean_10/tasks/place_burger_fries/logs/server.log,"/home/oem/tmp_ws/FBFM/wam/lingbot-va/robotwin_outputs/rtc_short_le800_clean_10/tasks/place_burger_fries/client/stseed-10000/visualization/place_burger_fries/5_Grab_the_hamburg_with_white_patches,_grab_the_Handheld_fries_pack_bright_red_color,_and_set_both_onto_the_medium_rectangular_flat_tray._True.mp4"
place_burger_fries,stage1,6,10006,10006,true,215871,complete,/home/oem/tmp_ws/FBFM/wam/lingbot-va/robotwin_outputs/rtc_short_le800_clean_10/tasks/place_burger_fries/client/stseed-10000/metrics/place_burger_fries/res.json,/home/oem/tmp_ws/FBFM/wam/lingbot-va/robotwin_outputs/rtc_short_le800_clean_10/tasks/place_burger_fries/logs/client.log,/home/oem/tmp_ws/FBFM/wam/lingbot-va/robotwin_outputs/rtc_short_le800_clean_10/tasks/place_burger_fries/logs/server.log,/home/oem/tmp_ws/FBFM/wam/lingbot-va/robotwin_outputs/rtc_short_le800_clean_10/tasks/place_burger_fries/client/stseed-10000/visualization/place_burger_fries/6_Use_both_arms_to_transfer_the_hamburg_with_printed_wrapper_and_the_golden_fries_in_red_packaging_to_the_tray_with_smooth_plastic_surface._True.mp4
place_burger_fries,stage1,7,10007,10007,true,229845,complete,/home/oem/tmp_ws/FBFM/wam/lingbot-va/robotwin_outputs/rtc_short_le800_clean_10/tasks/place_burger_fries/client/stseed-10000/metrics/place_burger_fries/res.json,/home/oem/tmp_ws/FBFM/wam/lingbot-va/robotwin_outputs/rtc_short_le800_clean_10/tasks/place_burger_fries/logs/client.log,/home/oem/tmp_ws/FBFM/wam/lingbot-va/robotwin_outputs/rtc_short_le800_clean_10/tasks/place_burger_fries/logs/server.log,"/home/oem/tmp_ws/FBFM/wam/lingbot-va/robotwin_outputs/rtc_short_le800_clean_10/tasks/place_burger_fries/client/stseed-10000/visualization/place_burger_fries/7_Grab_the_smooth_yellow_hamburg_packaging,_pick_the_McDonald's_fries_bag,_then_set_them_on_the_flat_green_rectangular_tray_True.mp4"
place_burger_fries,stage1,8,10008,10008,true,188038,complete,/home/oem/tmp_ws/FBFM/wam/lingbot-va/robotwin_outputs/rtc_short_le800_clean_10/tasks/place_burger_fries/client/stseed-10000/metrics/place_burger_fries/res.json,/home/oem/tmp_ws/FBFM/wam/lingbot-va/robotwin_outputs/rtc_short_le800_clean_10/tasks/place_burger_fries/logs/client.log,/home/oem/tmp_ws/FBFM/wam/lingbot-va/robotwin_outputs/rtc_short_le800_clean_10/tasks/place_burger_fries/logs/server.log,"/home/oem/tmp_ws/FBFM/wam/lingbot-va/robotwin_outputs/rtc_short_le800_clean_10/tasks/place_burger_fries/client/stseed-10000/visualization/place_burger_fries/8_Lift_the_small_soft_hamburg_in_paper_and_the_Small_red_box_fries_inside,_position_them_on_the_tray_for_holding_objects_True.mp4"
place_burger_fries,stage1,9,10009,10009,true,206339,complete,/home/oem/tmp_ws/FBFM/wam/lingbot-va/robotwin_outputs/rtc_short_le800_clean_10/tasks/place_burger_fries/client/stseed-10000/metrics/place_burger_fries/res.json,/home/oem/tmp_ws/FBFM/wam/lingbot-va/robotwin_outputs/rtc_short_le800_clean_10/tasks/place_burger_fries/logs/client.log,/home/oem/tmp_ws/FBFM/wam/lingbot-va/robotwin_outputs/rtc_short_le800_clean_10/tasks/place_burger_fries/logs/server.log,"/home/oem/tmp_ws/FBFM/wam/lingbot-va/robotwin_outputs/rtc_short_le800_clean_10/tasks/place_burger_fries/client/stseed-10000/visualization/place_burger_fries/9_Grab_the_hamburg_wrapped_in_white_paper_and_the_rectangular_red_fries_packet,_use_both_arms_to_set_on_the_plastic_tray_for_holding_items._True.mp4"
place_burger_fries,stage2,0,20000,20000,true,205267,complete,/home/oem/tmp_ws/FBFM/wam/lingbot-va/robotwin_outputs/rtc_short_le800_clean_stage2_seed20000_10/tasks/place_burger_fries/client/stseed-20000/metrics/place_burger_fries/res.json,/home/oem/tmp_ws/FBFM/wam/lingbot-va/robotwin_outputs/rtc_short_le800_clean_stage2_seed20000_10/tasks/place_burger_fries/logs/client.log,/home/oem/tmp_ws/FBFM/wam/lingbot-va/robotwin_outputs/rtc_short_le800_clean_stage2_seed20000_10/tasks/place_burger_fries/logs/server.log,/home/oem/tmp_ws/FBFM/wam/lingbot-va/robotwin_outputs/rtc_short_le800_clean_stage2_seed20000_10/tasks/place_burger_fries/client/stseed-20000/visualization/place_burger_fries/0_Put_the_white_hamburg_with_creased_wrapper_and_the_Open-top_red_box_filled_with_fries_on_the_rectangular_beige_tray_for_objects_using_both_arms_True.mp4
place_burger_fries,stage2,1,20001,20002,true,203317,complete,/home/oem/tmp_ws/FBFM/wam/lingbot-va/robotwin_outputs/rtc_short_le800_clean_stage2_seed20000_10/tasks/place_burger_fries/client/stseed-20000/metrics/place_burger_fries/res.json,/home/oem/tmp_ws/FBFM/wam/lingbot-va/robotwin_outputs/rtc_short_le800_clean_stage2_seed20000_10/tasks/place_burger_fries/logs/client.log,/home/oem/tmp_ws/FBFM/wam/lingbot-va/robotwin_outputs/rtc_short_le800_clean_stage2_seed20000_10/tasks/place_burger_fries/logs/server.log,/home/oem/tmp_ws/FBFM/wam/lingbot-va/robotwin_outputs/rtc_short_le800_clean_stage2_seed20000_10/tasks/place_burger_fries/client/stseed-20000/visualization/place_burger_fries/1_Move_the_hamburg_with_rounded_rectangular_shape_and_the_Small_red_box_fries_inside_to_the_bright_orange_rectangular_tray_with_both_arms_True.mp4
place_burger_fries,stage2,2,20002,20003,true,290283,complete,/home/oem/tmp_ws/FBFM/wam/lingbot-va/robotwin_outputs/rtc_short_le800_clean_stage2_seed20000_10/tasks/place_burger_fries/client/stseed-20000/metrics/place_burger_fries/res.json,/home/oem/tmp_ws/FBFM/wam/lingbot-va/robotwin_outputs/rtc_short_le800_clean_stage2_seed20000_10/tasks/place_burger_fries/logs/client.log,/home/oem/tmp_ws/FBFM/wam/lingbot-va/robotwin_outputs/rtc_short_le800_clean_stage2_seed20000_10/tasks/place_burger_fries/logs/server.log,/home/oem/tmp_ws/FBFM/wam/lingbot-va/robotwin_outputs/rtc_short_le800_clean_stage2_seed20000_10/tasks/place_burger_fries/client/stseed-20000/visualization/place_burger_fries/2_Transfer_the_medium-sized_box_with_hamburg_design_and_the_McDonald's_logo_on_red_fries_box_to_the_flat_brown_tray_with_raised_edges_with_both_arms_True.mp4
place_burger_fries,stage2,3,20003,20004,true,201382,complete,/home/oem/tmp_ws/FBFM/wam/lingbot-va/robotwin_outputs/rtc_short_le800_clean_stage2_seed20000_10/tasks/place_burger_fries/client/stseed-20000/metrics/place_burger_fries/res.json,/home/oem/tmp_ws/FBFM/wam/lingbot-va/robotwin_outputs/rtc_short_le800_clean_stage2_seed20000_10/tasks/place_burger_fries/logs/client.log,/home/oem/tmp_ws/FBFM/wam/lingbot-va/robotwin_outputs/rtc_short_le800_clean_stage2_seed20000_10/tasks/place_burger_fries/logs/server.log,"/home/oem/tmp_ws/FBFM/wam/lingbot-va/robotwin_outputs/rtc_short_le800_clean_stage2_seed20000_10/tasks/place_burger_fries/client/stseed-20000/visualization/place_burger_fries/3_Using_both_arms,_pick_the_hamburg_with_uneven_top_and_the_Potato_fries_packaged_in_red_carton_and_drop_them_on_the_medium_plastic_tray._True.mp4"
place_burger_fries,stage2,4,20004,20005,true,209430,complete,/home/oem/tmp_ws/FBFM/wam/lingbot-va/robotwin_outputs/rtc_short_le800_clean_stage2_seed20000_10/tasks/place_burger_fries/client/stseed-20000/metrics/place_burger_fries/res.json,/home/oem/tmp_ws/FBFM/wam/lingbot-va/robotwin_outputs/rtc_short_le800_clean_stage2_seed20000_10/tasks/place_burger_fries/logs/client.log,/home/oem/tmp_ws/FBFM/wam/lingbot-va/robotwin_outputs/rtc_short_le800_clean_stage2_seed20000_10/tasks/place_burger_fries/logs/server.log,/home/oem/tmp_ws/FBFM/wam/lingbot-va/robotwin_outputs/rtc_short_le800_clean_stage2_seed20000_10/tasks/place_burger_fries/client/stseed-20000/visualization/place_burger_fries/4_Move_the_yellow_hamburg_box_with_white_accents_and_the_McDonald's_fries_bag_to_the_bright_orange_tray_with_glossy_finish_with_both_arms_True.mp4
place_burger_fries,stage2,5,20005,20006,true,201503,complete,/home/oem/tmp_ws/FBFM/wam/lingbot-va/robotwin_outputs/rtc_short_le800_clean_stage2_seed20000_10/tasks/place_burger_fries/client/stseed-20000/metrics/place_burger_fries/res.json,/home/oem/tmp_ws/FBFM/wam/lingbot-va/robotwin_outputs/rtc_short_le800_clean_stage2_seed20000_10/tasks/place_burger_fries/logs/client.log,/home/oem/tmp_ws/FBFM/wam/lingbot-va/robotwin_outputs/rtc_short_le800_clean_stage2_seed20000_10/tasks/place_burger_fries/logs/server.log,"/home/oem/tmp_ws/FBFM/wam/lingbot-va/robotwin_outputs/rtc_short_le800_clean_stage2_seed20000_10/tasks/place_burger_fries/client/stseed-20000/visualization/place_burger_fries/5_With_two_arms,_pick_the_white_and_yellow_printed_hamburg_holder_and_the_Palm-sized_red_fries_container_for_the_medium-sized_plastic_tray._True.mp4"
place_burger_fries,stage2,6,20006,20007,true,293853,complete,/home/oem/tmp_ws/FBFM/wam/lingbot-va/robotwin_outputs/rtc_short_le800_clean_stage2_seed20000_10/tasks/place_burger_fries/client/stseed-20000/metrics/place_burger_fries/res.json,/home/oem/tmp_ws/FBFM/wam/lingbot-va/robotwin_outputs/rtc_short_le800_clean_stage2_seed20000_10/tasks/place_burger_fries/logs/client.log,/home/oem/tmp_ws/FBFM/wam/lingbot-va/robotwin_outputs/rtc_short_le800_clean_stage2_seed20000_10/tasks/place_burger_fries/logs/server.log,"/home/oem/tmp_ws/FBFM/wam/lingbot-va/robotwin_outputs/rtc_short_le800_clean_stage2_seed20000_10/tasks/place_burger_fries/client/stseed-20000/visualization/place_burger_fries/6_Using_both_arms,_grab_the_easy-to-hold_hamburg_and_the_McDonald's_logo_on_red_fries_box_for_the_smooth_plastic_tray._True.mp4"
place_burger_fries,stage2,7,20007,20008,true,208325,complete,/home/oem/tmp_ws/FBFM/wam/lingbot-va/robotwin_outputs/rtc_short_le800_clean_stage2_seed20000_10/tasks/place_burger_fries/client/stseed-20000/metrics/place_burger_fries/res.json,/home/oem/tmp_ws/FBFM/wam/lingbot-va/robotwin_outputs/rtc_short_le800_clean_stage2_seed20000_10/tasks/place_burger_fries/logs/client.log,/home/oem/tmp_ws/FBFM/wam/lingbot-va/robotwin_outputs/rtc_short_le800_clean_stage2_seed20000_10/tasks/place_burger_fries/logs/server.log,/home/oem/tmp_ws/FBFM/wam/lingbot-va/robotwin_outputs/rtc_short_le800_clean_stage2_seed20000_10/tasks/place_burger_fries/client/stseed-20000/visualization/place_burger_fries/7_Place_both_the_white_lid_with_yellow_bottom_hamburg_box_and_the_Golden_fries_sticks_in_red_carton_on_the_bright_orange_tray_for_serving_after_grabbing_them_with_both_arms._True.mp4
place_burger_fries,stage2,8,20008,20009,true,196660,complete,/home/oem/tmp_ws/FBFM/wam/lingbot-va/robotwin_outputs/rtc_short_le800_clean_stage2_seed20000_10/tasks/place_burger_fries/client/stseed-20000/metrics/place_burger_fries/res.json,/home/oem/tmp_ws/FBFM/wam/lingbot-va/robotwin_outputs/rtc_short_le800_clean_stage2_seed20000_10/tasks/place_burger_fries/logs/client.log,/home/oem/tmp_ws/FBFM/wam/lingbot-va/robotwin_outputs/rtc_short_le800_clean_stage2_seed20000_10/tasks/place_burger_fries/logs/server.log,"/home/oem/tmp_ws/FBFM/wam/lingbot-va/robotwin_outputs/rtc_short_le800_clean_stage2_seed20000_10/tasks/place_burger_fries/client/stseed-20000/visualization/place_burger_fries/8_Take_the_hamburg_with_rounded_rectangular_shape,_take_the_Open-top_red_box_filled_with_fries,_and_place_them_onto_the_bright_orange_tray_with_glossy_finish._True.mp4"
place_burger_fries,stage2,9,20009,20010,true,213395,complete,/home/oem/tmp_ws/FBFM/wam/lingbot-va/robotwin_outputs/rtc_short_le800_clean_stage2_seed20000_10/tasks/place_burger_fries/client/stseed-20000/metrics/place_burger_fries/res.json,/home/oem/tmp_ws/FBFM/wam/lingbot-va/robotwin_outputs/rtc_short_le800_clean_stage2_seed20000_10/tasks/place_burger_fries/logs/client.log,/home/oem/tmp_ws/FBFM/wam/lingbot-va/robotwin_outputs/rtc_short_le800_clean_stage2_seed20000_10/tasks/place_burger_fries/logs/server.log,/home/oem/tmp_ws/FBFM/wam/lingbot-va/robotwin_outputs/rtc_short_le800_clean_stage2_seed20000_10/tasks/place_burger_fries/client/stseed-20000/visualization/place_burger_fries/9_Position_the_round_hamburg_and_the_small_red_fries_packet_on_the_plastic_tray_with_curved_edges_with_both_arms._True.mp4
place_empty_cup,stage1,0,10000,10000,true,89352,complete,/home/oem/tmp_ws/FBFM/wam/lingbot-va/robotwin_outputs/rtc_short_le800_clean_10/tasks/place_empty_cup/client/stseed-10000/metrics/place_empty_cup/res.json,/home/oem/tmp_ws/FBFM/wam/lingbot-va/robotwin_outputs/rtc_short_le800_clean_10/tasks/place_empty_cup/logs/client.log,/home/oem/tmp_ws/FBFM/wam/lingbot-va/robotwin_outputs/rtc_short_le800_clean_10/tasks/place_empty_cup/logs/server.log,"/home/oem/tmp_ws/FBFM/wam/lingbot-va/robotwin_outputs/rtc_short_le800_clean_10/tasks/place_empty_cup/client/stseed-10000/visualization/place_empty_cup/0_Using_the_arm,_drop_the_light_blue_plastic_cup_onto_the_flat_round_wooden_coaster._True.mp4"
place_empty_cup,stage1,1,10001,10001,true,71315,complete,/home/oem/tmp_ws/FBFM/wam/lingbot-va/robotwin_outputs/rtc_short_le800_clean_10/tasks/place_empty_cup/client/stseed-10000/metrics/place_empty_cup/res.json,/home/oem/tmp_ws/FBFM/wam/lingbot-va/robotwin_outputs/rtc_short_le800_clean_10/tasks/place_empty_cup/logs/client.log,/home/oem/tmp_ws/FBFM/wam/lingbot-va/robotwin_outputs/rtc_short_le800_clean_10/tasks/place_empty_cup/logs/server.log,/home/oem/tmp_ws/FBFM/wam/lingbot-va/robotwin_outputs/rtc_short_le800_clean_10/tasks/place_empty_cup/client/stseed-10000/visualization/place_empty_cup/1_Slide_the_rounded_base_blue_cup_onto_the_light_gray_round_grainy_coaster_True.mp4
place_empty_cup,stage1,2,10002,10002,true,75026,complete,/home/oem/tmp_ws/FBFM/wam/lingbot-va/robotwin_outputs/rtc_short_le800_clean_10/tasks/place_empty_cup/client/stseed-10000/metrics/place_empty_cup/res.json,/home/oem/tmp_ws/FBFM/wam/lingbot-va/robotwin_outputs/rtc_short_le800_clean_10/tasks/place_empty_cup/logs/client.log,/home/oem/tmp_ws/FBFM/wam/lingbot-va/robotwin_outputs/rtc_short_le800_clean_10/tasks/place_empty_cup/logs/server.log,/home/oem/tmp_ws/FBFM/wam/lingbot-va/robotwin_outputs/rtc_short_le800_clean_10/tasks/place_empty_cup/client/stseed-10000/visualization/place_empty_cup/2_Align_the_medium_blue_cylindrical_cup_and_set_it_down_on_the_round_coaster_True.mp4
place_empty_cup,stage1,3,10003,10003,true,86194,complete,/home/oem/tmp_ws/FBFM/wam/lingbot-va/robotwin_outputs/rtc_short_le800_clean_10/tasks/place_empty_cup/client/stseed-10000/metrics/place_empty_cup/res.json,/home/oem/tmp_ws/FBFM/wam/lingbot-va/robotwin_outputs/rtc_short_le800_clean_10/tasks/place_empty_cup/logs/client.log,/home/oem/tmp_ws/FBFM/wam/lingbot-va/robotwin_outputs/rtc_short_le800_clean_10/tasks/place_empty_cup/logs/server.log,/home/oem/tmp_ws/FBFM/wam/lingbot-va/robotwin_outputs/rtc_short_le800_clean_10/tasks/place_empty_cup/client/stseed-10000/visualization/place_empty_cup/3_Set_the_cup_with_light_blue_color_on_the_flat_round_wooden_coaster_using_the_arm._True.mp4
place_empty_cup,stage1,4,10004,10004,true,79455,complete,/home/oem/tmp_ws/FBFM/wam/lingbot-va/robotwin_outputs/rtc_short_le800_clean_10/tasks/place_empty_cup/client/stseed-10000/metrics/place_empty_cup/res.json,/home/oem/tmp_ws/FBFM/wam/lingbot-va/robotwin_outputs/rtc_short_le800_clean_10/tasks/place_empty_cup/logs/client.log,/home/oem/tmp_ws/FBFM/wam/lingbot-va/robotwin_outputs/rtc_short_le800_clean_10/tasks/place_empty_cup/logs/server.log,/home/oem/tmp_ws/FBFM/wam/lingbot-va/robotwin_outputs/rtc_short_le800_clean_10/tasks/place_empty_cup/client/stseed-10000/visualization/place_empty_cup/4_Place_the_plastic_cup_for_drinks_on_top_of_the_light_gray_round_grainy_coaster_True.mp4
place_empty_cup,stage1,5,10005,10005,true,77981,complete,/home/oem/tmp_ws/FBFM/wam/lingbot-va/robotwin_outputs/rtc_short_le800_clean_10/tasks/place_empty_cup/client/stseed-10000/metrics/place_empty_cup/res.json,/home/oem/tmp_ws/FBFM/wam/lingbot-va/robotwin_outputs/rtc_short_le800_clean_10/tasks/place_empty_cup/logs/client.log,/home/oem/tmp_ws/FBFM/wam/lingbot-va/robotwin_outputs/rtc_short_le800_clean_10/tasks/place_empty_cup/logs/server.log,/home/oem/tmp_ws/FBFM/wam/lingbot-va/robotwin_outputs/rtc_short_le800_clean_10/tasks/place_empty_cup/client/stseed-10000/visualization/place_empty_cup/5_Use_the_arm_to_set_the_medium-sized_plastic_blue_cup_on_the_flat_round_wooden_coaster_True.mp4
place_empty_cup,stage1,6,10006,10007,true,77175,complete,/home/oem/tmp_ws/FBFM/wam/lingbot-va/robotwin_outputs/rtc_short_le800_clean_10/tasks/place_empty_cup/client/stseed-10000/metrics/place_empty_cup/res.json,/home/oem/tmp_ws/FBFM/wam/lingbot-va/robotwin_outputs/rtc_short_le800_clean_10/tasks/place_empty_cup/logs/client.log,/home/oem/tmp_ws/FBFM/wam/lingbot-va/robotwin_outputs/rtc_short_le800_clean_10/tasks/place_empty_cup/logs/server.log,/home/oem/tmp_ws/FBFM/wam/lingbot-va/robotwin_outputs/rtc_short_le800_clean_10/tasks/place_empty_cup/client/stseed-10000/visualization/place_empty_cup/6_Slide_the_cup_with_smooth_plastic_surface_onto_the_coaster_made_of_smooth_wood_with_the_arm._True.mp4
place_empty_cup,stage1,7,10007,10009,true,74842,complete,/home/oem/tmp_ws/FBFM/wam/lingbot-va/robotwin_outputs/rtc_short_le800_clean_10/tasks/place_empty_cup/client/stseed-10000/metrics/place_empty_cup/res.json,/home/oem/tmp_ws/FBFM/wam/lingbot-va/robotwin_outputs/rtc_short_le800_clean_10/tasks/place_empty_cup/logs/client.log,/home/oem/tmp_ws/FBFM/wam/lingbot-va/robotwin_outputs/rtc_short_le800_clean_10/tasks/place_empty_cup/logs/server.log,/home/oem/tmp_ws/FBFM/wam/lingbot-va/robotwin_outputs/rtc_short_le800_clean_10/tasks/place_empty_cup/client/stseed-10000/visualization/place_empty_cup/7_Carefully_place_the_cup_with_smooth_plastic_surface_onto_the_coaster_made_of_smooth_wood_without_arm_True.mp4
place_empty_cup,stage1,8,10008,10010,true,78948,complete,/home/oem/tmp_ws/FBFM/wam/lingbot-va/robotwin_outputs/rtc_short_le800_clean_10/tasks/place_empty_cup/client/stseed-10000/metrics/place_empty_cup/res.json,/home/oem/tmp_ws/FBFM/wam/lingbot-va/robotwin_outputs/rtc_short_le800_clean_10/tasks/place_empty_cup/logs/client.log,/home/oem/tmp_ws/FBFM/wam/lingbot-va/robotwin_outputs/rtc_short_le800_clean_10/tasks/place_empty_cup/logs/server.log,/home/oem/tmp_ws/FBFM/wam/lingbot-va/robotwin_outputs/rtc_short_le800_clean_10/tasks/place_empty_cup/client/stseed-10000/visualization/place_empty_cup/8_Use_arm_to_place_the_rounded_base_blue_cup_on_the_light_gray_streaked_wooden_coaster_True.mp4
place_empty_cup,stage1,9,10009,10011,true,69370,complete,/home/oem/tmp_ws/FBFM/wam/lingbot-va/robotwin_outputs/rtc_short_le800_clean_10/tasks/place_empty_cup/client/stseed-10000/metrics/place_empty_cup/res.json,/home/oem/tmp_ws/FBFM/wam/lingbot-va/robotwin_outputs/rtc_short_le800_clean_10/tasks/place_empty_cup/logs/client.log,/home/oem/tmp_ws/FBFM/wam/lingbot-va/robotwin_outputs/rtc_short_le800_clean_10/tasks/place_empty_cup/logs/server.log,/home/oem/tmp_ws/FBFM/wam/lingbot-va/robotwin_outputs/rtc_short_le800_clean_10/tasks/place_empty_cup/client/stseed-10000/visualization/place_empty_cup/9_Move_the_plastic_cup_for_drinks_onto_the_coaster_made_of_smooth_wood_with_the_arm_True.mp4
place_empty_cup,stage2,0,20000,20000,true,68294,complete,/home/oem/tmp_ws/FBFM/wam/lingbot-va/robotwin_outputs/rtc_short_le800_clean_stage2_seed20000_10/tasks/place_empty_cup/client/stseed-20000/metrics/place_empty_cup/res.json,/home/oem/tmp_ws/FBFM/wam/lingbot-va/robotwin_outputs/rtc_short_le800_clean_stage2_seed20000_10/tasks/place_empty_cup/logs/client.log,/home/oem/tmp_ws/FBFM/wam/lingbot-va/robotwin_outputs/rtc_short_le800_clean_stage2_seed20000_10/tasks/place_empty_cup/logs/server.log,/home/oem/tmp_ws/FBFM/wam/lingbot-va/robotwin_outputs/rtc_short_le800_clean_stage2_seed20000_10/tasks/place_empty_cup/client/stseed-20000/visualization/place_empty_cup/0_Pick_the_cylindrical_light_blue_cup_up_and_drop_it_on_the_coaster_made_of_smooth_wood._True.mp4
place_empty_cup,stage2,1,20001,20001,true,75552,complete,/home/oem/tmp_ws/FBFM/wam/lingbot-va/robotwin_outputs/rtc_short_le800_clean_stage2_seed20000_10/tasks/place_empty_cup/client/stseed-20000/metrics/place_empty_cup/res.json,/home/oem/tmp_ws/FBFM/wam/lingbot-va/robotwin_outputs/rtc_short_le800_clean_stage2_seed20000_10/tasks/place_empty_cup/logs/client.log,/home/oem/tmp_ws/FBFM/wam/lingbot-va/robotwin_outputs/rtc_short_le800_clean_stage2_seed20000_10/tasks/place_empty_cup/logs/server.log,/home/oem/tmp_ws/FBFM/wam/lingbot-va/robotwin_outputs/rtc_short_le800_clean_stage2_seed20000_10/tasks/place_empty_cup/client/stseed-20000/visualization/place_empty_cup/1_Slide_the_plastic_cup_for_drinks_onto_the_round_coaster_with_light_streaks_with_the_arm._True.mp4
place_empty_cup,stage2,2,20002,20002,true,85256,complete,/home/oem/tmp_ws/FBFM/wam/lingbot-va/robotwin_outputs/rtc_short_le800_clean_stage2_seed20000_10/tasks/place_empty_cup/client/stseed-20000/metrics/place_empty_cup/res.json,/home/oem/tmp_ws/FBFM/wam/lingbot-va/robotwin_outputs/rtc_short_le800_clean_stage2_seed20000_10/tasks/place_empty_cup/logs/client.log,/home/oem/tmp_ws/FBFM/wam/lingbot-va/robotwin_outputs/rtc_short_le800_clean_stage2_seed20000_10/tasks/place_empty_cup/logs/server.log,/home/oem/tmp_ws/FBFM/wam/lingbot-va/robotwin_outputs/rtc_short_le800_clean_stage2_seed20000_10/tasks/place_empty_cup/client/stseed-20000/visualization/place_empty_cup/2_Stick_the_light_blue_plastic_cup_onto_the_round_coaster_with_light_streaks_using_the_arm._True.mp4
place_empty_cup,stage2,3,20003,20003,true,79711,complete,/home/oem/tmp_ws/FBFM/wam/lingbot-va/robotwin_outputs/rtc_short_le800_clean_stage2_seed20000_10/tasks/place_empty_cup/client/stseed-20000/metrics/place_empty_cup/res.json,/home/oem/tmp_ws/FBFM/wam/lingbot-va/robotwin_outputs/rtc_short_le800_clean_stage2_seed20000_10/tasks/place_empty_cup/logs/client.log,/home/oem/tmp_ws/FBFM/wam/lingbot-va/robotwin_outputs/rtc_short_le800_clean_stage2_seed20000_10/tasks/place_empty_cup/logs/server.log,/home/oem/tmp_ws/FBFM/wam/lingbot-va/robotwin_outputs/rtc_short_le800_clean_stage2_seed20000_10/tasks/place_empty_cup/client/stseed-20000/visualization/place_empty_cup/3_Use_the_arm_to_slide_the_cup_for_holding_liquids_onto_the_grainy_texture_coaster._True.mp4
place_empty_cup,stage2,4,20004,20004,true,85404,complete,/home/oem/tmp_ws/FBFM/wam/lingbot-va/robotwin_outputs/rtc_short_le800_clean_stage2_seed20000_10/tasks/place_empty_cup/client/stseed-20000/metrics/place_empty_cup/res.json,/home/oem/tmp_ws/FBFM/wam/lingbot-va/robotwin_outputs/rtc_short_le800_clean_stage2_seed20000_10/tasks/place_empty_cup/logs/client.log,/home/oem/tmp_ws/FBFM/wam/lingbot-va/robotwin_outputs/rtc_short_le800_clean_stage2_seed20000_10/tasks/place_empty_cup/logs/server.log,/home/oem/tmp_ws/FBFM/wam/lingbot-va/robotwin_outputs/rtc_short_le800_clean_stage2_seed20000_10/tasks/place_empty_cup/client/stseed-20000/visualization/place_empty_cup/4_Move_the_blue_rounded-bottom_cup_using_the_arm_onto_the_grainy_texture_coaster._True.mp4
place_empty_cup,stage2,5,20005,20005,true,94288,complete,/home/oem/tmp_ws/FBFM/wam/lingbot-va/robotwin_outputs/rtc_short_le800_clean_stage2_seed20000_10/tasks/place_empty_cup/client/stseed-20000/metrics/place_empty_cup/res.json,/home/oem/tmp_ws/FBFM/wam/lingbot-va/robotwin_outputs/rtc_short_le800_clean_stage2_seed20000_10/tasks/place_empty_cup/logs/client.log,/home/oem/tmp_ws/FBFM/wam/lingbot-va/robotwin_outputs/rtc_short_le800_clean_stage2_seed20000_10/tasks/place_empty_cup/logs/server.log,/home/oem/tmp_ws/FBFM/wam/lingbot-va/robotwin_outputs/rtc_short_le800_clean_stage2_seed20000_10/tasks/place_empty_cup/client/stseed-20000/visualization/place_empty_cup/5_Stick_the_rounded_base_blue_cup_onto_the_grainy_texture_coaster_using_the_arm._True.mp4
place_empty_cup,stage2,6,20006,20006,true,76374,complete,/home/oem/tmp_ws/FBFM/wam/lingbot-va/robotwin_outputs/rtc_short_le800_clean_stage2_seed20000_10/tasks/place_empty_cup/client/stseed-20000/metrics/place_empty_cup/res.json,/home/oem/tmp_ws/FBFM/wam/lingbot-va/robotwin_outputs/rtc_short_le800_clean_stage2_seed20000_10/tasks/place_empty_cup/logs/client.log,/home/oem/tmp_ws/FBFM/wam/lingbot-va/robotwin_outputs/rtc_short_le800_clean_stage2_seed20000_10/tasks/place_empty_cup/logs/server.log,/home/oem/tmp_ws/FBFM/wam/lingbot-va/robotwin_outputs/rtc_short_le800_clean_stage2_seed20000_10/tasks/place_empty_cup/client/stseed-20000/visualization/place_empty_cup/6_Stick_the_smooth_blue_cup_for_liquids_onto_the_round_coaster_with_light_streaks_carefully._True.mp4
place_empty_cup,stage2,7,20007,20007,true,82951,complete,/home/oem/tmp_ws/FBFM/wam/lingbot-va/robotwin_outputs/rtc_short_le800_clean_stage2_seed20000_10/tasks/place_empty_cup/client/stseed-20000/metrics/place_empty_cup/res.json,/home/oem/tmp_ws/FBFM/wam/lingbot-va/robotwin_outputs/rtc_short_le800_clean_stage2_seed20000_10/tasks/place_empty_cup/logs/client.log,/home/oem/tmp_ws/FBFM/wam/lingbot-va/robotwin_outputs/rtc_short_le800_clean_stage2_seed20000_10/tasks/place_empty_cup/logs/server.log,/home/oem/tmp_ws/FBFM/wam/lingbot-va/robotwin_outputs/rtc_short_le800_clean_stage2_seed20000_10/tasks/place_empty_cup/client/stseed-20000/visualization/place_empty_cup/7_Position_the_plastic_cup_for_drinks_carefully_on_the_light_gray_streaked_wooden_coaster_True.mp4
place_empty_cup,stage2,8,20008,20008,true,82819,complete,/home/oem/tmp_ws/FBFM/wam/lingbot-va/robotwin_outputs/rtc_short_le800_clean_stage2_seed20000_10/tasks/place_empty_cup/client/stseed-20000/metrics/place_empty_cup/res.json,/home/oem/tmp_ws/FBFM/wam/lingbot-va/robotwin_outputs/rtc_short_le800_clean_stage2_seed20000_10/tasks/place_empty_cup/logs/client.log,/home/oem/tmp_ws/FBFM/wam/lingbot-va/robotwin_outputs/rtc_short_le800_clean_stage2_seed20000_10/tasks/place_empty_cup/logs/server.log,/home/oem/tmp_ws/FBFM/wam/lingbot-va/robotwin_outputs/rtc_short_le800_clean_stage2_seed20000_10/tasks/place_empty_cup/client/stseed-20000/visualization/place_empty_cup/8_Make_sure_the_medium_blue_cylindrical_cup_ends_up_on_the_grainy_texture_coaster._True.mp4
place_empty_cup,stage2,9,20009,20010,true,82359,complete,/home/oem/tmp_ws/FBFM/wam/lingbot-va/robotwin_outputs/rtc_short_le800_clean_stage2_seed20000_10/tasks/place_empty_cup/client/stseed-20000/metrics/place_empty_cup/res.json,/home/oem/tmp_ws/FBFM/wam/lingbot-va/robotwin_outputs/rtc_short_le800_clean_stage2_seed20000_10/tasks/place_empty_cup/logs/client.log,/home/oem/tmp_ws/FBFM/wam/lingbot-va/robotwin_outputs/rtc_short_le800_clean_stage2_seed20000_10/tasks/place_empty_cup/logs/server.log,"/home/oem/tmp_ws/FBFM/wam/lingbot-va/robotwin_outputs/rtc_short_le800_clean_stage2_seed20000_10/tasks/place_empty_cup/client/stseed-20000/visualization/place_empty_cup/9_Using_the_arm,_slide_the_cylindrical_light_blue_cup_onto_the_flat_round_wooden_coaster._True.mp4"
place_shoe,stage1,0,10000,10002,true,167099,complete,/home/oem/tmp_ws/FBFM/wam/lingbot-va/robotwin_outputs/rtc_short_le800_clean_10/tasks/place_shoe/client/stseed-10000/metrics/place_shoe/res.json,/home/oem/tmp_ws/FBFM/wam/lingbot-va/robotwin_outputs/rtc_short_le800_clean_10/tasks/place_shoe/logs/client.log,/home/oem/tmp_ws/FBFM/wam/lingbot-va/robotwin_outputs/rtc_short_le800_clean_10/tasks/place_shoe/logs/server.log,/home/oem/tmp_ws/FBFM/wam/lingbot-va/robotwin_outputs/rtc_short_le800_clean_10/tasks/place_shoe/client/stseed-10000/visualization/place_shoe/0_Lift_the_shoe_with_flat_rubber_sole_from_the_table_and_gently_place_it_onto_the_mat_True.mp4
place_shoe,stage1,1,10001,10003,true,126420,complete,/home/oem/tmp_ws/FBFM/wam/lingbot-va/robotwin_outputs/rtc_short_le800_clean_10/tasks/place_shoe/client/stseed-10000/metrics/place_shoe/res.json,/home/oem/tmp_ws/FBFM/wam/lingbot-va/robotwin_outputs/rtc_short_le800_clean_10/tasks/place_shoe/logs/client.log,/home/oem/tmp_ws/FBFM/wam/lingbot-va/robotwin_outputs/rtc_short_le800_clean_10/tasks/place_shoe/logs/server.log,/home/oem/tmp_ws/FBFM/wam/lingbot-va/robotwin_outputs/rtc_short_le800_clean_10/tasks/place_shoe/client/stseed-10000/visualization/place_shoe/1_Pick_the_shoe_with_lace_holes_up_from_the_table_and_put_it_on_the_mat_True.mp4
place_shoe,stage1,2,10002,10004,false,406854,complete,/home/oem/tmp_ws/FBFM/wam/lingbot-va/robotwin_outputs/rtc_short_le800_clean_10/tasks/place_shoe/client/stseed-10000/metrics/place_shoe/res.json,/home/oem/tmp_ws/FBFM/wam/lingbot-va/robotwin_outputs/rtc_short_le800_clean_10/tasks/place_shoe/logs/client.log,/home/oem/tmp_ws/FBFM/wam/lingbot-va/robotwin_outputs/rtc_short_le800_clean_10/tasks/place_shoe/logs/server.log,/home/oem/tmp_ws/FBFM/wam/lingbot-va/robotwin_outputs/rtc_short_le800_clean_10/tasks/place_shoe/client/stseed-10000/visualization/place_shoe/2_Take_the_the_shoe_with_beige_sole_off_the_table_and_put_it_on_the_mat_False.mp4
place_shoe,stage1,3,10003,10005,false,436858,complete,/home/oem/tmp_ws/FBFM/wam/lingbot-va/robotwin_outputs/rtc_short_le800_clean_10/tasks/place_shoe/client/stseed-10000/metrics/place_shoe/res.json,/home/oem/tmp_ws/FBFM/wam/lingbot-va/robotwin_outputs/rtc_short_le800_clean_10/tasks/place_shoe/logs/client.log,/home/oem/tmp_ws/FBFM/wam/lingbot-va/robotwin_outputs/rtc_short_le800_clean_10/tasks/place_shoe/logs/server.log,/home/oem/tmp_ws/FBFM/wam/lingbot-va/robotwin_outputs/rtc_short_le800_clean_10/tasks/place_shoe/client/stseed-10000/visualization/place_shoe/3_Take_the_green_upper_white_logo_shoe_from_the_table_and_place_it_on_the_mat_False.mp4
place_shoe,stage1,4,10004,10006,true,112124,complete,/home/oem/tmp_ws/FBFM/wam/lingbot-va/robotwin_outputs/rtc_short_le800_clean_10/tasks/place_shoe/client/stseed-10000/metrics/place_shoe/res.json,/home/oem/tmp_ws/FBFM/wam/lingbot-va/robotwin_outputs/rtc_short_le800_clean_10/tasks/place_shoe/logs/client.log,/home/oem/tmp_ws/FBFM/wam/lingbot-va/robotwin_outputs/rtc_short_le800_clean_10/tasks/place_shoe/logs/server.log,"/home/oem/tmp_ws/FBFM/wam/lingbot-va/robotwin_outputs/rtc_short_le800_clean_10/tasks/place_shoe/client/stseed-10000/visualization/place_shoe/4_Grab_the_lace-up_shoe_using_the_left_arm,_move_it_from_the_table_to_the_mat_True.mp4"
place_shoe,stage1,5,10005,10007,false,420660,complete,/home/oem/tmp_ws/FBFM/wam/lingbot-va/robotwin_outputs/rtc_short_le800_clean_10/tasks/place_shoe/client/stseed-10000/metrics/place_shoe/res.json,/home/oem/tmp_ws/FBFM/wam/lingbot-va/robotwin_outputs/rtc_short_le800_clean_10/tasks/place_shoe/logs/client.log,/home/oem/tmp_ws/FBFM/wam/lingbot-va/robotwin_outputs/rtc_short_le800_clean_10/tasks/place_shoe/logs/server.log,"/home/oem/tmp_ws/FBFM/wam/lingbot-va/robotwin_outputs/rtc_short_le800_clean_10/tasks/place_shoe/client/stseed-10000/visualization/place_shoe/5_With_the_left_arm,_grab_the_black_shoe_with_white_accents_off_the_table_and_place_it_onto_the_mat_False.mp4"
place_shoe,stage1,6,10006,10008,true,167860,complete,/home/oem/tmp_ws/FBFM/wam/lingbot-va/robotwin_outputs/rtc_short_le800_clean_10/tasks/place_shoe/client/stseed-10000/metrics/place_shoe/res.json,/home/oem/tmp_ws/FBFM/wam/lingbot-va/robotwin_outputs/rtc_short_le800_clean_10/tasks/place_shoe/logs/client.log,/home/oem/tmp_ws/FBFM/wam/lingbot-va/robotwin_outputs/rtc_short_le800_clean_10/tasks/place_shoe/logs/server.log,/home/oem/tmp_ws/FBFM/wam/lingbot-va/robotwin_outputs/rtc_short_le800_clean_10/tasks/place_shoe/client/stseed-10000/visualization/place_shoe/6_Pick_up_the_rounded-top_white_shoe_with_the_right_arm_from_the_table_and_place_it_on_the_mat_True.mp4
place_shoe,stage1,7,10007,10009,true,127475,complete,/home/oem/tmp_ws/FBFM/wam/lingbot-va/robotwin_outputs/rtc_short_le800_clean_10/tasks/place_shoe/client/stseed-10000/metrics/place_shoe/res.json,/home/oem/tmp_ws/FBFM/wam/lingbot-va/robotwin_outputs/rtc_short_le800_clean_10/tasks/place_shoe/logs/client.log,/home/oem/tmp_ws/FBFM/wam/lingbot-va/robotwin_outputs/rtc_short_le800_clean_10/tasks/place_shoe/logs/server.log,/home/oem/tmp_ws/FBFM/wam/lingbot-va/robotwin_outputs/rtc_short_le800_clean_10/tasks/place_shoe/client/stseed-10000/visualization/place_shoe/7_Move_the_white_shoe_from_the_table_to_the_mat_in_one_fluid_motion_True.mp4
place_shoe,stage1,8,10008,10010,false,417665,complete,/home/oem/tmp_ws/FBFM/wam/lingbot-va/robotwin_outputs/rtc_short_le800_clean_10/tasks/place_shoe/client/stseed-10000/metrics/place_shoe/res.json,/home/oem/tmp_ws/FBFM/wam/lingbot-va/robotwin_outputs/rtc_short_le800_clean_10/tasks/place_shoe/logs/client.log,/home/oem/tmp_ws/FBFM/wam/lingbot-va/robotwin_outputs/rtc_short_le800_clean_10/tasks/place_shoe/logs/server.log,/home/oem/tmp_ws/FBFM/wam/lingbot-va/robotwin_outputs/rtc_short_le800_clean_10/tasks/place_shoe/client/stseed-10000/visualization/place_shoe/8_Lift_the_the_average_adult-sized_shoe_from_the_table_and_place_it_onto_the_mat_False.mp4
place_shoe,stage1,9,10009,10011,true,190448,complete,/home/oem/tmp_ws/FBFM/wam/lingbot-va/robotwin_outputs/rtc_short_le800_clean_10/tasks/place_shoe/client/stseed-10000/metrics/place_shoe/res.json,/home/oem/tmp_ws/FBFM/wam/lingbot-va/robotwin_outputs/rtc_short_le800_clean_10/tasks/place_shoe/logs/client.log,/home/oem/tmp_ws/FBFM/wam/lingbot-va/robotwin_outputs/rtc_short_le800_clean_10/tasks/place_shoe/logs/server.log,"/home/oem/tmp_ws/FBFM/wam/lingbot-va/robotwin_outputs/rtc_short_le800_clean_10/tasks/place_shoe/client/stseed-10000/visualization/place_shoe/9_With_the_left_arm,_grab_the_shoe_with_lace_holes_from_the_table_and_place_it_on_the_mat_True.mp4"
place_shoe,stage2,0,20000,20002,true,154325,complete,/home/oem/tmp_ws/FBFM/wam/lingbot-va/robotwin_outputs/rtc_short_le800_clean_stage2_seed20000_10/tasks/place_shoe/client/stseed-20000/metrics/place_shoe/res.json,/home/oem/tmp_ws/FBFM/wam/lingbot-va/robotwin_outputs/rtc_short_le800_clean_stage2_seed20000_10/tasks/place_shoe/logs/client.log,/home/oem/tmp_ws/FBFM/wam/lingbot-va/robotwin_outputs/rtc_short_le800_clean_stage2_seed20000_10/tasks/place_shoe/logs/server.log,/home/oem/tmp_ws/FBFM/wam/lingbot-va/robotwin_outputs/rtc_short_le800_clean_stage2_seed20000_10/tasks/place_shoe/client/stseed-20000/visualization/place_shoe/0_Use_the_right_arm_to_pick_up_the_wearable_foot_protector_shoe_from_the_table_and_drop_it_on_the_mat_True.mp4
place_shoe,stage2,1,20001,20003,true,155472,complete,/home/oem/tmp_ws/FBFM/wam/lingbot-va/robotwin_outputs/rtc_short_le800_clean_stage2_seed20000_10/tasks/place_shoe/client/stseed-20000/metrics/place_shoe/res.json,/home/oem/tmp_ws/FBFM/wam/lingbot-va/robotwin_outputs/rtc_short_le800_clean_stage2_seed20000_10/tasks/place_shoe/logs/client.log,/home/oem/tmp_ws/FBFM/wam/lingbot-va/robotwin_outputs/rtc_short_le800_clean_stage2_seed20000_10/tasks/place_shoe/logs/server.log,/home/oem/tmp_ws/FBFM/wam/lingbot-va/robotwin_outputs/rtc_short_le800_clean_stage2_seed20000_10/tasks/place_shoe/client/stseed-20000/visualization/place_shoe/1_Move_the_white_shoe_with_three_stripes_from_the_table_and_place_it_down_on_the_mat_True.mp4
place_shoe,stage2,2,20002,20004,true,136471,complete,/home/oem/tmp_ws/FBFM/wam/lingbot-va/robotwin_outputs/rtc_short_le800_clean_stage2_seed20000_10/tasks/place_shoe/client/stseed-20000/metrics/place_shoe/res.json,/home/oem/tmp_ws/FBFM/wam/lingbot-va/robotwin_outputs/rtc_short_le800_clean_stage2_seed20000_10/tasks/place_shoe/logs/client.log,/home/oem/tmp_ws/FBFM/wam/lingbot-va/robotwin_outputs/rtc_short_le800_clean_stage2_seed20000_10/tasks/place_shoe/logs/server.log,"/home/oem/tmp_ws/FBFM/wam/lingbot-va/robotwin_outputs/rtc_short_le800_clean_stage2_seed20000_10/tasks/place_shoe/client/stseed-20000/visualization/place_shoe/2_With_the_left_arm,_pick_the_black_and_white_shoe_up_from_the_table_and_put_it_on_the_mat_True.mp4"
place_shoe,stage2,3,20003,20005,true,160024,complete,/home/oem/tmp_ws/FBFM/wam/lingbot-va/robotwin_outputs/rtc_short_le800_clean_stage2_seed20000_10/tasks/place_shoe/client/stseed-20000/metrics/place_shoe/res.json,/home/oem/tmp_ws/FBFM/wam/lingbot-va/robotwin_outputs/rtc_short_le800_clean_stage2_seed20000_10/tasks/place_shoe/logs/client.log,/home/oem/tmp_ws/FBFM/wam/lingbot-va/robotwin_outputs/rtc_short_le800_clean_stage2_seed20000_10/tasks/place_shoe/logs/server.log,/home/oem/tmp_ws/FBFM/wam/lingbot-va/robotwin_outputs/rtc_short_le800_clean_stage2_seed20000_10/tasks/place_shoe/client/stseed-20000/visualization/place_shoe/3_Use_the_left_arm_to_pick_up_the_white_shoe_with_flat_sole_from_the_table_and_drop_it_on_the_mat_True.mp4
place_shoe,stage2,4,20004,20006,true,138521,complete,/home/oem/tmp_ws/FBFM/wam/lingbot-va/robotwin_outputs/rtc_short_le800_clean_stage2_seed20000_10/tasks/place_shoe/client/stseed-20000/metrics/place_shoe/res.json,/home/oem/tmp_ws/FBFM/wam/lingbot-va/robotwin_outputs/rtc_short_le800_clean_stage2_seed20000_10/tasks/place_shoe/logs/client.log,/home/oem/tmp_ws/FBFM/wam/lingbot-va/robotwin_outputs/rtc_short_le800_clean_stage2_seed20000_10/tasks/place_shoe/logs/server.log,/home/oem/tmp_ws/FBFM/wam/lingbot-va/robotwin_outputs/rtc_short_le800_clean_stage2_seed20000_10/tasks/place_shoe/client/stseed-20000/visualization/place_shoe/4_Use_the_right_arm_to_pick_the_shoe_with_textured_sole_and_position_it_on_the_mat_True.mp4
place_shoe,stage2,5,20005,20007,false,523110,complete,/home/oem/tmp_ws/FBFM/wam/lingbot-va/robotwin_outputs/rtc_short_le800_clean_stage2_seed20000_10/tasks/place_shoe/client/stseed-20000/metrics/place_shoe/res.json,/home/oem/tmp_ws/FBFM/wam/lingbot-va/robotwin_outputs/rtc_short_le800_clean_stage2_seed20000_10/tasks/place_shoe/logs/client.log,/home/oem/tmp_ws/FBFM/wam/lingbot-va/robotwin_outputs/rtc_short_le800_clean_stage2_seed20000_10/tasks/place_shoe/logs/server.log,/home/oem/tmp_ws/FBFM/wam/lingbot-va/robotwin_outputs/rtc_short_le800_clean_stage2_seed20000_10/tasks/place_shoe/client/stseed-20000/visualization/place_shoe/5_Take_the_the_shoe_with_textured_sole_from_the_table_using_the_left_arm_and_drop_it_on_the_mat_False.mp4
place_shoe,stage2,6,20006,20008,false,448419,complete,/home/oem/tmp_ws/FBFM/wam/lingbot-va/robotwin_outputs/rtc_short_le800_clean_stage2_seed20000_10/tasks/place_shoe/client/stseed-20000/metrics/place_shoe/res.json,/home/oem/tmp_ws/FBFM/wam/lingbot-va/robotwin_outputs/rtc_short_le800_clean_stage2_seed20000_10/tasks/place_shoe/logs/client.log,/home/oem/tmp_ws/FBFM/wam/lingbot-va/robotwin_outputs/rtc_short_le800_clean_stage2_seed20000_10/tasks/place_shoe/logs/server.log,"/home/oem/tmp_ws/FBFM/wam/lingbot-va/robotwin_outputs/rtc_short_le800_clean_stage2_seed20000_10/tasks/place_shoe/client/stseed-20000/visualization/place_shoe/6_Using_the_left_arm,_grasp_the_white_and_green_shoe_from_the_table_and_place_it_onto_the_mat_False.mp4"
place_shoe,stage2,7,20007,20011,true,215374,complete,/home/oem/tmp_ws/FBFM/wam/lingbot-va/robotwin_outputs/rtc_short_le800_clean_stage2_seed20000_10/tasks/place_shoe/client/stseed-20000/metrics/place_shoe/res.json,/home/oem/tmp_ws/FBFM/wam/lingbot-va/robotwin_outputs/rtc_short_le800_clean_stage2_seed20000_10/tasks/place_shoe/logs/client.log,/home/oem/tmp_ws/FBFM/wam/lingbot-va/robotwin_outputs/rtc_short_le800_clean_stage2_seed20000_10/tasks/place_shoe/logs/server.log,/home/oem/tmp_ws/FBFM/wam/lingbot-va/robotwin_outputs/rtc_short_le800_clean_stage2_seed20000_10/tasks/place_shoe/client/stseed-20000/visualization/place_shoe/7_Grab_the_white_sneaker_with_red_accents_from_the_table_with_the_left_arm_and_place_it_on_the_mat_True.mp4
place_shoe,stage2,8,20008,20012,true,130915,complete,/home/oem/tmp_ws/FBFM/wam/lingbot-va/robotwin_outputs/rtc_short_le800_clean_stage2_seed20000_10/tasks/place_shoe/client/stseed-20000/metrics/place_shoe/res.json,/home/oem/tmp_ws/FBFM/wam/lingbot-va/robotwin_outputs/rtc_short_le800_clean_stage2_seed20000_10/tasks/place_shoe/logs/client.log,/home/oem/tmp_ws/FBFM/wam/lingbot-va/robotwin_outputs/rtc_short_le800_clean_stage2_seed20000_10/tasks/place_shoe/logs/server.log,/home/oem/tmp_ws/FBFM/wam/lingbot-va/robotwin_outputs/rtc_short_le800_clean_stage2_seed20000_10/tasks/place_shoe/client/stseed-20000/visualization/place_shoe/8_Move_the_comfortable_shoe_for_walking_from_the_table_to_the_mat_True.mp4
place_shoe,stage2,9,20009,20013,true,114509,complete,/home/oem/tmp_ws/FBFM/wam/lingbot-va/robotwin_outputs/rtc_short_le800_clean_stage2_seed20000_10/tasks/place_shoe/client/stseed-20000/metrics/place_shoe/res.json,/home/oem/tmp_ws/FBFM/wam/lingbot-va/robotwin_outputs/rtc_short_le800_clean_stage2_seed20000_10/tasks/place_shoe/logs/client.log,/home/oem/tmp_ws/FBFM/wam/lingbot-va/robotwin_outputs/rtc_short_le800_clean_stage2_seed20000_10/tasks/place_shoe/logs/server.log,/home/oem/tmp_ws/FBFM/wam/lingbot-va/robotwin_outputs/rtc_short_le800_clean_stage2_seed20000_10/tasks/place_shoe/client/stseed-20000/visualization/place_shoe/9_Move_the_shoe_with_grooved_bottom_from_the_table_and_place_it_down_on_the_mat_True.mp4
scan_object,stage1,0,10000,10007,false,604303,complete,/home/oem/tmp_ws/FBFM/wam/lingbot-va/robotwin_outputs/rtc_short_le800_clean_10/tasks/scan_object/client/stseed-10000/metrics/scan_object/res.json,/home/oem/tmp_ws/FBFM/wam/lingbot-va/robotwin_outputs/rtc_short_le800_clean_10/tasks/scan_object/logs/client.log,/home/oem/tmp_ws/FBFM/wam/lingbot-va/robotwin_outputs/rtc_short_le800_clean_10/tasks/scan_object/logs/server.log,"/home/oem/tmp_ws/FBFM/wam/lingbot-va/robotwin_outputs/rtc_short_le800_clean_10/tasks/scan_object/client/stseed-10000/visualization/scan_object/0_Take_hold_of_the_barcode_scanner_with_curved_handle_using_the_right_arm,_grab_the_light_beige_box_with_embossed_gold_leaf_using_the_left_arm,_and_scan_it._False.mp4"
scan_object,stage1,1,10001,10012,true,184093,complete,/home/oem/tmp_ws/FBFM/wam/lingbot-va/robotwin_outputs/rtc_short_le800_clean_10/tasks/scan_object/client/stseed-10000/metrics/scan_object/res.json,/home/oem/tmp_ws/FBFM/wam/lingbot-va/robotwin_outputs/rtc_short_le800_clean_10/tasks/scan_object/logs/client.log,/home/oem/tmp_ws/FBFM/wam/lingbot-va/robotwin_outputs/rtc_short_le800_clean_10/tasks/scan_object/logs/server.log,"/home/oem/tmp_ws/FBFM/wam/lingbot-va/robotwin_outputs/rtc_short_le800_clean_10/tasks/scan_object/client/stseed-10000/visualization/scan_object/1_Grab_the_black_scanner_in_one_hand,_pick_the_green_tea_box_in_the_other_hand,_then_scan_the_green_tea_box_with_the_black_scanner_True.mp4"
scan_object,stage1,2,10002,10018,true,278028,complete,/home/oem/tmp_ws/FBFM/wam/lingbot-va/robotwin_outputs/rtc_short_le800_clean_10/tasks/scan_object/client/stseed-10000/metrics/scan_object/res.json,/home/oem/tmp_ws/FBFM/wam/lingbot-va/robotwin_outputs/rtc_short_le800_clean_10/tasks/scan_object/logs/client.log,/home/oem/tmp_ws/FBFM/wam/lingbot-va/robotwin_outputs/rtc_short_le800_clean_10/tasks/scan_object/logs/server.log,"/home/oem/tmp_ws/FBFM/wam/lingbot-va/robotwin_outputs/rtc_short_le800_clean_10/tasks/scan_object/client/stseed-10000/visualization/scan_object/2_Handle_the_black_scanner_and_the_black_tea-box_separately,_ensuring_the_black_scanner_scans_the_black_tea-box._True.mp4"
scan_object,stage1,3,10003,10020,false,627458,complete,/home/oem/tmp_ws/FBFM/wam/lingbot-va/robotwin_outputs/rtc_short_le800_clean_10/tasks/scan_object/client/stseed-10000/metrics/scan_object/res.json,/home/oem/tmp_ws/FBFM/wam/lingbot-va/robotwin_outputs/rtc_short_le800_clean_10/tasks/scan_object/logs/client.log,/home/oem/tmp_ws/FBFM/wam/lingbot-va/robotwin_outputs/rtc_short_le800_clean_10/tasks/scan_object/logs/server.log,"/home/oem/tmp_ws/FBFM/wam/lingbot-va/robotwin_outputs/rtc_short_le800_clean_10/tasks/scan_object/client/stseed-10000/visualization/scan_object/3_Grab_the_compact_black_scanner_for_easy_grip_with_one_arm,_the_printed_tea-box_with_the_other,_and_use_the_compact_black_scanner_for_easy_grip_to_scan._False.mp4"
scan_object,stage1,4,10004,10022,true,171485,complete,/home/oem/tmp_ws/FBFM/wam/lingbot-va/robotwin_outputs/rtc_short_le800_clean_10/tasks/scan_object/client/stseed-10000/metrics/scan_object/res.json,/home/oem/tmp_ws/FBFM/wam/lingbot-va/robotwin_outputs/rtc_short_le800_clean_10/tasks/scan_object/logs/client.log,/home/oem/tmp_ws/FBFM/wam/lingbot-va/robotwin_outputs/rtc_short_le800_clean_10/tasks/scan_object/logs/server.log,"/home/oem/tmp_ws/FBFM/wam/lingbot-va/robotwin_outputs/rtc_short_le800_clean_10/tasks/scan_object/client/stseed-10000/visualization/scan_object/4_the_left_arm_picks_up_the_small_scanner_system,_the_right_arm_holds_the_tea-box_with_white_TEA_text,_and_you_scan_the_tea-box_with_white_TEA_text_with_the_small_scanner_system._True.mp4"
scan_object,stage1,5,10005,10024,true,206110,complete,/home/oem/tmp_ws/FBFM/wam/lingbot-va/robotwin_outputs/rtc_short_le800_clean_10/tasks/scan_object/client/stseed-10000/metrics/scan_object/res.json,/home/oem/tmp_ws/FBFM/wam/lingbot-va/robotwin_outputs/rtc_short_le800_clean_10/tasks/scan_object/logs/client.log,/home/oem/tmp_ws/FBFM/wam/lingbot-va/robotwin_outputs/rtc_short_le800_clean_10/tasks/scan_object/logs/server.log,"/home/oem/tmp_ws/FBFM/wam/lingbot-va/robotwin_outputs/rtc_short_le800_clean_10/tasks/scan_object/client/stseed-10000/visualization/scan_object/5_Use_one_arm_to_grab_the_scanner_with_smooth_plastic_body,_the_other_to_hold_the_yellow_tea_box_with_smooth_surface,_and_scan_it._True.mp4"
scan_object,stage1,6,10006,10026,true,168930,complete,/home/oem/tmp_ws/FBFM/wam/lingbot-va/robotwin_outputs/rtc_short_le800_clean_10/tasks/scan_object/client/stseed-10000/metrics/scan_object/res.json,/home/oem/tmp_ws/FBFM/wam/lingbot-va/robotwin_outputs/rtc_short_le800_clean_10/tasks/scan_object/logs/client.log,/home/oem/tmp_ws/FBFM/wam/lingbot-va/robotwin_outputs/rtc_short_le800_clean_10/tasks/scan_object/logs/server.log,"/home/oem/tmp_ws/FBFM/wam/lingbot-va/robotwin_outputs/rtc_short_le800_clean_10/tasks/scan_object/client/stseed-10000/visualization/scan_object/6_Take_the_barcode_scanner_with_gray_accents,_grab_the_small_cube-shaped_tea_container,_and_scan_the_small_cube-shaped_tea_container_using_the_barcode_scanner_with_gray_accents_True.mp4"
scan_object,stage1,7,10007,10027,true,169046,complete,/home/oem/tmp_ws/FBFM/wam/lingbot-va/robotwin_outputs/rtc_short_le800_clean_10/tasks/scan_object/client/stseed-10000/metrics/scan_object/res.json,/home/oem/tmp_ws/FBFM/wam/lingbot-va/robotwin_outputs/rtc_short_le800_clean_10/tasks/scan_object/logs/client.log,/home/oem/tmp_ws/FBFM/wam/lingbot-va/robotwin_outputs/rtc_short_le800_clean_10/tasks/scan_object/logs/server.log,"/home/oem/tmp_ws/FBFM/wam/lingbot-va/robotwin_outputs/rtc_short_le800_clean_10/tasks/scan_object/client/stseed-10000/visualization/scan_object/7_Handle_the_black_and_gray_portable_scanner_and_the_smooth_tea-box_separately,_ensuring_the_black_and_gray_portable_scanner_scans_the_smooth_tea-box._True.mp4"
scan_object,stage1,8,10008,10028,true,143813,complete,/home/oem/tmp_ws/FBFM/wam/lingbot-va/robotwin_outputs/rtc_short_le800_clean_10/tasks/scan_object/client/stseed-10000/metrics/scan_object/res.json,/home/oem/tmp_ws/FBFM/wam/lingbot-va/robotwin_outputs/rtc_short_le800_clean_10/tasks/scan_object/logs/client.log,/home/oem/tmp_ws/FBFM/wam/lingbot-va/robotwin_outputs/rtc_short_le800_clean_10/tasks/scan_object/logs/server.log,"/home/oem/tmp_ws/FBFM/wam/lingbot-va/robotwin_outputs/rtc_short_le800_clean_10/tasks/scan_object/client/stseed-10000/visualization/scan_object/8_the_right_arm_holds_the_scanner_with_gray_accents,_the_left_arm_grabs_the_beige_cube_with_golden_leaf_patterns,_and_scans_the_beige_cube_with_golden_leaf_patterns_with_the_scanner_with_gray_accents._True.mp4"
scan_object,stage1,9,10009,10029,false,835144,complete,/home/oem/tmp_ws/FBFM/wam/lingbot-va/robotwin_outputs/rtc_short_le800_clean_10/tasks/scan_object/client/stseed-10000/metrics/scan_object/res.json,/home/oem/tmp_ws/FBFM/wam/lingbot-va/robotwin_outputs/rtc_short_le800_clean_10/tasks/scan_object/logs/client.log,/home/oem/tmp_ws/FBFM/wam/lingbot-va/robotwin_outputs/rtc_short_le800_clean_10/tasks/scan_object/logs/server.log,"/home/oem/tmp_ws/FBFM/wam/lingbot-va/robotwin_outputs/rtc_short_le800_clean_10/tasks/scan_object/client/stseed-10000/visualization/scan_object/9_Hold_the_scanner_with_smooth_black_body,_grab_the_printed_tea_box_with_lid,_then_scan_the_printed_tea_box_with_lid_using_the_scanner_with_smooth_black_body._False.mp4"
scan_object,stage2,0,20000,20000,true,259747,complete,/home/oem/tmp_ws/FBFM/wam/lingbot-va/robotwin_outputs/rtc_short_le800_clean_stage2_seed20000_10/tasks/scan_object/client/stseed-20000/metrics/scan_object/res.json,/home/oem/tmp_ws/FBFM/wam/lingbot-va/robotwin_outputs/rtc_short_le800_clean_stage2_seed20000_10/tasks/scan_object/logs/client.log,/home/oem/tmp_ws/FBFM/wam/lingbot-va/robotwin_outputs/rtc_short_le800_clean_stage2_seed20000_10/tasks/scan_object/logs/server.log,"/home/oem/tmp_ws/FBFM/wam/lingbot-va/robotwin_outputs/rtc_short_le800_clean_stage2_seed20000_10/tasks/scan_object/client/stseed-20000/visualization/scan_object/0_Pick_the_scanner_with_blue_scanning_area_with_the_right_arm,_grab_the_gold_accented_tea-box_with_the_left_arm,_and_scan_the_gold_accented_tea-box._True.mp4"
scan_object,stage2,1,20001,20001,true,267908,complete,/home/oem/tmp_ws/FBFM/wam/lingbot-va/robotwin_outputs/rtc_short_le800_clean_stage2_seed20000_10/tasks/scan_object/client/stseed-20000/metrics/scan_object/res.json,/home/oem/tmp_ws/FBFM/wam/lingbot-va/robotwin_outputs/rtc_short_le800_clean_stage2_seed20000_10/tasks/scan_object/logs/client.log,/home/oem/tmp_ws/FBFM/wam/lingbot-va/robotwin_outputs/rtc_short_le800_clean_stage2_seed20000_10/tasks/scan_object/logs/server.log,"/home/oem/tmp_ws/FBFM/wam/lingbot-va/robotwin_outputs/rtc_short_le800_clean_stage2_seed20000_10/tasks/scan_object/client/stseed-20000/visualization/scan_object/1_Take_hold_of_the_smooth_black_scanner_with_blue_stripe_using_the_right_arm,_grab_the_printed_tea-box_using_the_left_arm,_and_scan_it._True.mp4"
scan_object,stage2,2,20002,20003,true,183123,complete,/home/oem/tmp_ws/FBFM/wam/lingbot-va/robotwin_outputs/rtc_short_le800_clean_stage2_seed20000_10/tasks/scan_object/client/stseed-20000/metrics/scan_object/res.json,/home/oem/tmp_ws/FBFM/wam/lingbot-va/robotwin_outputs/rtc_short_le800_clean_stage2_seed20000_10/tasks/scan_object/logs/client.log,/home/oem/tmp_ws/FBFM/wam/lingbot-va/robotwin_outputs/rtc_short_le800_clean_stage2_seed20000_10/tasks/scan_object/logs/server.log,"/home/oem/tmp_ws/FBFM/wam/lingbot-va/robotwin_outputs/rtc_short_le800_clean_stage2_seed20000_10/tasks/scan_object/client/stseed-20000/visualization/scan_object/2_Grab_the_handheld_scanner,_pick_the_yellow_box_for_tea,_and_perform_a_scan_on_the_yellow_box_for_tea_with_the_handheld_scanner._True.mp4"
scan_object,stage2,3,20003,20004,true,318297,complete,/home/oem/tmp_ws/FBFM/wam/lingbot-va/robotwin_outputs/rtc_short_le800_clean_stage2_seed20000_10/tasks/scan_object/client/stseed-20000/metrics/scan_object/res.json,/home/oem/tmp_ws/FBFM/wam/lingbot-va/robotwin_outputs/rtc_short_le800_clean_stage2_seed20000_10/tasks/scan_object/logs/client.log,/home/oem/tmp_ws/FBFM/wam/lingbot-va/robotwin_outputs/rtc_short_le800_clean_stage2_seed20000_10/tasks/scan_object/logs/server.log,"/home/oem/tmp_ws/FBFM/wam/lingbot-va/robotwin_outputs/rtc_short_le800_clean_stage2_seed20000_10/tasks/scan_object/client/stseed-20000/visualization/scan_object/3_First_pick_the_scanner_with_gray_accents,_then_the_tea_box_with_beige_edges,_and_use_the_scanner_with_gray_accents_to_scan_the_tea_box_with_beige_edges._True.mp4"
scan_object,stage2,4,20004,20005,false,648199,complete,/home/oem/tmp_ws/FBFM/wam/lingbot-va/robotwin_outputs/rtc_short_le800_clean_stage2_seed20000_10/tasks/scan_object/client/stseed-20000/metrics/scan_object/res.json,/home/oem/tmp_ws/FBFM/wam/lingbot-va/robotwin_outputs/rtc_short_le800_clean_stage2_seed20000_10/tasks/scan_object/logs/client.log,/home/oem/tmp_ws/FBFM/wam/lingbot-va/robotwin_outputs/rtc_short_le800_clean_stage2_seed20000_10/tasks/scan_object/logs/server.log,"/home/oem/tmp_ws/FBFM/wam/lingbot-va/robotwin_outputs/rtc_short_le800_clean_stage2_seed20000_10/tasks/scan_object/client/stseed-20000/visualization/scan_object/4_Hold_the_gun-shaped_scanner,_grab_the_green_tea_box,_then_scan_the_green_tea_box_using_the_gun-shaped_scanner._False.mp4"
scan_object,stage2,5,20005,20006,true,172595,complete,/home/oem/tmp_ws/FBFM/wam/lingbot-va/robotwin_outputs/rtc_short_le800_clean_stage2_seed20000_10/tasks/scan_object/client/stseed-20000/metrics/scan_object/res.json,/home/oem/tmp_ws/FBFM/wam/lingbot-va/robotwin_outputs/rtc_short_le800_clean_stage2_seed20000_10/tasks/scan_object/logs/client.log,/home/oem/tmp_ws/FBFM/wam/lingbot-va/robotwin_outputs/rtc_short_le800_clean_stage2_seed20000_10/tasks/scan_object/logs/server.log,"/home/oem/tmp_ws/FBFM/wam/lingbot-va/robotwin_outputs/rtc_short_le800_clean_stage2_seed20000_10/tasks/scan_object/client/stseed-20000/visualization/scan_object/5_Take_the_smooth_black_scanner_with_blue_stripe_using_the_right_arm,_pick_the_bright_red_tea-box_with_logo_using_the_left_arm,_and_scan_the_bright_red_tea-box_with_logo_with_the_smooth_black_scanner_with_blue_stripe._True.mp4"
scan_object,stage2,6,20006,20008,false,688397,complete,/home/oem/tmp_ws/FBFM/wam/lingbot-va/robotwin_outputs/rtc_short_le800_clean_stage2_seed20000_10/tasks/scan_object/client/stseed-20000/metrics/scan_object/res.json,/home/oem/tmp_ws/FBFM/wam/lingbot-va/robotwin_outputs/rtc_short_le800_clean_stage2_seed20000_10/tasks/scan_object/logs/client.log,/home/oem/tmp_ws/FBFM/wam/lingbot-va/robotwin_outputs/rtc_short_le800_clean_stage2_seed20000_10/tasks/scan_object/logs/server.log,"/home/oem/tmp_ws/FBFM/wam/lingbot-va/robotwin_outputs/rtc_short_le800_clean_stage2_seed20000_10/tasks/scan_object/client/stseed-20000/visualization/scan_object/6_Pick_up_the_handheld_scanner_in_one_arm_and_the_smooth_tea_box_with_print_in_the_other,_then_scan_the_smooth_tea_box_with_print._False.mp4"
scan_object,stage2,7,20007,20009,true,169359,complete,/home/oem/tmp_ws/FBFM/wam/lingbot-va/robotwin_outputs/rtc_short_le800_clean_stage2_seed20000_10/tasks/scan_object/client/stseed-20000/metrics/scan_object/res.json,/home/oem/tmp_ws/FBFM/wam/lingbot-va/robotwin_outputs/rtc_short_le800_clean_stage2_seed20000_10/tasks/scan_object/logs/client.log,/home/oem/tmp_ws/FBFM/wam/lingbot-va/robotwin_outputs/rtc_short_le800_clean_stage2_seed20000_10/tasks/scan_object/logs/server.log,"/home/oem/tmp_ws/FBFM/wam/lingbot-va/robotwin_outputs/rtc_short_le800_clean_stage2_seed20000_10/tasks/scan_object/client/stseed-20000/visualization/scan_object/7_Hold_the_cardboard_tea_box_with_logo_with_one_hand,_grab_the_scanner_handle_with_slightly_curved_design_with_the_other,_and_scan_the_cardboard_tea_box_with_logo._True.mp4"
scan_object,stage2,8,20008,20012,true,288440,complete,/home/oem/tmp_ws/FBFM/wam/lingbot-va/robotwin_outputs/rtc_short_le800_clean_stage2_seed20000_10/tasks/scan_object/client/stseed-20000/metrics/scan_object/res.json,/home/oem/tmp_ws/FBFM/wam/lingbot-va/robotwin_outputs/rtc_short_le800_clean_stage2_seed20000_10/tasks/scan_object/logs/client.log,/home/oem/tmp_ws/FBFM/wam/lingbot-va/robotwin_outputs/rtc_short_le800_clean_stage2_seed20000_10/tasks/scan_object/logs/server.log,"/home/oem/tmp_ws/FBFM/wam/lingbot-va/robotwin_outputs/rtc_short_le800_clean_stage2_seed20000_10/tasks/scan_object/client/stseed-20000/visualization/scan_object/8_Lift_up_the_yellow_scanner_with_buttons,_hold_the_tea_box_with_leafy_design,_and_scan_the_tea_box_with_leafy_design_using_the_scanner._True.mp4"
scan_object,stage2,9,20009,20014,true,312968,complete,/home/oem/tmp_ws/FBFM/wam/lingbot-va/robotwin_outputs/rtc_short_le800_clean_stage2_seed20000_10/tasks/scan_object/client/stseed-20000/metrics/scan_object/res.json,/home/oem/tmp_ws/FBFM/wam/lingbot-va/robotwin_outputs/rtc_short_le800_clean_stage2_seed20000_10/tasks/scan_object/logs/client.log,/home/oem/tmp_ws/FBFM/wam/lingbot-va/robotwin_outputs/rtc_short_le800_clean_stage2_seed20000_10/tasks/scan_object/logs/server.log,"/home/oem/tmp_ws/FBFM/wam/lingbot-va/robotwin_outputs/rtc_short_le800_clean_stage2_seed20000_10/tasks/scan_object/client/stseed-20000/visualization/scan_object/9_Use_the_left_arm_to_pick_the_hand_scanner_with_blue_lens_area,_the_right_arm_to_grab_the_green_tea_box,_and_scan_the_green_tea_box_using_the_hand_scanner_with_blue_lens_area._True.mp4"
adjust_bottle,stage1,0,10000,10000,true,102628,complete,/home/oem/tmp_ws/FBFM/wam/lingbot-va/robotwin_outputs/rtc_short_le800_clean_10/tasks/adjust_bottle/client/stseed-10000/metrics/adjust_bottle/res.json,/home/oem/tmp_ws/FBFM/wam/lingbot-va/robotwin_outputs/rtc_short_le800_clean_10/tasks/adjust_bottle/logs/client.log,/home/oem/tmp_ws/FBFM/wam/lingbot-va/robotwin_outputs/rtc_short_le800_clean_10/tasks/adjust_bottle/logs/server.log,/home/oem/tmp_ws/FBFM/wam/lingbot-va/robotwin_outputs/rtc_short_le800_clean_10/tasks/adjust_bottle/client/stseed-10000/visualization/adjust_bottle/0_Pick_the_smooth_bottle_with_red_lid_upright_from_the_table_True.mp4
adjust_bottle,stage1,1,10001,10003,true,88823,complete,/home/oem/tmp_ws/FBFM/wam/lingbot-va/robotwin_outputs/rtc_short_le800_clean_10/tasks/adjust_bottle/client/stseed-10000/metrics/adjust_bottle/res.json,/home/oem/tmp_ws/FBFM/wam/lingbot-va/robotwin_outputs/rtc_short_le800_clean_10/tasks/adjust_bottle/logs/client.log,/home/oem/tmp_ws/FBFM/wam/lingbot-va/robotwin_outputs/rtc_short_le800_clean_10/tasks/adjust_bottle/logs/server.log,/home/oem/tmp_ws/FBFM/wam/lingbot-va/robotwin_outputs/rtc_short_le800_clean_10/tasks/adjust_bottle/client/stseed-10000/visualization/adjust_bottle/1_Lift_the_plastic_drink_bottle_from_the_table_and_secure_upright_True.mp4
adjust_bottle,stage1,2,10002,10004,true,104128,complete,/home/oem/tmp_ws/FBFM/wam/lingbot-va/robotwin_outputs/rtc_short_le800_clean_10/tasks/adjust_bottle/client/stseed-10000/metrics/adjust_bottle/res.json,/home/oem/tmp_ws/FBFM/wam/lingbot-va/robotwin_outputs/rtc_short_le800_clean_10/tasks/adjust_bottle/logs/client.log,/home/oem/tmp_ws/FBFM/wam/lingbot-va/robotwin_outputs/rtc_short_le800_clean_10/tasks/adjust_bottle/logs/server.log,/home/oem/tmp_ws/FBFM/wam/lingbot-va/robotwin_outputs/rtc_short_le800_clean_10/tasks/adjust_bottle/client/stseed-10000/visualization/adjust_bottle/2_Pick_the_medium_green_bottle_up_with_the_right_arm_ensuring_it_stays_head-up._True.mp4
adjust_bottle,stage1,3,10003,10005,true,104885,complete,/home/oem/tmp_ws/FBFM/wam/lingbot-va/robotwin_outputs/rtc_short_le800_clean_10/tasks/adjust_bottle/client/stseed-10000/metrics/adjust_bottle/res.json,/home/oem/tmp_ws/FBFM/wam/lingbot-va/robotwin_outputs/rtc_short_le800_clean_10/tasks/adjust_bottle/logs/client.log,/home/oem/tmp_ws/FBFM/wam/lingbot-va/robotwin_outputs/rtc_short_le800_clean_10/tasks/adjust_bottle/logs/server.log,/home/oem/tmp_ws/FBFM/wam/lingbot-va/robotwin_outputs/rtc_short_le800_clean_10/tasks/adjust_bottle/client/stseed-10000/visualization/adjust_bottle/3_Grab_the_medium-sized_green_bottle_from_the_table_with_the_right_arm_True.mp4
adjust_bottle,stage1,4,10004,10006,true,105290,complete,/home/oem/tmp_ws/FBFM/wam/lingbot-va/robotwin_outputs/rtc_short_le800_clean_10/tasks/adjust_bottle/client/stseed-10000/metrics/adjust_bottle/res.json,/home/oem/tmp_ws/FBFM/wam/lingbot-va/robotwin_outputs/rtc_short_le800_clean_10/tasks/adjust_bottle/logs/client.log,/home/oem/tmp_ws/FBFM/wam/lingbot-va/robotwin_outputs/rtc_short_le800_clean_10/tasks/adjust_bottle/logs/server.log,/home/oem/tmp_ws/FBFM/wam/lingbot-va/robotwin_outputs/rtc_short_le800_clean_10/tasks/adjust_bottle/client/stseed-10000/visualization/adjust_bottle/4_Lift_the_bottle_the_smooth_green_bottle_up_from_the_table_True.mp4
adjust_bottle,stage1,5,10005,10007,true,98059,complete,/home/oem/tmp_ws/FBFM/wam/lingbot-va/robotwin_outputs/rtc_short_le800_clean_10/tasks/adjust_bottle/client/stseed-10000/metrics/adjust_bottle/res.json,/home/oem/tmp_ws/FBFM/wam/lingbot-va/robotwin_outputs/rtc_short_le800_clean_10/tasks/adjust_bottle/logs/client.log,/home/oem/tmp_ws/FBFM/wam/lingbot-va/robotwin_outputs/rtc_short_le800_clean_10/tasks/adjust_bottle/logs/server.log,/home/oem/tmp_ws/FBFM/wam/lingbot-va/robotwin_outputs/rtc_short_le800_clean_10/tasks/adjust_bottle/client/stseed-10000/visualization/adjust_bottle/5_Grab_the_medium_dark_brown_bottle_and_lift_it_with_the_right_arm_True.mp4
adjust_bottle,stage1,6,10006,10008,true,101307,complete,/home/oem/tmp_ws/FBFM/wam/lingbot-va/robotwin_outputs/rtc_short_le800_clean_10/tasks/adjust_bottle/client/stseed-10000/metrics/adjust_bottle/res.json,/home/oem/tmp_ws/FBFM/wam/lingbot-va/robotwin_outputs/rtc_short_le800_clean_10/tasks/adjust_bottle/logs/client.log,/home/oem/tmp_ws/FBFM/wam/lingbot-va/robotwin_outputs/rtc_short_le800_clean_10/tasks/adjust_bottle/logs/server.log,/home/oem/tmp_ws/FBFM/wam/lingbot-va/robotwin_outputs/rtc_short_le800_clean_10/tasks/adjust_bottle/client/stseed-10000/visualization/adjust_bottle/6_Identify_the_red-capped_bottle_and_grab_it_with_the_left_arm_True.mp4
adjust_bottle,stage1,7,10007,10009,true,105234,complete,/home/oem/tmp_ws/FBFM/wam/lingbot-va/robotwin_outputs/rtc_short_le800_clean_10/tasks/adjust_bottle/client/stseed-10000/metrics/adjust_bottle/res.json,/home/oem/tmp_ws/FBFM/wam/lingbot-va/robotwin_outputs/rtc_short_le800_clean_10/tasks/adjust_bottle/logs/client.log,/home/oem/tmp_ws/FBFM/wam/lingbot-va/robotwin_outputs/rtc_short_le800_clean_10/tasks/adjust_bottle/logs/server.log,/home/oem/tmp_ws/FBFM/wam/lingbot-va/robotwin_outputs/rtc_short_le800_clean_10/tasks/adjust_bottle/client/stseed-10000/visualization/adjust_bottle/7_Use_the_right_arm_to_pick_up_the_long_thin_bottle_in_the_correct_orientation_True.mp4
adjust_bottle,stage1,8,10008,10010,true,99678,complete,/home/oem/tmp_ws/FBFM/wam/lingbot-va/robotwin_outputs/rtc_short_le800_clean_10/tasks/adjust_bottle/client/stseed-10000/metrics/adjust_bottle/res.json,/home/oem/tmp_ws/FBFM/wam/lingbot-va/robotwin_outputs/rtc_short_le800_clean_10/tasks/adjust_bottle/logs/client.log,/home/oem/tmp_ws/FBFM/wam/lingbot-va/robotwin_outputs/rtc_short_le800_clean_10/tasks/adjust_bottle/logs/server.log,/home/oem/tmp_ws/FBFM/wam/lingbot-va/robotwin_outputs/rtc_short_le800_clean_10/tasks/adjust_bottle/client/stseed-10000/visualization/adjust_bottle/8_Use_the_left_arm_to_pick_the_plastic_drink_bottle_up_and_keep_it_head-up._True.mp4
adjust_bottle,stage1,9,10009,10012,true,104083,complete,/home/oem/tmp_ws/FBFM/wam/lingbot-va/robotwin_outputs/rtc_short_le800_clean_10/tasks/adjust_bottle/client/stseed-10000/metrics/adjust_bottle/res.json,/home/oem/tmp_ws/FBFM/wam/lingbot-va/robotwin_outputs/rtc_short_le800_clean_10/tasks/adjust_bottle/logs/client.log,/home/oem/tmp_ws/FBFM/wam/lingbot-va/robotwin_outputs/rtc_short_le800_clean_10/tasks/adjust_bottle/logs/server.log,/home/oem/tmp_ws/FBFM/wam/lingbot-va/robotwin_outputs/rtc_short_le800_clean_10/tasks/adjust_bottle/client/stseed-10000/visualization/adjust_bottle/9_Grab_the_medium-sized_green_bottle_and_lift_it_into_a_head-up_position_True.mp4
adjust_bottle,stage2,0,20000,20000,true,101775,complete,/home/oem/tmp_ws/FBFM/wam/lingbot-va/robotwin_outputs/rtc_short_le800_clean_stage2_seed20000_10/tasks/adjust_bottle/client/stseed-20000/metrics/adjust_bottle/res.json,/home/oem/tmp_ws/FBFM/wam/lingbot-va/robotwin_outputs/rtc_short_le800_clean_stage2_seed20000_10/tasks/adjust_bottle/logs/client.log,/home/oem/tmp_ws/FBFM/wam/lingbot-va/robotwin_outputs/rtc_short_le800_clean_stage2_seed20000_10/tasks/adjust_bottle/logs/server.log,/home/oem/tmp_ws/FBFM/wam/lingbot-va/robotwin_outputs/rtc_short_le800_clean_stage2_seed20000_10/tasks/adjust_bottle/client/stseed-20000/visualization/adjust_bottle/0_Use_the_right_arm_to_hold_the_plastic_bottle_from_the_table_True.mp4
adjust_bottle,stage2,1,20001,20002,true,97687,complete,/home/oem/tmp_ws/FBFM/wam/lingbot-va/robotwin_outputs/rtc_short_le800_clean_stage2_seed20000_10/tasks/adjust_bottle/client/stseed-20000/metrics/adjust_bottle/res.json,/home/oem/tmp_ws/FBFM/wam/lingbot-va/robotwin_outputs/rtc_short_le800_clean_stage2_seed20000_10/tasks/adjust_bottle/logs/client.log,/home/oem/tmp_ws/FBFM/wam/lingbot-va/robotwin_outputs/rtc_short_le800_clean_stage2_seed20000_10/tasks/adjust_bottle/logs/server.log,/home/oem/tmp_ws/FBFM/wam/lingbot-va/robotwin_outputs/rtc_short_le800_clean_stage2_seed20000_10/tasks/adjust_bottle/client/stseed-20000/visualization/adjust_bottle/1_Lift_the_narrow-necked_bottle_using_the_left_arm_and_hold_upright_True.mp4
adjust_bottle,stage2,2,20002,20003,true,108861,complete,/home/oem/tmp_ws/FBFM/wam/lingbot-va/robotwin_outputs/rtc_short_le800_clean_stage2_seed20000_10/tasks/adjust_bottle/client/stseed-20000/metrics/adjust_bottle/res.json,/home/oem/tmp_ws/FBFM/wam/lingbot-va/robotwin_outputs/rtc_short_le800_clean_stage2_seed20000_10/tasks/adjust_bottle/logs/client.log,/home/oem/tmp_ws/FBFM/wam/lingbot-va/robotwin_outputs/rtc_short_le800_clean_stage2_seed20000_10/tasks/adjust_bottle/logs/server.log,/home/oem/tmp_ws/FBFM/wam/lingbot-va/robotwin_outputs/rtc_short_le800_clean_stage2_seed20000_10/tasks/adjust_bottle/client/stseed-20000/visualization/adjust_bottle/2_Pick_up_the_green_bottle_with_indented_base_upright_from_the_table_True.mp4
adjust_bottle,stage2,3,20003,20005,true,96375,complete,/home/oem/tmp_ws/FBFM/wam/lingbot-va/robotwin_outputs/rtc_short_le800_clean_stage2_seed20000_10/tasks/adjust_bottle/client/stseed-20000/metrics/adjust_bottle/res.json,/home/oem/tmp_ws/FBFM/wam/lingbot-va/robotwin_outputs/rtc_short_le800_clean_stage2_seed20000_10/tasks/adjust_bottle/logs/client.log,/home/oem/tmp_ws/FBFM/wam/lingbot-va/robotwin_outputs/rtc_short_le800_clean_stage2_seed20000_10/tasks/adjust_bottle/logs/server.log,/home/oem/tmp_ws/FBFM/wam/lingbot-va/robotwin_outputs/rtc_short_le800_clean_stage2_seed20000_10/tasks/adjust_bottle/client/stseed-20000/visualization/adjust_bottle/3_Lift_the_medium_dark_brown_bottle_using_the_left_arm_and_hold_upright_True.mp4
adjust_bottle,stage2,4,20004,20006,true,100884,complete,/home/oem/tmp_ws/FBFM/wam/lingbot-va/robotwin_outputs/rtc_short_le800_clean_stage2_seed20000_10/tasks/adjust_bottle/client/stseed-20000/metrics/adjust_bottle/res.json,/home/oem/tmp_ws/FBFM/wam/lingbot-va/robotwin_outputs/rtc_short_le800_clean_stage2_seed20000_10/tasks/adjust_bottle/logs/client.log,/home/oem/tmp_ws/FBFM/wam/lingbot-va/robotwin_outputs/rtc_short_le800_clean_stage2_seed20000_10/tasks/adjust_bottle/logs/server.log,/home/oem/tmp_ws/FBFM/wam/lingbot-va/robotwin_outputs/rtc_short_le800_clean_stage2_seed20000_10/tasks/adjust_bottle/client/stseed-20000/visualization/adjust_bottle/4_Secure_the_dark_drink_bottle_with_logo_upright_with_the_right_arm_True.mp4
adjust_bottle,stage2,5,20005,20008,false,285735,complete,/home/oem/tmp_ws/FBFM/wam/lingbot-va/robotwin_outputs/rtc_short_le800_clean_stage2_seed20000_10/tasks/adjust_bottle/client/stseed-20000/metrics/adjust_bottle/res.json,/home/oem/tmp_ws/FBFM/wam/lingbot-va/robotwin_outputs/rtc_short_le800_clean_stage2_seed20000_10/tasks/adjust_bottle/logs/client.log,/home/oem/tmp_ws/FBFM/wam/lingbot-va/robotwin_outputs/rtc_short_le800_clean_stage2_seed20000_10/tasks/adjust_bottle/logs/server.log,/home/oem/tmp_ws/FBFM/wam/lingbot-va/robotwin_outputs/rtc_short_le800_clean_stage2_seed20000_10/tasks/adjust_bottle/client/stseed-20000/visualization/adjust_bottle/5_Use_the_correct_arm_to_pick_up_the_long_thin_bottle._False.mp4
adjust_bottle,stage2,6,20006,20009,true,88664,complete,/home/oem/tmp_ws/FBFM/wam/lingbot-va/robotwin_outputs/rtc_short_le800_clean_stage2_seed20000_10/tasks/adjust_bottle/client/stseed-20000/metrics/adjust_bottle/res.json,/home/oem/tmp_ws/FBFM/wam/lingbot-va/robotwin_outputs/rtc_short_le800_clean_stage2_seed20000_10/tasks/adjust_bottle/logs/client.log,/home/oem/tmp_ws/FBFM/wam/lingbot-va/robotwin_outputs/rtc_short_le800_clean_stage2_seed20000_10/tasks/adjust_bottle/logs/server.log,"/home/oem/tmp_ws/FBFM/wam/lingbot-va/robotwin_outputs/rtc_short_le800_clean_stage2_seed20000_10/tasks/adjust_bottle/client/stseed-20000/visualization/adjust_bottle/6_Using_the_right_arm,_pick_the_brown_bottle_with_red_label_upright_True.mp4"
adjust_bottle,stage2,7,20007,20010,true,103743,complete,/home/oem/tmp_ws/FBFM/wam/lingbot-va/robotwin_outputs/rtc_short_le800_clean_stage2_seed20000_10/tasks/adjust_bottle/client/stseed-20000/metrics/adjust_bottle/res.json,/home/oem/tmp_ws/FBFM/wam/lingbot-va/robotwin_outputs/rtc_short_le800_clean_stage2_seed20000_10/tasks/adjust_bottle/logs/client.log,/home/oem/tmp_ws/FBFM/wam/lingbot-va/robotwin_outputs/rtc_short_le800_clean_stage2_seed20000_10/tasks/adjust_bottle/logs/server.log,/home/oem/tmp_ws/FBFM/wam/lingbot-va/robotwin_outputs/rtc_short_le800_clean_stage2_seed20000_10/tasks/adjust_bottle/client/stseed-20000/visualization/adjust_bottle/7_Carefully_grab_the_bottle_with_ridges_on_bottom_head-up_True.mp4
adjust_bottle,stage2,8,20008,20011,true,103395,complete,/home/oem/tmp_ws/FBFM/wam/lingbot-va/robotwin_outputs/rtc_short_le800_clean_stage2_seed20000_10/tasks/adjust_bottle/client/stseed-20000/metrics/adjust_bottle/res.json,/home/oem/tmp_ws/FBFM/wam/lingbot-va/robotwin_outputs/rtc_short_le800_clean_stage2_seed20000_10/tasks/adjust_bottle/logs/client.log,/home/oem/tmp_ws/FBFM/wam/lingbot-va/robotwin_outputs/rtc_short_le800_clean_stage2_seed20000_10/tasks/adjust_bottle/logs/server.log,/home/oem/tmp_ws/FBFM/wam/lingbot-va/robotwin_outputs/rtc_short_le800_clean_stage2_seed20000_10/tasks/adjust_bottle/client/stseed-20000/visualization/adjust_bottle/8_Pick_the_bottle_with_white_printed_label_upright_from_the_table_True.mp4
adjust_bottle,stage2,9,20009,20012,true,96887,complete,/home/oem/tmp_ws/FBFM/wam/lingbot-va/robotwin_outputs/rtc_short_le800_clean_stage2_seed20000_10/tasks/adjust_bottle/client/stseed-20000/metrics/adjust_bottle/res.json,/home/oem/tmp_ws/FBFM/wam/lingbot-va/robotwin_outputs/rtc_short_le800_clean_stage2_seed20000_10/tasks/adjust_bottle/logs/client.log,/home/oem/tmp_ws/FBFM/wam/lingbot-va/robotwin_outputs/rtc_short_le800_clean_stage2_seed20000_10/tasks/adjust_bottle/logs/server.log,/home/oem/tmp_ws/FBFM/wam/lingbot-va/robotwin_outputs/rtc_short_le800_clean_stage2_seed20000_10/tasks/adjust_bottle/client/stseed-20000/visualization/adjust_bottle/9_Lift_the_hand-sized_soda_bottle_upright_carefully_using_the_left_arm_True.mp4
beat_block_hammer,stage1,0,10000,10000,true,84732,complete,/home/oem/tmp_ws/FBFM/wam/lingbot-va/robotwin_outputs/rtc_short_le800_clean_10/tasks/beat_block_hammer/client/stseed-10000/metrics/beat_block_hammer/res.json,/home/oem/tmp_ws/FBFM/wam/lingbot-va/robotwin_outputs/rtc_short_le800_clean_10/tasks/beat_block_hammer/logs/client.log,/home/oem/tmp_ws/FBFM/wam/lingbot-va/robotwin_outputs/rtc_short_le800_clean_10/tasks/beat_block_hammer/logs/server.log,/home/oem/tmp_ws/FBFM/wam/lingbot-va/robotwin_outputs/rtc_short_le800_clean_10/tasks/beat_block_hammer/client/stseed-10000/visualization/beat_block_hammer/0_Grab_the_hammer_with_two-tone_handle_with_the_left_arm_and_strike_block_True.mp4
beat_block_hammer,stage1,1,10001,10001,true,85679,complete,/home/oem/tmp_ws/FBFM/wam/lingbot-va/robotwin_outputs/rtc_short_le800_clean_10/tasks/beat_block_hammer/client/stseed-10000/metrics/beat_block_hammer/res.json,/home/oem/tmp_ws/FBFM/wam/lingbot-va/robotwin_outputs/rtc_short_le800_clean_10/tasks/beat_block_hammer/logs/client.log,/home/oem/tmp_ws/FBFM/wam/lingbot-va/robotwin_outputs/rtc_short_le800_clean_10/tasks/beat_block_hammer/logs/server.log,/home/oem/tmp_ws/FBFM/wam/lingbot-va/robotwin_outputs/rtc_short_le800_clean_10/tasks/beat_block_hammer/client/stseed-10000/visualization/beat_block_hammer/1_Take_the_black_and_yellow_hammer_grip_and_smash_the_block._True.mp4
beat_block_hammer,stage1,2,10002,10004,true,91090,complete,/home/oem/tmp_ws/FBFM/wam/lingbot-va/robotwin_outputs/rtc_short_le800_clean_10/tasks/beat_block_hammer/client/stseed-10000/metrics/beat_block_hammer/res.json,/home/oem/tmp_ws/FBFM/wam/lingbot-va/robotwin_outputs/rtc_short_le800_clean_10/tasks/beat_block_hammer/logs/client.log,/home/oem/tmp_ws/FBFM/wam/lingbot-va/robotwin_outputs/rtc_short_le800_clean_10/tasks/beat_block_hammer/logs/server.log,/home/oem/tmp_ws/FBFM/wam/lingbot-va/robotwin_outputs/rtc_short_le800_clean_10/tasks/beat_block_hammer/client/stseed-10000/visualization/beat_block_hammer/2_Lift_the_hammer_for_nails_using_the_left_arm_to_hit_the_block._True.mp4
beat_block_hammer,stage1,3,10003,10006,true,102721,complete,/home/oem/tmp_ws/FBFM/wam/lingbot-va/robotwin_outputs/rtc_short_le800_clean_10/tasks/beat_block_hammer/client/stseed-10000/metrics/beat_block_hammer/res.json,/home/oem/tmp_ws/FBFM/wam/lingbot-va/robotwin_outputs/rtc_short_le800_clean_10/tasks/beat_block_hammer/logs/client.log,/home/oem/tmp_ws/FBFM/wam/lingbot-va/robotwin_outputs/rtc_short_le800_clean_10/tasks/beat_block_hammer/logs/server.log,"/home/oem/tmp_ws/FBFM/wam/lingbot-va/robotwin_outputs/rtc_short_le800_clean_10/tasks/beat_block_hammer/client/stseed-10000/visualization/beat_block_hammer/3_With_the_left_arm,_pick_up_the_nail-driving_hammer_and_strike_the_block._True.mp4"
beat_block_hammer,stage1,4,10004,10007,true,91265,complete,/home/oem/tmp_ws/FBFM/wam/lingbot-va/robotwin_outputs/rtc_short_le800_clean_10/tasks/beat_block_hammer/client/stseed-10000/metrics/beat_block_hammer/res.json,/home/oem/tmp_ws/FBFM/wam/lingbot-va/robotwin_outputs/rtc_short_le800_clean_10/tasks/beat_block_hammer/logs/client.log,/home/oem/tmp_ws/FBFM/wam/lingbot-va/robotwin_outputs/rtc_short_le800_clean_10/tasks/beat_block_hammer/logs/server.log,"/home/oem/tmp_ws/FBFM/wam/lingbot-va/robotwin_outputs/rtc_short_le800_clean_10/tasks/beat_block_hammer/client/stseed-10000/visualization/beat_block_hammer/4_With_the_left_arm,_grab_the_hammer_with_claw-shaped_end_and_hammer_the_block_True.mp4"
beat_block_hammer,stage1,5,10005,10008,true,90800,complete,/home/oem/tmp_ws/FBFM/wam/lingbot-va/robotwin_outputs/rtc_short_le800_clean_10/tasks/beat_block_hammer/client/stseed-10000/metrics/beat_block_hammer/res.json,/home/oem/tmp_ws/FBFM/wam/lingbot-va/robotwin_outputs/rtc_short_le800_clean_10/tasks/beat_block_hammer/logs/client.log,/home/oem/tmp_ws/FBFM/wam/lingbot-va/robotwin_outputs/rtc_short_le800_clean_10/tasks/beat_block_hammer/logs/server.log,"/home/oem/tmp_ws/FBFM/wam/lingbot-va/robotwin_outputs/rtc_short_le800_clean_10/tasks/beat_block_hammer/client/stseed-10000/visualization/beat_block_hammer/5_Grab_the_nail-driving_hammer_using_the_left_arm,_then_beat_the_block_True.mp4"
beat_block_hammer,stage1,6,10006,10009,true,115554,complete,/home/oem/tmp_ws/FBFM/wam/lingbot-va/robotwin_outputs/rtc_short_le800_clean_10/tasks/beat_block_hammer/client/stseed-10000/metrics/beat_block_hammer/res.json,/home/oem/tmp_ws/FBFM/wam/lingbot-va/robotwin_outputs/rtc_short_le800_clean_10/tasks/beat_block_hammer/logs/client.log,/home/oem/tmp_ws/FBFM/wam/lingbot-va/robotwin_outputs/rtc_short_le800_clean_10/tasks/beat_block_hammer/logs/server.log,/home/oem/tmp_ws/FBFM/wam/lingbot-va/robotwin_outputs/rtc_short_le800_clean_10/tasks/beat_block_hammer/client/stseed-10000/visualization/beat_block_hammer/6_Lift_the_silver_hammer_and_hit_the_block._True.mp4
beat_block_hammer,stage1,7,10007,10010,true,87228,complete,/home/oem/tmp_ws/FBFM/wam/lingbot-va/robotwin_outputs/rtc_short_le800_clean_10/tasks/beat_block_hammer/client/stseed-10000/metrics/beat_block_hammer/res.json,/home/oem/tmp_ws/FBFM/wam/lingbot-va/robotwin_outputs/rtc_short_le800_clean_10/tasks/beat_block_hammer/logs/client.log,/home/oem/tmp_ws/FBFM/wam/lingbot-va/robotwin_outputs/rtc_short_le800_clean_10/tasks/beat_block_hammer/logs/server.log,/home/oem/tmp_ws/FBFM/wam/lingbot-va/robotwin_outputs/rtc_short_le800_clean_10/tasks/beat_block_hammer/client/stseed-10000/visualization/beat_block_hammer/7_Grab_the_grippy_handle_hammer_with_the_left_arm_and_beat_the_block._True.mp4
beat_block_hammer,stage1,8,10008,10012,false,271271,complete,/home/oem/tmp_ws/FBFM/wam/lingbot-va/robotwin_outputs/rtc_short_le800_clean_10/tasks/beat_block_hammer/client/stseed-10000/metrics/beat_block_hammer/res.json,/home/oem/tmp_ws/FBFM/wam/lingbot-va/robotwin_outputs/rtc_short_le800_clean_10/tasks/beat_block_hammer/logs/client.log,/home/oem/tmp_ws/FBFM/wam/lingbot-va/robotwin_outputs/rtc_short_le800_clean_10/tasks/beat_block_hammer/logs/server.log,"/home/oem/tmp_ws/FBFM/wam/lingbot-va/robotwin_outputs/rtc_short_le800_clean_10/tasks/beat_block_hammer/client/stseed-10000/visualization/beat_block_hammer/8_Pick_up_the_hammer_with_claw-shaped_end_using_the_right_arm,_hammer_the_block._False.mp4"
beat_block_hammer,stage1,9,10009,10013,false,265589,complete,/home/oem/tmp_ws/FBFM/wam/lingbot-va/robotwin_outputs/rtc_short_le800_clean_10/tasks/beat_block_hammer/client/stseed-10000/metrics/beat_block_hammer/res.json,/home/oem/tmp_ws/FBFM/wam/lingbot-va/robotwin_outputs/rtc_short_le800_clean_10/tasks/beat_block_hammer/logs/client.log,/home/oem/tmp_ws/FBFM/wam/lingbot-va/robotwin_outputs/rtc_short_le800_clean_10/tasks/beat_block_hammer/logs/server.log,/home/oem/tmp_ws/FBFM/wam/lingbot-va/robotwin_outputs/rtc_short_le800_clean_10/tasks/beat_block_hammer/client/stseed-10000/visualization/beat_block_hammer/9_Pick_the_nail-driving_hammer_and_strike_the_block._False.mp4
beat_block_hammer,stage2,0,20000,20000,true,86029,complete,/home/oem/tmp_ws/FBFM/wam/lingbot-va/robotwin_outputs/rtc_short_le800_clean_stage2_seed20000_10/tasks/beat_block_hammer/client/stseed-20000/metrics/beat_block_hammer/res.json,/home/oem/tmp_ws/FBFM/wam/lingbot-va/robotwin_outputs/rtc_short_le800_clean_stage2_seed20000_10/tasks/beat_block_hammer/logs/client.log,/home/oem/tmp_ws/FBFM/wam/lingbot-va/robotwin_outputs/rtc_short_le800_clean_stage2_seed20000_10/tasks/beat_block_hammer/logs/server.log,/home/oem/tmp_ws/FBFM/wam/lingbot-va/robotwin_outputs/rtc_short_le800_clean_stage2_seed20000_10/tasks/beat_block_hammer/client/stseed-20000/visualization/beat_block_hammer/0_Pick_up_the_silver_hammer_and_strike_the_block_True.mp4
beat_block_hammer,stage2,1,20001,20001,true,109686,complete,/home/oem/tmp_ws/FBFM/wam/lingbot-va/robotwin_outputs/rtc_short_le800_clean_stage2_seed20000_10/tasks/beat_block_hammer/client/stseed-20000/metrics/beat_block_hammer/res.json,/home/oem/tmp_ws/FBFM/wam/lingbot-va/robotwin_outputs/rtc_short_le800_clean_stage2_seed20000_10/tasks/beat_block_hammer/logs/client.log,/home/oem/tmp_ws/FBFM/wam/lingbot-va/robotwin_outputs/rtc_short_le800_clean_stage2_seed20000_10/tasks/beat_block_hammer/logs/server.log,"/home/oem/tmp_ws/FBFM/wam/lingbot-va/robotwin_outputs/rtc_short_le800_clean_stage2_seed20000_10/tasks/beat_block_hammer/client/stseed-20000/visualization/beat_block_hammer/1_With_the_right_arm,_grab_the_silver_hammer_and_hammer_the_block_True.mp4"
beat_block_hammer,stage2,2,20002,20002,true,102315,complete,/home/oem/tmp_ws/FBFM/wam/lingbot-va/robotwin_outputs/rtc_short_le800_clean_stage2_seed20000_10/tasks/beat_block_hammer/client/stseed-20000/metrics/beat_block_hammer/res.json,/home/oem/tmp_ws/FBFM/wam/lingbot-va/robotwin_outputs/rtc_short_le800_clean_stage2_seed20000_10/tasks/beat_block_hammer/logs/client.log,/home/oem/tmp_ws/FBFM/wam/lingbot-va/robotwin_outputs/rtc_short_le800_clean_stage2_seed20000_10/tasks/beat_block_hammer/logs/server.log,/home/oem/tmp_ws/FBFM/wam/lingbot-va/robotwin_outputs/rtc_short_le800_clean_stage2_seed20000_10/tasks/beat_block_hammer/client/stseed-20000/visualization/beat_block_hammer/2_Grab_the_medium-sized_metal_hammer_with_the_right_arm_and_hit_the_block_True.mp4
beat_block_hammer,stage2,3,20003,20006,true,77272,complete,/home/oem/tmp_ws/FBFM/wam/lingbot-va/robotwin_outputs/rtc_short_le800_clean_stage2_seed20000_10/tasks/beat_block_hammer/client/stseed-20000/metrics/beat_block_hammer/res.json,/home/oem/tmp_ws/FBFM/wam/lingbot-va/robotwin_outputs/rtc_short_le800_clean_stage2_seed20000_10/tasks/beat_block_hammer/logs/client.log,/home/oem/tmp_ws/FBFM/wam/lingbot-va/robotwin_outputs/rtc_short_le800_clean_stage2_seed20000_10/tasks/beat_block_hammer/logs/server.log,/home/oem/tmp_ws/FBFM/wam/lingbot-va/robotwin_outputs/rtc_short_le800_clean_stage2_seed20000_10/tasks/beat_block_hammer/client/stseed-20000/visualization/beat_block_hammer/3_Lift_the_plastic_handle_metal_hammer_with_the_right_arm_then_strike_block_True.mp4
beat_block_hammer,stage2,4,20004,20007,false,278791,complete,/home/oem/tmp_ws/FBFM/wam/lingbot-va/robotwin_outputs/rtc_short_le800_clean_stage2_seed20000_10/tasks/beat_block_hammer/client/stseed-20000/metrics/beat_block_hammer/res.json,/home/oem/tmp_ws/FBFM/wam/lingbot-va/robotwin_outputs/rtc_short_le800_clean_stage2_seed20000_10/tasks/beat_block_hammer/logs/client.log,/home/oem/tmp_ws/FBFM/wam/lingbot-va/robotwin_outputs/rtc_short_le800_clean_stage2_seed20000_10/tasks/beat_block_hammer/logs/server.log,/home/oem/tmp_ws/FBFM/wam/lingbot-va/robotwin_outputs/rtc_short_le800_clean_stage2_seed20000_10/tasks/beat_block_hammer/client/stseed-20000/visualization/beat_block_hammer/4_Catch_the_plastic_handle_metal_hammer_and_use_it_on_the_block._False.mp4
beat_block_hammer,stage2,5,20005,20008,true,97801,complete,/home/oem/tmp_ws/FBFM/wam/lingbot-va/robotwin_outputs/rtc_short_le800_clean_stage2_seed20000_10/tasks/beat_block_hammer/client/stseed-20000/metrics/beat_block_hammer/res.json,/home/oem/tmp_ws/FBFM/wam/lingbot-va/robotwin_outputs/rtc_short_le800_clean_stage2_seed20000_10/tasks/beat_block_hammer/logs/client.log,/home/oem/tmp_ws/FBFM/wam/lingbot-va/robotwin_outputs/rtc_short_le800_clean_stage2_seed20000_10/tasks/beat_block_hammer/logs/server.log,/home/oem/tmp_ws/FBFM/wam/lingbot-va/robotwin_outputs/rtc_short_le800_clean_stage2_seed20000_10/tasks/beat_block_hammer/client/stseed-20000/visualization/beat_block_hammer/5_Grab_the_silver_hammer_and_use_it_to_hit_True.mp4
beat_block_hammer,stage2,6,20006,20011,true,83815,complete,/home/oem/tmp_ws/FBFM/wam/lingbot-va/robotwin_outputs/rtc_short_le800_clean_stage2_seed20000_10/tasks/beat_block_hammer/client/stseed-20000/metrics/beat_block_hammer/res.json,/home/oem/tmp_ws/FBFM/wam/lingbot-va/robotwin_outputs/rtc_short_le800_clean_stage2_seed20000_10/tasks/beat_block_hammer/logs/client.log,/home/oem/tmp_ws/FBFM/wam/lingbot-va/robotwin_outputs/rtc_short_le800_clean_stage2_seed20000_10/tasks/beat_block_hammer/logs/server.log,/home/oem/tmp_ws/FBFM/wam/lingbot-va/robotwin_outputs/rtc_short_le800_clean_stage2_seed20000_10/tasks/beat_block_hammer/client/stseed-20000/visualization/beat_block_hammer/6_Grab_the_yellow_and_black_hammer_grip_with_the_right_arm_and_strike_block_True.mp4
beat_block_hammer,stage2,7,20007,20012,false,256625,complete,/home/oem/tmp_ws/FBFM/wam/lingbot-va/robotwin_outputs/rtc_short_le800_clean_stage2_seed20000_10/tasks/beat_block_hammer/client/stseed-20000/metrics/beat_block_hammer/res.json,/home/oem/tmp_ws/FBFM/wam/lingbot-va/robotwin_outputs/rtc_short_le800_clean_stage2_seed20000_10/tasks/beat_block_hammer/logs/client.log,/home/oem/tmp_ws/FBFM/wam/lingbot-va/robotwin_outputs/rtc_short_le800_clean_stage2_seed20000_10/tasks/beat_block_hammer/logs/server.log,/home/oem/tmp_ws/FBFM/wam/lingbot-va/robotwin_outputs/rtc_short_le800_clean_stage2_seed20000_10/tasks/beat_block_hammer/client/stseed-20000/visualization/beat_block_hammer/7_Take_the_silver_curved_hammer_head_and_strike_the_block_False.mp4
beat_block_hammer,stage2,8,20008,20014,false,271547,complete,/home/oem/tmp_ws/FBFM/wam/lingbot-va/robotwin_outputs/rtc_short_le800_clean_stage2_seed20000_10/tasks/beat_block_hammer/client/stseed-20000/metrics/beat_block_hammer/res.json,/home/oem/tmp_ws/FBFM/wam/lingbot-va/robotwin_outputs/rtc_short_le800_clean_stage2_seed20000_10/tasks/beat_block_hammer/logs/client.log,/home/oem/tmp_ws/FBFM/wam/lingbot-va/robotwin_outputs/rtc_short_le800_clean_stage2_seed20000_10/tasks/beat_block_hammer/logs/server.log,/home/oem/tmp_ws/FBFM/wam/lingbot-va/robotwin_outputs/rtc_short_le800_clean_stage2_seed20000_10/tasks/beat_block_hammer/client/stseed-20000/visualization/beat_block_hammer/8_Lift_the_grippy_handle_hammer_using_the_right_arm_to_hit_the_block._False.mp4
beat_block_hammer,stage2,9,20009,20015,true,86068,complete,/home/oem/tmp_ws/FBFM/wam/lingbot-va/robotwin_outputs/rtc_short_le800_clean_stage2_seed20000_10/tasks/beat_block_hammer/client/stseed-20000/metrics/beat_block_hammer/res.json,/home/oem/tmp_ws/FBFM/wam/lingbot-va/robotwin_outputs/rtc_short_le800_clean_stage2_seed20000_10/tasks/beat_block_hammer/logs/client.log,/home/oem/tmp_ws/FBFM/wam/lingbot-va/robotwin_outputs/rtc_short_le800_clean_stage2_seed20000_10/tasks/beat_block_hammer/logs/server.log,/home/oem/tmp_ws/FBFM/wam/lingbot-va/robotwin_outputs/rtc_short_le800_clean_stage2_seed20000_10/tasks/beat_block_hammer/client/stseed-20000/visualization/beat_block_hammer/9_Make_the_right_arm_grab_the_hammer_with_claw-shaped_end_and_strike_the_block._True.mp4
click_alarmclock,stage1,0,10000,10000,true,49093,complete,/home/oem/tmp_ws/FBFM/wam/lingbot-va/robotwin_outputs/rtc_short_le800_clean_10/tasks/click_alarmclock/client/stseed-10000/metrics/click_alarmclock/res.json,/home/oem/tmp_ws/FBFM/wam/lingbot-va/robotwin_outputs/rtc_short_le800_clean_10/tasks/click_alarmclock/logs/client.log,/home/oem/tmp_ws/FBFM/wam/lingbot-va/robotwin_outputs/rtc_short_le800_clean_10/tasks/click_alarmclock/logs/server.log,/home/oem/tmp_ws/FBFM/wam/lingbot-va/robotwin_outputs/rtc_short_le800_clean_10/tasks/click_alarmclock/client/stseed-10000/visualization/click_alarmclock/0_Press_the_top_middle_button_of_the_digital_screen_alarm-clock_True.mp4
click_alarmclock,stage1,1,10001,10001,true,54009,complete,/home/oem/tmp_ws/FBFM/wam/lingbot-va/robotwin_outputs/rtc_short_le800_clean_10/tasks/click_alarmclock/client/stseed-10000/metrics/click_alarmclock/res.json,/home/oem/tmp_ws/FBFM/wam/lingbot-va/robotwin_outputs/rtc_short_le800_clean_10/tasks/click_alarmclock/logs/client.log,/home/oem/tmp_ws/FBFM/wam/lingbot-va/robotwin_outputs/rtc_short_le800_clean_10/tasks/click_alarmclock/logs/server.log,/home/oem/tmp_ws/FBFM/wam/lingbot-va/robotwin_outputs/rtc_short_le800_clean_10/tasks/click_alarmclock/client/stseed-10000/visualization/click_alarmclock/1_Activate_the_rounded_square-shaped_alarm_clock_by_pressing_the_top_button_True.mp4
click_alarmclock,stage1,2,10002,10002,true,70620,complete,/home/oem/tmp_ws/FBFM/wam/lingbot-va/robotwin_outputs/rtc_short_le800_clean_10/tasks/click_alarmclock/client/stseed-10000/metrics/click_alarmclock/res.json,/home/oem/tmp_ws/FBFM/wam/lingbot-va/robotwin_outputs/rtc_short_le800_clean_10/tasks/click_alarmclock/logs/client.log,/home/oem/tmp_ws/FBFM/wam/lingbot-va/robotwin_outputs/rtc_short_le800_clean_10/tasks/click_alarmclock/logs/server.log,/home/oem/tmp_ws/FBFM/wam/lingbot-va/robotwin_outputs/rtc_short_le800_clean_10/tasks/click_alarmclock/client/stseed-10000/visualization/click_alarmclock/2_Point_the_left_arm_to_press_the_button_of_the_square_plastic_alarm_clock._True.mp4
click_alarmclock,stage1,3,10003,10003,true,49079,complete,/home/oem/tmp_ws/FBFM/wam/lingbot-va/robotwin_outputs/rtc_short_le800_clean_10/tasks/click_alarmclock/client/stseed-10000/metrics/click_alarmclock/res.json,/home/oem/tmp_ws/FBFM/wam/lingbot-va/robotwin_outputs/rtc_short_le800_clean_10/tasks/click_alarmclock/logs/client.log,/home/oem/tmp_ws/FBFM/wam/lingbot-va/robotwin_outputs/rtc_short_le800_clean_10/tasks/click_alarmclock/logs/server.log,/home/oem/tmp_ws/FBFM/wam/lingbot-va/robotwin_outputs/rtc_short_le800_clean_10/tasks/click_alarmclock/client/stseed-10000/visualization/click_alarmclock/3_Use_the_left_arm_to_press_the_center_top_of_the_palm-sized_alarm-clock_True.mp4
click_alarmclock,stage1,4,10004,10004,true,50295,complete,/home/oem/tmp_ws/FBFM/wam/lingbot-va/robotwin_outputs/rtc_short_le800_clean_10/tasks/click_alarmclock/client/stseed-10000/metrics/click_alarmclock/res.json,/home/oem/tmp_ws/FBFM/wam/lingbot-va/robotwin_outputs/rtc_short_le800_clean_10/tasks/click_alarmclock/logs/client.log,/home/oem/tmp_ws/FBFM/wam/lingbot-va/robotwin_outputs/rtc_short_le800_clean_10/tasks/click_alarmclock/logs/server.log,/home/oem/tmp_ws/FBFM/wam/lingbot-va/robotwin_outputs/rtc_short_le800_clean_10/tasks/click_alarmclock/client/stseed-10000/visualization/click_alarmclock/4_Locate_and_press_the_top_button_on_the_small_alarm-clock_True.mp4
click_alarmclock,stage1,5,10005,10005,true,51760,complete,/home/oem/tmp_ws/FBFM/wam/lingbot-va/robotwin_outputs/rtc_short_le800_clean_10/tasks/click_alarmclock/client/stseed-10000/metrics/click_alarmclock/res.json,/home/oem/tmp_ws/FBFM/wam/lingbot-va/robotwin_outputs/rtc_short_le800_clean_10/tasks/click_alarmclock/logs/client.log,/home/oem/tmp_ws/FBFM/wam/lingbot-va/robotwin_outputs/rtc_short_le800_clean_10/tasks/click_alarmclock/logs/server.log,/home/oem/tmp_ws/FBFM/wam/lingbot-va/robotwin_outputs/rtc_short_le800_clean_10/tasks/click_alarmclock/client/stseed-10000/visualization/click_alarmclock/5_Tap_the_center_button_on_the_smooth_black_alarm-clock._True.mp4
click_alarmclock,stage1,6,10006,10006,true,46480,complete,/home/oem/tmp_ws/FBFM/wam/lingbot-va/robotwin_outputs/rtc_short_le800_clean_10/tasks/click_alarmclock/client/stseed-10000/metrics/click_alarmclock/res.json,/home/oem/tmp_ws/FBFM/wam/lingbot-va/robotwin_outputs/rtc_short_le800_clean_10/tasks/click_alarmclock/logs/client.log,/home/oem/tmp_ws/FBFM/wam/lingbot-va/robotwin_outputs/rtc_short_le800_clean_10/tasks/click_alarmclock/logs/server.log,/home/oem/tmp_ws/FBFM/wam/lingbot-va/robotwin_outputs/rtc_short_le800_clean_10/tasks/click_alarmclock/client/stseed-10000/visualization/click_alarmclock/6_Press_the_top_button_at_the_compact_alarm-clock's_center._True.mp4
click_alarmclock,stage1,7,10007,10007,true,54436,complete,/home/oem/tmp_ws/FBFM/wam/lingbot-va/robotwin_outputs/rtc_short_le800_clean_10/tasks/click_alarmclock/client/stseed-10000/metrics/click_alarmclock/res.json,/home/oem/tmp_ws/FBFM/wam/lingbot-va/robotwin_outputs/rtc_short_le800_clean_10/tasks/click_alarmclock/logs/client.log,/home/oem/tmp_ws/FBFM/wam/lingbot-va/robotwin_outputs/rtc_short_le800_clean_10/tasks/click_alarmclock/logs/server.log,/home/oem/tmp_ws/FBFM/wam/lingbot-va/robotwin_outputs/rtc_short_le800_clean_10/tasks/click_alarmclock/client/stseed-10000/visualization/click_alarmclock/7_Use_the_left_arm_to_activate_the_smooth_black_alarm-clock's_button_True.mp4
click_alarmclock,stage1,8,10008,10008,true,47148,complete,/home/oem/tmp_ws/FBFM/wam/lingbot-va/robotwin_outputs/rtc_short_le800_clean_10/tasks/click_alarmclock/client/stseed-10000/metrics/click_alarmclock/res.json,/home/oem/tmp_ws/FBFM/wam/lingbot-va/robotwin_outputs/rtc_short_le800_clean_10/tasks/click_alarmclock/logs/client.log,/home/oem/tmp_ws/FBFM/wam/lingbot-va/robotwin_outputs/rtc_short_le800_clean_10/tasks/click_alarmclock/logs/server.log,/home/oem/tmp_ws/FBFM/wam/lingbot-va/robotwin_outputs/rtc_short_le800_clean_10/tasks/click_alarmclock/client/stseed-10000/visualization/click_alarmclock/8_Use_the_left_arm_to_click_the_top_of_the_clock_with_white_dial_True.mp4
click_alarmclock,stage1,9,10009,10010,true,48907,complete,/home/oem/tmp_ws/FBFM/wam/lingbot-va/robotwin_outputs/rtc_short_le800_clean_10/tasks/click_alarmclock/client/stseed-10000/metrics/click_alarmclock/res.json,/home/oem/tmp_ws/FBFM/wam/lingbot-va/robotwin_outputs/rtc_short_le800_clean_10/tasks/click_alarmclock/logs/client.log,/home/oem/tmp_ws/FBFM/wam/lingbot-va/robotwin_outputs/rtc_short_le800_clean_10/tasks/click_alarmclock/logs/server.log,/home/oem/tmp_ws/FBFM/wam/lingbot-va/robotwin_outputs/rtc_short_le800_clean_10/tasks/click_alarmclock/client/stseed-10000/visualization/click_alarmclock/9_the_left_arm_presses_the_center_top_button_on_the_clock_with_black_hands_True.mp4
click_alarmclock,stage2,0,20000,20000,true,47085,complete,/home/oem/tmp_ws/FBFM/wam/lingbot-va/robotwin_outputs/rtc_short_le800_clean_stage2_seed20000_10/tasks/click_alarmclock/client/stseed-20000/metrics/click_alarmclock/res.json,/home/oem/tmp_ws/FBFM/wam/lingbot-va/robotwin_outputs/rtc_short_le800_clean_stage2_seed20000_10/tasks/click_alarmclock/logs/client.log,/home/oem/tmp_ws/FBFM/wam/lingbot-va/robotwin_outputs/rtc_short_le800_clean_stage2_seed20000_10/tasks/click_alarmclock/logs/server.log,/home/oem/tmp_ws/FBFM/wam/lingbot-va/robotwin_outputs/rtc_short_le800_clean_stage2_seed20000_10/tasks/click_alarmclock/client/stseed-20000/visualization/click_alarmclock/0_Use_the_right_arm_to_press_the_black_alarm-clock_button_True.mp4
click_alarmclock,stage2,1,20001,20001,true,57468,complete,/home/oem/tmp_ws/FBFM/wam/lingbot-va/robotwin_outputs/rtc_short_le800_clean_stage2_seed20000_10/tasks/click_alarmclock/client/stseed-20000/metrics/click_alarmclock/res.json,/home/oem/tmp_ws/FBFM/wam/lingbot-va/robotwin_outputs/rtc_short_le800_clean_stage2_seed20000_10/tasks/click_alarmclock/logs/client.log,/home/oem/tmp_ws/FBFM/wam/lingbot-va/robotwin_outputs/rtc_short_le800_clean_stage2_seed20000_10/tasks/click_alarmclock/logs/server.log,/home/oem/tmp_ws/FBFM/wam/lingbot-va/robotwin_outputs/rtc_short_le800_clean_stage2_seed20000_10/tasks/click_alarmclock/client/stseed-20000/visualization/click_alarmclock/1_Use_the_right_arm_to_activate_the_dark_blue_clock's_button_True.mp4
click_alarmclock,stage2,2,20002,20002,true,45724,complete,/home/oem/tmp_ws/FBFM/wam/lingbot-va/robotwin_outputs/rtc_short_le800_clean_stage2_seed20000_10/tasks/click_alarmclock/client/stseed-20000/metrics/click_alarmclock/res.json,/home/oem/tmp_ws/FBFM/wam/lingbot-va/robotwin_outputs/rtc_short_le800_clean_stage2_seed20000_10/tasks/click_alarmclock/logs/client.log,/home/oem/tmp_ws/FBFM/wam/lingbot-va/robotwin_outputs/rtc_short_le800_clean_stage2_seed20000_10/tasks/click_alarmclock/logs/server.log,/home/oem/tmp_ws/FBFM/wam/lingbot-va/robotwin_outputs/rtc_short_le800_clean_stage2_seed20000_10/tasks/click_alarmclock/client/stseed-20000/visualization/click_alarmclock/2_Push_the_top_button_on_the_white-faced_alarm_clock_True.mp4
click_alarmclock,stage2,3,20003,20003,true,82662,complete,/home/oem/tmp_ws/FBFM/wam/lingbot-va/robotwin_outputs/rtc_short_le800_clean_stage2_seed20000_10/tasks/click_alarmclock/client/stseed-20000/metrics/click_alarmclock/res.json,/home/oem/tmp_ws/FBFM/wam/lingbot-va/robotwin_outputs/rtc_short_le800_clean_stage2_seed20000_10/tasks/click_alarmclock/logs/client.log,/home/oem/tmp_ws/FBFM/wam/lingbot-va/robotwin_outputs/rtc_short_le800_clean_stage2_seed20000_10/tasks/click_alarmclock/logs/server.log,/home/oem/tmp_ws/FBFM/wam/lingbot-va/robotwin_outputs/rtc_short_le800_clean_stage2_seed20000_10/tasks/click_alarmclock/client/stseed-20000/visualization/click_alarmclock/3_Press_the_center_top_button_of_the_alarm_clock_with_green_stripe_True.mp4
click_alarmclock,stage2,4,20004,20004,true,52388,complete,/home/oem/tmp_ws/FBFM/wam/lingbot-va/robotwin_outputs/rtc_short_le800_clean_stage2_seed20000_10/tasks/click_alarmclock/client/stseed-20000/metrics/click_alarmclock/res.json,/home/oem/tmp_ws/FBFM/wam/lingbot-va/robotwin_outputs/rtc_short_le800_clean_stage2_seed20000_10/tasks/click_alarmclock/logs/client.log,/home/oem/tmp_ws/FBFM/wam/lingbot-va/robotwin_outputs/rtc_short_le800_clean_stage2_seed20000_10/tasks/click_alarmclock/logs/server.log,/home/oem/tmp_ws/FBFM/wam/lingbot-va/robotwin_outputs/rtc_short_le800_clean_stage2_seed20000_10/tasks/click_alarmclock/client/stseed-20000/visualization/click_alarmclock/4_Use_the_right_arm_to_tap_the_dark_blue_clock's_top_center_button._True.mp4
click_alarmclock,stage2,5,20005,20005,true,53223,complete,/home/oem/tmp_ws/FBFM/wam/lingbot-va/robotwin_outputs/rtc_short_le800_clean_stage2_seed20000_10/tasks/click_alarmclock/client/stseed-20000/metrics/click_alarmclock/res.json,/home/oem/tmp_ws/FBFM/wam/lingbot-va/robotwin_outputs/rtc_short_le800_clean_stage2_seed20000_10/tasks/click_alarmclock/logs/client.log,/home/oem/tmp_ws/FBFM/wam/lingbot-va/robotwin_outputs/rtc_short_le800_clean_stage2_seed20000_10/tasks/click_alarmclock/logs/server.log,/home/oem/tmp_ws/FBFM/wam/lingbot-va/robotwin_outputs/rtc_short_le800_clean_stage2_seed20000_10/tasks/click_alarmclock/client/stseed-20000/visualization/click_alarmclock/5_Push_the_top_button_on_the_smooth_black_alarm-clock_True.mp4
click_alarmclock,stage2,6,20006,20007,true,45223,complete,/home/oem/tmp_ws/FBFM/wam/lingbot-va/robotwin_outputs/rtc_short_le800_clean_stage2_seed20000_10/tasks/click_alarmclock/client/stseed-20000/metrics/click_alarmclock/res.json,/home/oem/tmp_ws/FBFM/wam/lingbot-va/robotwin_outputs/rtc_short_le800_clean_stage2_seed20000_10/tasks/click_alarmclock/logs/client.log,/home/oem/tmp_ws/FBFM/wam/lingbot-va/robotwin_outputs/rtc_short_le800_clean_stage2_seed20000_10/tasks/click_alarmclock/logs/server.log,/home/oem/tmp_ws/FBFM/wam/lingbot-va/robotwin_outputs/rtc_short_le800_clean_stage2_seed20000_10/tasks/click_alarmclock/client/stseed-20000/visualization/click_alarmclock/6_Press_the_button_on_the_alarm-clock_with_rounded_edges's_top_side_True.mp4
click_alarmclock,stage2,7,20007,20008,true,41419,complete,/home/oem/tmp_ws/FBFM/wam/lingbot-va/robotwin_outputs/rtc_short_le800_clean_stage2_seed20000_10/tasks/click_alarmclock/client/stseed-20000/metrics/click_alarmclock/res.json,/home/oem/tmp_ws/FBFM/wam/lingbot-va/robotwin_outputs/rtc_short_le800_clean_stage2_seed20000_10/tasks/click_alarmclock/logs/client.log,/home/oem/tmp_ws/FBFM/wam/lingbot-va/robotwin_outputs/rtc_short_le800_clean_stage2_seed20000_10/tasks/click_alarmclock/logs/server.log,/home/oem/tmp_ws/FBFM/wam/lingbot-va/robotwin_outputs/rtc_short_le800_clean_stage2_seed20000_10/tasks/click_alarmclock/client/stseed-20000/visualization/click_alarmclock/7_Press_the_top_button_in_the_black_alarm-clock's_center._True.mp4
click_alarmclock,stage2,8,20008,20010,true,59423,complete,/home/oem/tmp_ws/FBFM/wam/lingbot-va/robotwin_outputs/rtc_short_le800_clean_stage2_seed20000_10/tasks/click_alarmclock/client/stseed-20000/metrics/click_alarmclock/res.json,/home/oem/tmp_ws/FBFM/wam/lingbot-va/robotwin_outputs/rtc_short_le800_clean_stage2_seed20000_10/tasks/click_alarmclock/logs/client.log,/home/oem/tmp_ws/FBFM/wam/lingbot-va/robotwin_outputs/rtc_short_le800_clean_stage2_seed20000_10/tasks/click_alarmclock/logs/server.log,/home/oem/tmp_ws/FBFM/wam/lingbot-va/robotwin_outputs/rtc_short_le800_clean_stage2_seed20000_10/tasks/click_alarmclock/client/stseed-20000/visualization/click_alarmclock/8_Press_the_alarm-clock_with_buttons_on_side's_top_button_using_the_left_arm_True.mp4
click_alarmclock,stage2,9,20009,20011,true,51417,complete,/home/oem/tmp_ws/FBFM/wam/lingbot-va/robotwin_outputs/rtc_short_le800_clean_stage2_seed20000_10/tasks/click_alarmclock/client/stseed-20000/metrics/click_alarmclock/res.json,/home/oem/tmp_ws/FBFM/wam/lingbot-va/robotwin_outputs/rtc_short_le800_clean_stage2_seed20000_10/tasks/click_alarmclock/logs/client.log,/home/oem/tmp_ws/FBFM/wam/lingbot-va/robotwin_outputs/rtc_short_le800_clean_stage2_seed20000_10/tasks/click_alarmclock/logs/server.log,/home/oem/tmp_ws/FBFM/wam/lingbot-va/robotwin_outputs/rtc_short_le800_clean_stage2_seed20000_10/tasks/click_alarmclock/client/stseed-20000/visualization/click_alarmclock/9_Press_the_top_middle_button_of_the_alarm-clock_with_buttons_on_side_True.mp4
click_bell,stage1,0,10000,10000,true,43253,complete,/home/oem/tmp_ws/FBFM/wam/lingbot-va/robotwin_outputs/rtc_short_le800_clean_10/tasks/click_bell/client/stseed-10000/metrics/click_bell/res.json,/home/oem/tmp_ws/FBFM/wam/lingbot-va/robotwin_outputs/rtc_short_le800_clean_10/tasks/click_bell/logs/client.log,/home/oem/tmp_ws/FBFM/wam/lingbot-va/robotwin_outputs/rtc_short_le800_clean_10/tasks/click_bell/logs/server.log,/home/oem/tmp_ws/FBFM/wam/lingbot-va/robotwin_outputs/rtc_short_le800_clean_10/tasks/click_bell/client/stseed-10000/visualization/click_bell/0_Direct_the_left_arm_to_click_the_top_of_the_bell_with_circular_body._True.mp4
click_bell,stage1,1,10001,10001,true,44856,complete,/home/oem/tmp_ws/FBFM/wam/lingbot-va/robotwin_outputs/rtc_short_le800_clean_10/tasks/click_bell/client/stseed-10000/metrics/click_bell/res.json,/home/oem/tmp_ws/FBFM/wam/lingbot-va/robotwin_outputs/rtc_short_le800_clean_10/tasks/click_bell/logs/client.log,/home/oem/tmp_ws/FBFM/wam/lingbot-va/robotwin_outputs/rtc_short_le800_clean_10/tasks/click_bell/logs/server.log,/home/oem/tmp_ws/FBFM/wam/lingbot-va/robotwin_outputs/rtc_short_le800_clean_10/tasks/click_bell/client/stseed-10000/visualization/click_bell/1_Use_the_left_arm_to_touch_the_bell_with_metallic_top_and_plastic_base's_top_center._True.mp4
click_bell,stage1,2,10002,10002,true,41750,complete,/home/oem/tmp_ws/FBFM/wam/lingbot-va/robotwin_outputs/rtc_short_le800_clean_10/tasks/click_bell/client/stseed-10000/metrics/click_bell/res.json,/home/oem/tmp_ws/FBFM/wam/lingbot-va/robotwin_outputs/rtc_short_le800_clean_10/tasks/click_bell/logs/client.log,/home/oem/tmp_ws/FBFM/wam/lingbot-va/robotwin_outputs/rtc_short_le800_clean_10/tasks/click_bell/logs/server.log,/home/oem/tmp_ws/FBFM/wam/lingbot-va/robotwin_outputs/rtc_short_le800_clean_10/tasks/click_bell/client/stseed-10000/visualization/click_bell/2_Push_the_white_and_black_colored_bell's_<top_center>_on_the_table_True.mp4
click_bell,stage1,3,10003,10003,true,40992,complete,/home/oem/tmp_ws/FBFM/wam/lingbot-va/robotwin_outputs/rtc_short_le800_clean_10/tasks/click_bell/client/stseed-10000/metrics/click_bell/res.json,/home/oem/tmp_ws/FBFM/wam/lingbot-va/robotwin_outputs/rtc_short_le800_clean_10/tasks/click_bell/logs/client.log,/home/oem/tmp_ws/FBFM/wam/lingbot-va/robotwin_outputs/rtc_short_le800_clean_10/tasks/click_bell/logs/server.log,/home/oem/tmp_ws/FBFM/wam/lingbot-va/robotwin_outputs/rtc_short_le800_clean_10/tasks/click_bell/client/stseed-10000/visualization/click_bell/3_Press_the_center_of_the_flat-topped_bell_using_the_left_arm._True.mp4
click_bell,stage1,4,10004,10004,true,38407,complete,/home/oem/tmp_ws/FBFM/wam/lingbot-va/robotwin_outputs/rtc_short_le800_clean_10/tasks/click_bell/client/stseed-10000/metrics/click_bell/res.json,/home/oem/tmp_ws/FBFM/wam/lingbot-va/robotwin_outputs/rtc_short_le800_clean_10/tasks/click_bell/logs/client.log,/home/oem/tmp_ws/FBFM/wam/lingbot-va/robotwin_outputs/rtc_short_le800_clean_10/tasks/click_bell/logs/server.log,/home/oem/tmp_ws/FBFM/wam/lingbot-va/robotwin_outputs/rtc_short_le800_clean_10/tasks/click_bell/client/stseed-10000/visualization/click_bell/4_Press_down_the_top_of_the_white_dome_bell_using_the_left_arm._True.mp4
click_bell,stage1,5,10005,10005,true,39213,complete,/home/oem/tmp_ws/FBFM/wam/lingbot-va/robotwin_outputs/rtc_short_le800_clean_10/tasks/click_bell/client/stseed-10000/metrics/click_bell/res.json,/home/oem/tmp_ws/FBFM/wam/lingbot-va/robotwin_outputs/rtc_short_le800_clean_10/tasks/click_bell/logs/client.log,/home/oem/tmp_ws/FBFM/wam/lingbot-va/robotwin_outputs/rtc_short_le800_clean_10/tasks/click_bell/logs/server.log,/home/oem/tmp_ws/FBFM/wam/lingbot-va/robotwin_outputs/rtc_short_le800_clean_10/tasks/click_bell/client/stseed-10000/visualization/click_bell/5_Use_the_left_arm_to_touch_the_white_bell_with_black_bottom's_top_center._True.mp4
click_bell,stage1,6,10006,10006,true,41502,complete,/home/oem/tmp_ws/FBFM/wam/lingbot-va/robotwin_outputs/rtc_short_le800_clean_10/tasks/click_bell/client/stseed-10000/metrics/click_bell/res.json,/home/oem/tmp_ws/FBFM/wam/lingbot-va/robotwin_outputs/rtc_short_le800_clean_10/tasks/click_bell/logs/client.log,/home/oem/tmp_ws/FBFM/wam/lingbot-va/robotwin_outputs/rtc_short_le800_clean_10/tasks/click_bell/logs/server.log,/home/oem/tmp_ws/FBFM/wam/lingbot-va/robotwin_outputs/rtc_short_le800_clean_10/tasks/click_bell/client/stseed-10000/visualization/click_bell/6_Guide_the_left_arm_to_click_the_compact_tabletop_bell's_top_center._True.mp4
click_bell,stage1,7,10007,10007,true,44820,complete,/home/oem/tmp_ws/FBFM/wam/lingbot-va/robotwin_outputs/rtc_short_le800_clean_10/tasks/click_bell/client/stseed-10000/metrics/click_bell/res.json,/home/oem/tmp_ws/FBFM/wam/lingbot-va/robotwin_outputs/rtc_short_le800_clean_10/tasks/click_bell/logs/client.log,/home/oem/tmp_ws/FBFM/wam/lingbot-va/robotwin_outputs/rtc_short_le800_clean_10/tasks/click_bell/logs/server.log,/home/oem/tmp_ws/FBFM/wam/lingbot-va/robotwin_outputs/rtc_short_le800_clean_10/tasks/click_bell/client/stseed-10000/visualization/click_bell/7_Direct_the_left_arm_to_click_the_top_of_the_white_bell_with_black_bottom._True.mp4
click_bell,stage1,8,10008,10008,true,36513,complete,/home/oem/tmp_ws/FBFM/wam/lingbot-va/robotwin_outputs/rtc_short_le800_clean_10/tasks/click_bell/client/stseed-10000/metrics/click_bell/res.json,/home/oem/tmp_ws/FBFM/wam/lingbot-va/robotwin_outputs/rtc_short_le800_clean_10/tasks/click_bell/logs/client.log,/home/oem/tmp_ws/FBFM/wam/lingbot-va/robotwin_outputs/rtc_short_le800_clean_10/tasks/click_bell/logs/server.log,/home/oem/tmp_ws/FBFM/wam/lingbot-va/robotwin_outputs/rtc_short_le800_clean_10/tasks/click_bell/client/stseed-10000/visualization/click_bell/8_Direct_the_right_arm_to_click_the_top_of_the_compact_tabletop_bell._True.mp4
click_bell,stage1,9,10009,10009,true,38799,complete,/home/oem/tmp_ws/FBFM/wam/lingbot-va/robotwin_outputs/rtc_short_le800_clean_10/tasks/click_bell/client/stseed-10000/metrics/click_bell/res.json,/home/oem/tmp_ws/FBFM/wam/lingbot-va/robotwin_outputs/rtc_short_le800_clean_10/tasks/click_bell/logs/client.log,/home/oem/tmp_ws/FBFM/wam/lingbot-va/robotwin_outputs/rtc_short_le800_clean_10/tasks/click_bell/logs/server.log,/home/oem/tmp_ws/FBFM/wam/lingbot-va/robotwin_outputs/rtc_short_le800_clean_10/tasks/click_bell/client/stseed-10000/visualization/click_bell/9_Click_the_designated_center_of_the_blue_bell._True.mp4
click_bell,stage2,0,20000,20000,true,40869,complete,/home/oem/tmp_ws/FBFM/wam/lingbot-va/robotwin_outputs/rtc_short_le800_clean_stage2_seed20000_10/tasks/click_bell/client/stseed-20000/metrics/click_bell/res.json,/home/oem/tmp_ws/FBFM/wam/lingbot-va/robotwin_outputs/rtc_short_le800_clean_stage2_seed20000_10/tasks/click_bell/logs/client.log,/home/oem/tmp_ws/FBFM/wam/lingbot-va/robotwin_outputs/rtc_short_le800_clean_stage2_seed20000_10/tasks/click_bell/logs/server.log,/home/oem/tmp_ws/FBFM/wam/lingbot-va/robotwin_outputs/rtc_short_le800_clean_stage2_seed20000_10/tasks/click_bell/client/stseed-20000/visualization/click_bell/0_Push_the_center_of_the_white_bell_using_the_right_arm._True.mp4
click_bell,stage2,1,20001,20001,true,41996,complete,/home/oem/tmp_ws/FBFM/wam/lingbot-va/robotwin_outputs/rtc_short_le800_clean_stage2_seed20000_10/tasks/click_bell/client/stseed-20000/metrics/click_bell/res.json,/home/oem/tmp_ws/FBFM/wam/lingbot-va/robotwin_outputs/rtc_short_le800_clean_stage2_seed20000_10/tasks/click_bell/logs/client.log,/home/oem/tmp_ws/FBFM/wam/lingbot-va/robotwin_outputs/rtc_short_le800_clean_stage2_seed20000_10/tasks/click_bell/logs/server.log,/home/oem/tmp_ws/FBFM/wam/lingbot-va/robotwin_outputs/rtc_short_le800_clean_stage2_seed20000_10/tasks/click_bell/client/stseed-20000/visualization/click_bell/1_Press_down_the_blue_bell's_top_center_gently._True.mp4
click_bell,stage2,2,20002,20002,true,44982,complete,/home/oem/tmp_ws/FBFM/wam/lingbot-va/robotwin_outputs/rtc_short_le800_clean_stage2_seed20000_10/tasks/click_bell/client/stseed-20000/metrics/click_bell/res.json,/home/oem/tmp_ws/FBFM/wam/lingbot-va/robotwin_outputs/rtc_short_le800_clean_stage2_seed20000_10/tasks/click_bell/logs/client.log,/home/oem/tmp_ws/FBFM/wam/lingbot-va/robotwin_outputs/rtc_short_le800_clean_stage2_seed20000_10/tasks/click_bell/logs/server.log,/home/oem/tmp_ws/FBFM/wam/lingbot-va/robotwin_outputs/rtc_short_le800_clean_stage2_seed20000_10/tasks/click_bell/client/stseed-20000/visualization/click_bell/2_Tap_the_bell_with_black_flat_base's_top_center_with_the_right_arm._True.mp4
click_bell,stage2,3,20003,20003,true,44799,complete,/home/oem/tmp_ws/FBFM/wam/lingbot-va/robotwin_outputs/rtc_short_le800_clean_stage2_seed20000_10/tasks/click_bell/client/stseed-20000/metrics/click_bell/res.json,/home/oem/tmp_ws/FBFM/wam/lingbot-va/robotwin_outputs/rtc_short_le800_clean_stage2_seed20000_10/tasks/click_bell/logs/client.log,/home/oem/tmp_ws/FBFM/wam/lingbot-va/robotwin_outputs/rtc_short_le800_clean_stage2_seed20000_10/tasks/click_bell/logs/server.log,/home/oem/tmp_ws/FBFM/wam/lingbot-va/robotwin_outputs/rtc_short_le800_clean_stage2_seed20000_10/tasks/click_bell/client/stseed-20000/visualization/click_bell/3_Direct_the_left_arm_to_touch_the_bell_shaped_like_half-circle_dome's_top._True.mp4
click_bell,stage2,4,20004,20004,true,42263,complete,/home/oem/tmp_ws/FBFM/wam/lingbot-va/robotwin_outputs/rtc_short_le800_clean_stage2_seed20000_10/tasks/click_bell/client/stseed-20000/metrics/click_bell/res.json,/home/oem/tmp_ws/FBFM/wam/lingbot-va/robotwin_outputs/rtc_short_le800_clean_stage2_seed20000_10/tasks/click_bell/logs/client.log,/home/oem/tmp_ws/FBFM/wam/lingbot-va/robotwin_outputs/rtc_short_le800_clean_stage2_seed20000_10/tasks/click_bell/logs/server.log,/home/oem/tmp_ws/FBFM/wam/lingbot-va/robotwin_outputs/rtc_short_le800_clean_stage2_seed20000_10/tasks/click_bell/client/stseed-20000/visualization/click_bell/4_Push_the_blue_bell's_<top_center>_on_the_table_True.mp4
click_bell,stage2,5,20005,20005,true,41800,complete,/home/oem/tmp_ws/FBFM/wam/lingbot-va/robotwin_outputs/rtc_short_le800_clean_stage2_seed20000_10/tasks/click_bell/client/stseed-20000/metrics/click_bell/res.json,/home/oem/tmp_ws/FBFM/wam/lingbot-va/robotwin_outputs/rtc_short_le800_clean_stage2_seed20000_10/tasks/click_bell/logs/client.log,/home/oem/tmp_ws/FBFM/wam/lingbot-va/robotwin_outputs/rtc_short_le800_clean_stage2_seed20000_10/tasks/click_bell/logs/server.log,/home/oem/tmp_ws/FBFM/wam/lingbot-va/robotwin_outputs/rtc_short_le800_clean_stage2_seed20000_10/tasks/click_bell/client/stseed-20000/visualization/click_bell/5_Press_the_blue_dome-shaped_bell's_top_center_on_the_table._True.mp4
click_bell,stage2,6,20006,20006,true,49937,complete,/home/oem/tmp_ws/FBFM/wam/lingbot-va/robotwin_outputs/rtc_short_le800_clean_stage2_seed20000_10/tasks/click_bell/client/stseed-20000/metrics/click_bell/res.json,/home/oem/tmp_ws/FBFM/wam/lingbot-va/robotwin_outputs/rtc_short_le800_clean_stage2_seed20000_10/tasks/click_bell/logs/client.log,/home/oem/tmp_ws/FBFM/wam/lingbot-va/robotwin_outputs/rtc_short_le800_clean_stage2_seed20000_10/tasks/click_bell/logs/server.log,/home/oem/tmp_ws/FBFM/wam/lingbot-va/robotwin_outputs/rtc_short_le800_clean_stage2_seed20000_10/tasks/click_bell/client/stseed-20000/visualization/click_bell/6_Make_the_right_arm_interact_with_the_rounded_bell_with_flat_black_part's_top_center._True.mp4
click_bell,stage2,7,20007,20007,true,37966,complete,/home/oem/tmp_ws/FBFM/wam/lingbot-va/robotwin_outputs/rtc_short_le800_clean_stage2_seed20000_10/tasks/click_bell/client/stseed-20000/metrics/click_bell/res.json,/home/oem/tmp_ws/FBFM/wam/lingbot-va/robotwin_outputs/rtc_short_le800_clean_stage2_seed20000_10/tasks/click_bell/logs/client.log,/home/oem/tmp_ws/FBFM/wam/lingbot-va/robotwin_outputs/rtc_short_le800_clean_stage2_seed20000_10/tasks/click_bell/logs/server.log,/home/oem/tmp_ws/FBFM/wam/lingbot-va/robotwin_outputs/rtc_short_le800_clean_stage2_seed20000_10/tasks/click_bell/client/stseed-20000/visualization/click_bell/7_Press_the_small_blue_and_brown_bell's_top_center_with_the_right_arm_firmly._True.mp4
click_bell,stage2,8,20008,20008,true,33917,complete,/home/oem/tmp_ws/FBFM/wam/lingbot-va/robotwin_outputs/rtc_short_le800_clean_stage2_seed20000_10/tasks/click_bell/client/stseed-20000/metrics/click_bell/res.json,/home/oem/tmp_ws/FBFM/wam/lingbot-va/robotwin_outputs/rtc_short_le800_clean_stage2_seed20000_10/tasks/click_bell/logs/client.log,/home/oem/tmp_ws/FBFM/wam/lingbot-va/robotwin_outputs/rtc_short_le800_clean_stage2_seed20000_10/tasks/click_bell/logs/server.log,/home/oem/tmp_ws/FBFM/wam/lingbot-va/robotwin_outputs/rtc_short_le800_clean_stage2_seed20000_10/tasks/click_bell/client/stseed-20000/visualization/click_bell/8_Press_the_center_top_of_the_blue_bell._True.mp4
click_bell,stage2,9,20009,20009,true,39326,complete,/home/oem/tmp_ws/FBFM/wam/lingbot-va/robotwin_outputs/rtc_short_le800_clean_stage2_seed20000_10/tasks/click_bell/client/stseed-20000/metrics/click_bell/res.json,/home/oem/tmp_ws/FBFM/wam/lingbot-va/robotwin_outputs/rtc_short_le800_clean_stage2_seed20000_10/tasks/click_bell/logs/client.log,/home/oem/tmp_ws/FBFM/wam/lingbot-va/robotwin_outputs/rtc_short_le800_clean_stage2_seed20000_10/tasks/click_bell/logs/server.log,/home/oem/tmp_ws/FBFM/wam/lingbot-va/robotwin_outputs/rtc_short_le800_clean_stage2_seed20000_10/tasks/click_bell/client/stseed-20000/visualization/click_bell/9_Press_the_top_center_of_the_bell_shaped_like_half-circle_dome_on_table._True.mp4
grab_roller,stage1,0,10000,10000,true,102239,complete,/home/oem/tmp_ws/FBFM/wam/lingbot-va/robotwin_outputs/rtc_short_le800_clean_10/tasks/grab_roller/client/stseed-10000/metrics/grab_roller/res.json,/home/oem/tmp_ws/FBFM/wam/lingbot-va/robotwin_outputs/rtc_short_le800_clean_10/tasks/grab_roller/logs/client.log,/home/oem/tmp_ws/FBFM/wam/lingbot-va/robotwin_outputs/rtc_short_le800_clean_10/tasks/grab_roller/logs/server.log,/home/oem/tmp_ws/FBFM/wam/lingbot-va/robotwin_outputs/rtc_short_le800_clean_10/tasks/grab_roller/client/stseed-10000/visualization/grab_roller/0_Secure_the_roller_with_polished_surface_with_both_arms._True.mp4
grab_roller,stage1,1,10001,10001,true,85654,complete,/home/oem/tmp_ws/FBFM/wam/lingbot-va/robotwin_outputs/rtc_short_le800_clean_10/tasks/grab_roller/client/stseed-10000/metrics/grab_roller/res.json,/home/oem/tmp_ws/FBFM/wam/lingbot-va/robotwin_outputs/rtc_short_le800_clean_10/tasks/grab_roller/logs/client.log,/home/oem/tmp_ws/FBFM/wam/lingbot-va/robotwin_outputs/rtc_short_le800_clean_10/tasks/grab_roller/logs/server.log,/home/oem/tmp_ws/FBFM/wam/lingbot-va/robotwin_outputs/rtc_short_le800_clean_10/tasks/grab_roller/client/stseed-10000/visualization/grab_roller/1_Grab_the_roller_shaped_like_cylinder_directly_from_the_table._True.mp4
grab_roller,stage1,2,10002,10002,true,94282,complete,/home/oem/tmp_ws/FBFM/wam/lingbot-va/robotwin_outputs/rtc_short_le800_clean_10/tasks/grab_roller/client/stseed-10000/metrics/grab_roller/res.json,/home/oem/tmp_ws/FBFM/wam/lingbot-va/robotwin_outputs/rtc_short_le800_clean_10/tasks/grab_roller/logs/client.log,/home/oem/tmp_ws/FBFM/wam/lingbot-va/robotwin_outputs/rtc_short_le800_clean_10/tasks/grab_roller/logs/server.log,/home/oem/tmp_ws/FBFM/wam/lingbot-va/robotwin_outputs/rtc_short_le800_clean_10/tasks/grab_roller/client/stseed-10000/visualization/grab_roller/2_Lift_the_narrow_tapered_roller_from_the_table._True.mp4
grab_roller,stage1,3,10003,10003,true,93701,complete,/home/oem/tmp_ws/FBFM/wam/lingbot-va/robotwin_outputs/rtc_short_le800_clean_10/tasks/grab_roller/client/stseed-10000/metrics/grab_roller/res.json,/home/oem/tmp_ws/FBFM/wam/lingbot-va/robotwin_outputs/rtc_short_le800_clean_10/tasks/grab_roller/logs/client.log,/home/oem/tmp_ws/FBFM/wam/lingbot-va/robotwin_outputs/rtc_short_le800_clean_10/tasks/grab_roller/logs/server.log,/home/oem/tmp_ws/FBFM/wam/lingbot-va/robotwin_outputs/rtc_short_le800_clean_10/tasks/grab_roller/client/stseed-10000/visualization/grab_roller/3_Reach_out_to_grab_the_palm-length_roller_from_the_table_True.mp4
grab_roller,stage1,4,10004,10004,true,89829,complete,/home/oem/tmp_ws/FBFM/wam/lingbot-va/robotwin_outputs/rtc_short_le800_clean_10/tasks/grab_roller/client/stseed-10000/metrics/grab_roller/res.json,/home/oem/tmp_ws/FBFM/wam/lingbot-va/robotwin_outputs/rtc_short_le800_clean_10/tasks/grab_roller/logs/client.log,/home/oem/tmp_ws/FBFM/wam/lingbot-va/robotwin_outputs/rtc_short_le800_clean_10/tasks/grab_roller/logs/server.log,/home/oem/tmp_ws/FBFM/wam/lingbot-va/robotwin_outputs/rtc_short_le800_clean_10/tasks/grab_roller/client/stseed-10000/visualization/grab_roller/4_Take_both_arms_to_grasp_the_long_slim_roller._True.mp4
grab_roller,stage1,5,10005,10005,true,86440,complete,/home/oem/tmp_ws/FBFM/wam/lingbot-va/robotwin_outputs/rtc_short_le800_clean_10/tasks/grab_roller/client/stseed-10000/metrics/grab_roller/res.json,/home/oem/tmp_ws/FBFM/wam/lingbot-va/robotwin_outputs/rtc_short_le800_clean_10/tasks/grab_roller/logs/client.log,/home/oem/tmp_ws/FBFM/wam/lingbot-va/robotwin_outputs/rtc_short_le800_clean_10/tasks/grab_roller/logs/server.log,/home/oem/tmp_ws/FBFM/wam/lingbot-va/robotwin_outputs/rtc_short_le800_clean_10/tasks/grab_roller/client/stseed-10000/visualization/grab_roller/5_Secure_the_slim_wooden_roller_on_the_table_using_arms._True.mp4
grab_roller,stage1,6,10006,10006,true,96605,complete,/home/oem/tmp_ws/FBFM/wam/lingbot-va/robotwin_outputs/rtc_short_le800_clean_10/tasks/grab_roller/client/stseed-10000/metrics/grab_roller/res.json,/home/oem/tmp_ws/FBFM/wam/lingbot-va/robotwin_outputs/rtc_short_le800_clean_10/tasks/grab_roller/logs/client.log,/home/oem/tmp_ws/FBFM/wam/lingbot-va/robotwin_outputs/rtc_short_le800_clean_10/tasks/grab_roller/logs/server.log,/home/oem/tmp_ws/FBFM/wam/lingbot-va/robotwin_outputs/rtc_short_le800_clean_10/tasks/grab_roller/client/stseed-10000/visualization/grab_roller/6_Hold_the_light_brown_roller_from_the_table._True.mp4
grab_roller,stage1,7,10007,10007,true,88490,complete,/home/oem/tmp_ws/FBFM/wam/lingbot-va/robotwin_outputs/rtc_short_le800_clean_10/tasks/grab_roller/client/stseed-10000/metrics/grab_roller/res.json,/home/oem/tmp_ws/FBFM/wam/lingbot-va/robotwin_outputs/rtc_short_le800_clean_10/tasks/grab_roller/logs/client.log,/home/oem/tmp_ws/FBFM/wam/lingbot-va/robotwin_outputs/rtc_short_le800_clean_10/tasks/grab_roller/logs/server.log,/home/oem/tmp_ws/FBFM/wam/lingbot-va/robotwin_outputs/rtc_short_le800_clean_10/tasks/grab_roller/client/stseed-10000/visualization/grab_roller/7_Hold_the_slim_wooden_roller_on_the_table_with_hands._True.mp4
grab_roller,stage1,8,10008,10008,true,97086,complete,/home/oem/tmp_ws/FBFM/wam/lingbot-va/robotwin_outputs/rtc_short_le800_clean_10/tasks/grab_roller/client/stseed-10000/metrics/grab_roller/res.json,/home/oem/tmp_ws/FBFM/wam/lingbot-va/robotwin_outputs/rtc_short_le800_clean_10/tasks/grab_roller/logs/client.log,/home/oem/tmp_ws/FBFM/wam/lingbot-va/robotwin_outputs/rtc_short_le800_clean_10/tasks/grab_roller/logs/server.log,/home/oem/tmp_ws/FBFM/wam/lingbot-va/robotwin_outputs/rtc_short_le800_clean_10/tasks/grab_roller/client/stseed-10000/visualization/grab_roller/8_Take_hold_of_the_light_brown_roller_using_your_arms._True.mp4
grab_roller,stage1,9,10009,10009,true,93959,complete,/home/oem/tmp_ws/FBFM/wam/lingbot-va/robotwin_outputs/rtc_short_le800_clean_10/tasks/grab_roller/client/stseed-10000/metrics/grab_roller/res.json,/home/oem/tmp_ws/FBFM/wam/lingbot-va/robotwin_outputs/rtc_short_le800_clean_10/tasks/grab_roller/logs/client.log,/home/oem/tmp_ws/FBFM/wam/lingbot-va/robotwin_outputs/rtc_short_le800_clean_10/tasks/grab_roller/logs/server.log,/home/oem/tmp_ws/FBFM/wam/lingbot-va/robotwin_outputs/rtc_short_le800_clean_10/tasks/grab_roller/client/stseed-10000/visualization/grab_roller/9_Lift_the_brown_roller_off_the_table_with_both_arms_True.mp4
grab_roller,stage2,0,20000,20000,true,90253,complete,/home/oem/tmp_ws/FBFM/wam/lingbot-va/robotwin_outputs/rtc_short_le800_clean_stage2_seed20000_10/tasks/grab_roller/client/stseed-20000/metrics/grab_roller/res.json,/home/oem/tmp_ws/FBFM/wam/lingbot-va/robotwin_outputs/rtc_short_le800_clean_stage2_seed20000_10/tasks/grab_roller/logs/client.log,/home/oem/tmp_ws/FBFM/wam/lingbot-va/robotwin_outputs/rtc_short_le800_clean_stage2_seed20000_10/tasks/grab_roller/logs/server.log,/home/oem/tmp_ws/FBFM/wam/lingbot-va/robotwin_outputs/rtc_short_le800_clean_stage2_seed20000_10/tasks/grab_roller/client/stseed-20000/visualization/grab_roller/0_Secure_the_brown_roller_from_the_table_using_arms_True.mp4
grab_roller,stage2,1,20001,20001,true,88342,complete,/home/oem/tmp_ws/FBFM/wam/lingbot-va/robotwin_outputs/rtc_short_le800_clean_stage2_seed20000_10/tasks/grab_roller/client/stseed-20000/metrics/grab_roller/res.json,/home/oem/tmp_ws/FBFM/wam/lingbot-va/robotwin_outputs/rtc_short_le800_clean_stage2_seed20000_10/tasks/grab_roller/logs/client.log,/home/oem/tmp_ws/FBFM/wam/lingbot-va/robotwin_outputs/rtc_short_le800_clean_stage2_seed20000_10/tasks/grab_roller/logs/server.log,/home/oem/tmp_ws/FBFM/wam/lingbot-va/robotwin_outputs/rtc_short_le800_clean_stage2_seed20000_10/tasks/grab_roller/client/stseed-20000/visualization/grab_roller/1_Pick_up_the_brown_roller_using_both_arms_equally_True.mp4
grab_roller,stage2,2,20002,20002,true,89765,complete,/home/oem/tmp_ws/FBFM/wam/lingbot-va/robotwin_outputs/rtc_short_le800_clean_stage2_seed20000_10/tasks/grab_roller/client/stseed-20000/metrics/grab_roller/res.json,/home/oem/tmp_ws/FBFM/wam/lingbot-va/robotwin_outputs/rtc_short_le800_clean_stage2_seed20000_10/tasks/grab_roller/logs/client.log,/home/oem/tmp_ws/FBFM/wam/lingbot-va/robotwin_outputs/rtc_short_le800_clean_stage2_seed20000_10/tasks/grab_roller/logs/server.log,/home/oem/tmp_ws/FBFM/wam/lingbot-va/robotwin_outputs/rtc_short_le800_clean_stage2_seed20000_10/tasks/grab_roller/client/stseed-20000/visualization/grab_roller/2_Get_hold_of_the_medium-sized_roller_using_your_arms_True.mp4
grab_roller,stage2,3,20003,20003,true,98561,complete,/home/oem/tmp_ws/FBFM/wam/lingbot-va/robotwin_outputs/rtc_short_le800_clean_stage2_seed20000_10/tasks/grab_roller/client/stseed-20000/metrics/grab_roller/res.json,/home/oem/tmp_ws/FBFM/wam/lingbot-va/robotwin_outputs/rtc_short_le800_clean_stage2_seed20000_10/tasks/grab_roller/logs/client.log,/home/oem/tmp_ws/FBFM/wam/lingbot-va/robotwin_outputs/rtc_short_le800_clean_stage2_seed20000_10/tasks/grab_roller/logs/server.log,/home/oem/tmp_ws/FBFM/wam/lingbot-va/robotwin_outputs/rtc_short_le800_clean_stage2_seed20000_10/tasks/grab_roller/client/stseed-20000/visualization/grab_roller/3_Grasp_the_medium_roller_with_narrower_tips_firmly_with_arms._True.mp4
grab_roller,stage2,4,20004,20004,true,97881,complete,/home/oem/tmp_ws/FBFM/wam/lingbot-va/robotwin_outputs/rtc_short_le800_clean_stage2_seed20000_10/tasks/grab_roller/client/stseed-20000/metrics/grab_roller/res.json,/home/oem/tmp_ws/FBFM/wam/lingbot-va/robotwin_outputs/rtc_short_le800_clean_stage2_seed20000_10/tasks/grab_roller/logs/client.log,/home/oem/tmp_ws/FBFM/wam/lingbot-va/robotwin_outputs/rtc_short_le800_clean_stage2_seed20000_10/tasks/grab_roller/logs/server.log,/home/oem/tmp_ws/FBFM/wam/lingbot-va/robotwin_outputs/rtc_short_le800_clean_stage2_seed20000_10/tasks/grab_roller/client/stseed-20000/visualization/grab_roller/4_Secure_the_wood_roller_using_your_arms._True.mp4
grab_roller,stage2,5,20005,20005,true,100775,complete,/home/oem/tmp_ws/FBFM/wam/lingbot-va/robotwin_outputs/rtc_short_le800_clean_stage2_seed20000_10/tasks/grab_roller/client/stseed-20000/metrics/grab_roller/res.json,/home/oem/tmp_ws/FBFM/wam/lingbot-va/robotwin_outputs/rtc_short_le800_clean_stage2_seed20000_10/tasks/grab_roller/logs/client.log,/home/oem/tmp_ws/FBFM/wam/lingbot-va/robotwin_outputs/rtc_short_le800_clean_stage2_seed20000_10/tasks/grab_roller/logs/server.log,/home/oem/tmp_ws/FBFM/wam/lingbot-va/robotwin_outputs/rtc_short_le800_clean_stage2_seed20000_10/tasks/grab_roller/client/stseed-20000/visualization/grab_roller/5_Reach_for_the_light_brown_wooden_roller_and_hold_it_firmly_True.mp4
grab_roller,stage2,6,20006,20006,true,87734,complete,/home/oem/tmp_ws/FBFM/wam/lingbot-va/robotwin_outputs/rtc_short_le800_clean_stage2_seed20000_10/tasks/grab_roller/client/stseed-20000/metrics/grab_roller/res.json,/home/oem/tmp_ws/FBFM/wam/lingbot-va/robotwin_outputs/rtc_short_le800_clean_stage2_seed20000_10/tasks/grab_roller/logs/client.log,/home/oem/tmp_ws/FBFM/wam/lingbot-va/robotwin_outputs/rtc_short_le800_clean_stage2_seed20000_10/tasks/grab_roller/logs/server.log,/home/oem/tmp_ws/FBFM/wam/lingbot-va/robotwin_outputs/rtc_short_le800_clean_stage2_seed20000_10/tasks/grab_roller/client/stseed-20000/visualization/grab_roller/6_Take_the_smooth_light_brown_roller_directly_from_the_table._True.mp4
grab_roller,stage2,7,20007,20007,true,93754,complete,/home/oem/tmp_ws/FBFM/wam/lingbot-va/robotwin_outputs/rtc_short_le800_clean_stage2_seed20000_10/tasks/grab_roller/client/stseed-20000/metrics/grab_roller/res.json,/home/oem/tmp_ws/FBFM/wam/lingbot-va/robotwin_outputs/rtc_short_le800_clean_stage2_seed20000_10/tasks/grab_roller/logs/client.log,/home/oem/tmp_ws/FBFM/wam/lingbot-va/robotwin_outputs/rtc_short_le800_clean_stage2_seed20000_10/tasks/grab_roller/logs/server.log,/home/oem/tmp_ws/FBFM/wam/lingbot-va/robotwin_outputs/rtc_short_le800_clean_stage2_seed20000_10/tasks/grab_roller/client/stseed-20000/visualization/grab_roller/7_Securely_grab_the_roller_for_smoothing_materials_using_both_arms._True.mp4
grab_roller,stage2,8,20008,20008,true,89599,complete,/home/oem/tmp_ws/FBFM/wam/lingbot-va/robotwin_outputs/rtc_short_le800_clean_stage2_seed20000_10/tasks/grab_roller/client/stseed-20000/metrics/grab_roller/res.json,/home/oem/tmp_ws/FBFM/wam/lingbot-va/robotwin_outputs/rtc_short_le800_clean_stage2_seed20000_10/tasks/grab_roller/logs/client.log,/home/oem/tmp_ws/FBFM/wam/lingbot-va/robotwin_outputs/rtc_short_le800_clean_stage2_seed20000_10/tasks/grab_roller/logs/server.log,/home/oem/tmp_ws/FBFM/wam/lingbot-va/robotwin_outputs/rtc_short_le800_clean_stage2_seed20000_10/tasks/grab_roller/client/stseed-20000/visualization/grab_roller/8_Bring_both_arms_to_grab_the_wood_roller._True.mp4
grab_roller,stage2,9,20009,20009,true,100684,complete,/home/oem/tmp_ws/FBFM/wam/lingbot-va/robotwin_outputs/rtc_short_le800_clean_stage2_seed20000_10/tasks/grab_roller/client/stseed-20000/metrics/grab_roller/res.json,/home/oem/tmp_ws/FBFM/wam/lingbot-va/robotwin_outputs/rtc_short_le800_clean_stage2_seed20000_10/tasks/grab_roller/logs/client.log,/home/oem/tmp_ws/FBFM/wam/lingbot-va/robotwin_outputs/rtc_short_le800_clean_stage2_seed20000_10/tasks/grab_roller/logs/server.log,/home/oem/tmp_ws/FBFM/wam/lingbot-va/robotwin_outputs/rtc_short_le800_clean_stage2_seed20000_10/tasks/grab_roller/client/stseed-20000/visualization/grab_roller/9_Pick_up_the_smooth_cylindrical_roller_using_both_arms._True.mp4
lift_pot,stage1,0,10000,10000,true,249054,complete,/home/oem/tmp_ws/FBFM/wam/lingbot-va/robotwin_outputs/rtc_short_le800_clean_10/tasks/lift_pot/client/stseed-10000/metrics/lift_pot/res.json,/home/oem/tmp_ws/FBFM/wam/lingbot-va/robotwin_outputs/rtc_short_le800_clean_10/tasks/lift_pot/logs/client.log,/home/oem/tmp_ws/FBFM/wam/lingbot-va/robotwin_outputs/rtc_short_le800_clean_10/tasks/lift_pot/logs/server.log,/home/oem/tmp_ws/FBFM/wam/lingbot-va/robotwin_outputs/rtc_short_le800_clean_10/tasks/lift_pot/client/stseed-10000/visualization/lift_pot/0_Securely_lift_the_medium_kitchenpot_made_of_metal_together_True.mp4
lift_pot,stage1,1,10001,10008,true,235086,complete,/home/oem/tmp_ws/FBFM/wam/lingbot-va/robotwin_outputs/rtc_short_le800_clean_10/tasks/lift_pot/client/stseed-10000/metrics/lift_pot/res.json,/home/oem/tmp_ws/FBFM/wam/lingbot-va/robotwin_outputs/rtc_short_le800_clean_10/tasks/lift_pot/logs/client.log,/home/oem/tmp_ws/FBFM/wam/lingbot-va/robotwin_outputs/rtc_short_le800_clean_10/tasks/lift_pot/logs/server.log,/home/oem/tmp_ws/FBFM/wam/lingbot-va/robotwin_outputs/rtc_short_le800_clean_10/tasks/lift_pot/client/stseed-10000/visualization/lift_pot/1_Hold_the_cylindrical_kitchenpot_with_both_arms_True.mp4
lift_pot,stage1,2,10002,10010,true,237960,complete,/home/oem/tmp_ws/FBFM/wam/lingbot-va/robotwin_outputs/rtc_short_le800_clean_10/tasks/lift_pot/client/stseed-10000/metrics/lift_pot/res.json,/home/oem/tmp_ws/FBFM/wam/lingbot-va/robotwin_outputs/rtc_short_le800_clean_10/tasks/lift_pot/logs/client.log,/home/oem/tmp_ws/FBFM/wam/lingbot-va/robotwin_outputs/rtc_short_le800_clean_10/tasks/lift_pot/logs/server.log,"/home/oem/tmp_ws/FBFM/wam/lingbot-va/robotwin_outputs/rtc_short_le800_clean_10/tasks/lift_pot/client/stseed-10000/visualization/lift_pot/2_With_arms,_raise_the_smooth_gray_kitchenpot_upward_slowly._True.mp4"
lift_pot,stage1,3,10003,10014,true,246921,complete,/home/oem/tmp_ws/FBFM/wam/lingbot-va/robotwin_outputs/rtc_short_le800_clean_10/tasks/lift_pot/client/stseed-10000/metrics/lift_pot/res.json,/home/oem/tmp_ws/FBFM/wam/lingbot-va/robotwin_outputs/rtc_short_le800_clean_10/tasks/lift_pot/logs/client.log,/home/oem/tmp_ws/FBFM/wam/lingbot-va/robotwin_outputs/rtc_short_le800_clean_10/tasks/lift_pot/logs/server.log,/home/oem/tmp_ws/FBFM/wam/lingbot-va/robotwin_outputs/rtc_short_le800_clean_10/tasks/lift_pot/client/stseed-10000/visualization/lift_pot/3_Use_both_arms_to_raise_the_gray_kitchenpot_True.mp4
lift_pot,stage1,4,10004,10016,true,240549,complete,/home/oem/tmp_ws/FBFM/wam/lingbot-va/robotwin_outputs/rtc_short_le800_clean_10/tasks/lift_pot/client/stseed-10000/metrics/lift_pot/res.json,/home/oem/tmp_ws/FBFM/wam/lingbot-va/robotwin_outputs/rtc_short_le800_clean_10/tasks/lift_pot/logs/client.log,/home/oem/tmp_ws/FBFM/wam/lingbot-va/robotwin_outputs/rtc_short_le800_clean_10/tasks/lift_pot/logs/server.log,/home/oem/tmp_ws/FBFM/wam/lingbot-va/robotwin_outputs/rtc_short_le800_clean_10/tasks/lift_pot/client/stseed-10000/visualization/lift_pot/4_Carry_the_round_kitchenpot_with_handles_securely_using_arms_True.mp4
lift_pot,stage1,5,10005,10017,true,234776,complete,/home/oem/tmp_ws/FBFM/wam/lingbot-va/robotwin_outputs/rtc_short_le800_clean_10/tasks/lift_pot/client/stseed-10000/metrics/lift_pot/res.json,/home/oem/tmp_ws/FBFM/wam/lingbot-va/robotwin_outputs/rtc_short_le800_clean_10/tasks/lift_pot/logs/client.log,/home/oem/tmp_ws/FBFM/wam/lingbot-va/robotwin_outputs/rtc_short_le800_clean_10/tasks/lift_pot/logs/server.log,"/home/oem/tmp_ws/FBFM/wam/lingbot-va/robotwin_outputs/rtc_short_le800_clean_10/tasks/lift_pot/client/stseed-10000/visualization/lift_pot/5_With_arms,_raise_the_medium-sized_kitchenpot_upward_slowly._True.mp4"
lift_pot,stage1,6,10006,10018,true,252827,complete,/home/oem/tmp_ws/FBFM/wam/lingbot-va/robotwin_outputs/rtc_short_le800_clean_10/tasks/lift_pot/client/stseed-10000/metrics/lift_pot/res.json,/home/oem/tmp_ws/FBFM/wam/lingbot-va/robotwin_outputs/rtc_short_le800_clean_10/tasks/lift_pot/logs/client.log,/home/oem/tmp_ws/FBFM/wam/lingbot-va/robotwin_outputs/rtc_short_le800_clean_10/tasks/lift_pot/logs/server.log,/home/oem/tmp_ws/FBFM/wam/lingbot-va/robotwin_outputs/rtc_short_le800_clean_10/tasks/lift_pot/client/stseed-10000/visualization/lift_pot/6_Pick_up_the_dark_gray_stove_kitchenpot_with_both_arms_True.mp4
lift_pot,stage1,7,10007,10020,true,240636,complete,/home/oem/tmp_ws/FBFM/wam/lingbot-va/robotwin_outputs/rtc_short_le800_clean_10/tasks/lift_pot/client/stseed-10000/metrics/lift_pot/res.json,/home/oem/tmp_ws/FBFM/wam/lingbot-va/robotwin_outputs/rtc_short_le800_clean_10/tasks/lift_pot/logs/client.log,/home/oem/tmp_ws/FBFM/wam/lingbot-va/robotwin_outputs/rtc_short_le800_clean_10/tasks/lift_pot/logs/server.log,/home/oem/tmp_ws/FBFM/wam/lingbot-va/robotwin_outputs/rtc_short_le800_clean_10/tasks/lift_pot/client/stseed-10000/visualization/lift_pot/7_Grab_the_cylindrical_kitchenpot_using_both_arms_True.mp4
lift_pot,stage1,8,10008,10022,true,237871,complete,/home/oem/tmp_ws/FBFM/wam/lingbot-va/robotwin_outputs/rtc_short_le800_clean_10/tasks/lift_pot/client/stseed-10000/metrics/lift_pot/res.json,/home/oem/tmp_ws/FBFM/wam/lingbot-va/robotwin_outputs/rtc_short_le800_clean_10/tasks/lift_pot/logs/client.log,/home/oem/tmp_ws/FBFM/wam/lingbot-va/robotwin_outputs/rtc_short_le800_clean_10/tasks/lift_pot/logs/server.log,"/home/oem/tmp_ws/FBFM/wam/lingbot-va/robotwin_outputs/rtc_short_le800_clean_10/tasks/lift_pot/client/stseed-10000/visualization/lift_pot/8_Hold_the_medium-sized_kitchenpot_firmly,_then_lift._True.mp4"
lift_pot,stage1,9,10009,10024,true,247773,complete,/home/oem/tmp_ws/FBFM/wam/lingbot-va/robotwin_outputs/rtc_short_le800_clean_10/tasks/lift_pot/client/stseed-10000/metrics/lift_pot/res.json,/home/oem/tmp_ws/FBFM/wam/lingbot-va/robotwin_outputs/rtc_short_le800_clean_10/tasks/lift_pot/logs/client.log,/home/oem/tmp_ws/FBFM/wam/lingbot-va/robotwin_outputs/rtc_short_le800_clean_10/tasks/lift_pot/logs/server.log,/home/oem/tmp_ws/FBFM/wam/lingbot-va/robotwin_outputs/rtc_short_le800_clean_10/tasks/lift_pot/client/stseed-10000/visualization/lift_pot/9_Hold_the_gray_cylindrical_metal_kitchenpot_with_both_arms_True.mp4
lift_pot,stage2,0,20000,20002,true,235778,complete,/home/oem/tmp_ws/FBFM/wam/lingbot-va/robotwin_outputs/rtc_short_le800_clean_stage2_seed20000_10/tasks/lift_pot/client/stseed-20000/metrics/lift_pot/res.json,/home/oem/tmp_ws/FBFM/wam/lingbot-va/robotwin_outputs/rtc_short_le800_clean_stage2_seed20000_10/tasks/lift_pot/logs/client.log,/home/oem/tmp_ws/FBFM/wam/lingbot-va/robotwin_outputs/rtc_short_le800_clean_stage2_seed20000_10/tasks/lift_pot/logs/server.log,/home/oem/tmp_ws/FBFM/wam/lingbot-va/robotwin_outputs/rtc_short_le800_clean_stage2_seed20000_10/tasks/lift_pot/client/stseed-20000/visualization/lift_pot/0_Raise_the_medium-sized_kitchenpot_evenly_with_arms_True.mp4
lift_pot,stage2,1,20001,20003,true,245585,complete,/home/oem/tmp_ws/FBFM/wam/lingbot-va/robotwin_outputs/rtc_short_le800_clean_stage2_seed20000_10/tasks/lift_pot/client/stseed-20000/metrics/lift_pot/res.json,/home/oem/tmp_ws/FBFM/wam/lingbot-va/robotwin_outputs/rtc_short_le800_clean_stage2_seed20000_10/tasks/lift_pot/logs/client.log,/home/oem/tmp_ws/FBFM/wam/lingbot-va/robotwin_outputs/rtc_short_le800_clean_stage2_seed20000_10/tasks/lift_pot/logs/server.log,/home/oem/tmp_ws/FBFM/wam/lingbot-va/robotwin_outputs/rtc_short_le800_clean_stage2_seed20000_10/tasks/lift_pot/client/stseed-20000/visualization/lift_pot/1_Hold_and_raise_the_gray_cylindrical_metal_kitchenpot_together_True.mp4
lift_pot,stage2,2,20002,20004,true,244152,complete,/home/oem/tmp_ws/FBFM/wam/lingbot-va/robotwin_outputs/rtc_short_le800_clean_stage2_seed20000_10/tasks/lift_pot/client/stseed-20000/metrics/lift_pot/res.json,/home/oem/tmp_ws/FBFM/wam/lingbot-va/robotwin_outputs/rtc_short_le800_clean_stage2_seed20000_10/tasks/lift_pot/logs/client.log,/home/oem/tmp_ws/FBFM/wam/lingbot-va/robotwin_outputs/rtc_short_le800_clean_stage2_seed20000_10/tasks/lift_pot/logs/server.log,/home/oem/tmp_ws/FBFM/wam/lingbot-va/robotwin_outputs/rtc_short_le800_clean_stage2_seed20000_10/tasks/lift_pot/client/stseed-20000/visualization/lift_pot/2_Lift_the_gray_kitchenpot_upwards_with_care_True.mp4
lift_pot,stage2,3,20003,20007,true,241464,complete,/home/oem/tmp_ws/FBFM/wam/lingbot-va/robotwin_outputs/rtc_short_le800_clean_stage2_seed20000_10/tasks/lift_pot/client/stseed-20000/metrics/lift_pot/res.json,/home/oem/tmp_ws/FBFM/wam/lingbot-va/robotwin_outputs/rtc_short_le800_clean_stage2_seed20000_10/tasks/lift_pot/logs/client.log,/home/oem/tmp_ws/FBFM/wam/lingbot-va/robotwin_outputs/rtc_short_le800_clean_stage2_seed20000_10/tasks/lift_pot/logs/server.log,/home/oem/tmp_ws/FBFM/wam/lingbot-va/robotwin_outputs/rtc_short_le800_clean_stage2_seed20000_10/tasks/lift_pot/client/stseed-20000/visualization/lift_pot/3_Engage_arms_to_grip_and_lift_the_kitchenpot_with_smooth_exterior._True.mp4
lift_pot,stage2,4,20004,20008,true,239460,complete,/home/oem/tmp_ws/FBFM/wam/lingbot-va/robotwin_outputs/rtc_short_le800_clean_stage2_seed20000_10/tasks/lift_pot/client/stseed-20000/metrics/lift_pot/res.json,/home/oem/tmp_ws/FBFM/wam/lingbot-va/robotwin_outputs/rtc_short_le800_clean_stage2_seed20000_10/tasks/lift_pot/logs/client.log,/home/oem/tmp_ws/FBFM/wam/lingbot-va/robotwin_outputs/rtc_short_le800_clean_stage2_seed20000_10/tasks/lift_pot/logs/server.log,/home/oem/tmp_ws/FBFM/wam/lingbot-va/robotwin_outputs/rtc_short_le800_clean_stage2_seed20000_10/tasks/lift_pot/client/stseed-20000/visualization/lift_pot/4_Use_arms_to_lift_the_gray_kitchenpot_upward_True.mp4
lift_pot,stage2,5,20005,20014,true,236305,complete,/home/oem/tmp_ws/FBFM/wam/lingbot-va/robotwin_outputs/rtc_short_le800_clean_stage2_seed20000_10/tasks/lift_pot/client/stseed-20000/metrics/lift_pot/res.json,/home/oem/tmp_ws/FBFM/wam/lingbot-va/robotwin_outputs/rtc_short_le800_clean_stage2_seed20000_10/tasks/lift_pot/logs/client.log,/home/oem/tmp_ws/FBFM/wam/lingbot-va/robotwin_outputs/rtc_short_le800_clean_stage2_seed20000_10/tasks/lift_pot/logs/server.log,/home/oem/tmp_ws/FBFM/wam/lingbot-va/robotwin_outputs/rtc_short_le800_clean_stage2_seed20000_10/tasks/lift_pot/client/stseed-20000/visualization/lift_pot/5_Use_both_arms_to_raise_the_smooth_gray_kitchenpot._True.mp4
lift_pot,stage2,6,20006,20015,true,241577,complete,/home/oem/tmp_ws/FBFM/wam/lingbot-va/robotwin_outputs/rtc_short_le800_clean_stage2_seed20000_10/tasks/lift_pot/client/stseed-20000/metrics/lift_pot/res.json,/home/oem/tmp_ws/FBFM/wam/lingbot-va/robotwin_outputs/rtc_short_le800_clean_stage2_seed20000_10/tasks/lift_pot/logs/client.log,/home/oem/tmp_ws/FBFM/wam/lingbot-va/robotwin_outputs/rtc_short_le800_clean_stage2_seed20000_10/tasks/lift_pot/logs/server.log,/home/oem/tmp_ws/FBFM/wam/lingbot-va/robotwin_outputs/rtc_short_le800_clean_stage2_seed20000_10/tasks/lift_pot/client/stseed-20000/visualization/lift_pot/6_Lift_the_round_kitchenpot_with_handles_carefully_using_both_arms._True.mp4
lift_pot,stage2,7,20007,20016,true,234881,complete,/home/oem/tmp_ws/FBFM/wam/lingbot-va/robotwin_outputs/rtc_short_le800_clean_stage2_seed20000_10/tasks/lift_pot/client/stseed-20000/metrics/lift_pot/res.json,/home/oem/tmp_ws/FBFM/wam/lingbot-va/robotwin_outputs/rtc_short_le800_clean_stage2_seed20000_10/tasks/lift_pot/logs/client.log,/home/oem/tmp_ws/FBFM/wam/lingbot-va/robotwin_outputs/rtc_short_le800_clean_stage2_seed20000_10/tasks/lift_pot/logs/server.log,/home/oem/tmp_ws/FBFM/wam/lingbot-va/robotwin_outputs/rtc_short_le800_clean_stage2_seed20000_10/tasks/lift_pot/client/stseed-20000/visualization/lift_pot/7_Lift_the_cylindrical_kitchenpot_up_together_True.mp4
lift_pot,stage2,8,20008,20018,true,249403,complete,/home/oem/tmp_ws/FBFM/wam/lingbot-va/robotwin_outputs/rtc_short_le800_clean_stage2_seed20000_10/tasks/lift_pot/client/stseed-20000/metrics/lift_pot/res.json,/home/oem/tmp_ws/FBFM/wam/lingbot-va/robotwin_outputs/rtc_short_le800_clean_stage2_seed20000_10/tasks/lift_pot/logs/client.log,/home/oem/tmp_ws/FBFM/wam/lingbot-va/robotwin_outputs/rtc_short_le800_clean_stage2_seed20000_10/tasks/lift_pot/logs/server.log,/home/oem/tmp_ws/FBFM/wam/lingbot-va/robotwin_outputs/rtc_short_le800_clean_stage2_seed20000_10/tasks/lift_pot/client/stseed-20000/visualization/lift_pot/8_Carry_the_medium_kitchenpot_made_of_metal_securely_using_arms_True.mp4
lift_pot,stage2,9,20009,20019,true,243389,complete,/home/oem/tmp_ws/FBFM/wam/lingbot-va/robotwin_outputs/rtc_short_le800_clean_stage2_seed20000_10/tasks/lift_pot/client/stseed-20000/metrics/lift_pot/res.json,/home/oem/tmp_ws/FBFM/wam/lingbot-va/robotwin_outputs/rtc_short_le800_clean_stage2_seed20000_10/tasks/lift_pot/logs/client.log,/home/oem/tmp_ws/FBFM/wam/lingbot-va/robotwin_outputs/rtc_short_le800_clean_stage2_seed20000_10/tasks/lift_pot/logs/server.log,/home/oem/tmp_ws/FBFM/wam/lingbot-va/robotwin_outputs/rtc_short_le800_clean_stage2_seed20000_10/tasks/lift_pot/client/stseed-20000/visualization/lift_pot/9_Lift_the_gray_cylindrical_metal_kitchenpot_carefully_using_arms_True.mp4
move_can_pot,stage1,0,10000,10001,true,114806,complete,/home/oem/tmp_ws/FBFM/wam/lingbot-va/robotwin_outputs/rtc_short_le800_clean_10/tasks/move_can_pot/client/stseed-10000/metrics/move_can_pot/res.json,/home/oem/tmp_ws/FBFM/wam/lingbot-va/robotwin_outputs/rtc_short_le800_clean_10/tasks/move_can_pot/logs/client.log,/home/oem/tmp_ws/FBFM/wam/lingbot-va/robotwin_outputs/rtc_short_le800_clean_10/tasks/move_can_pot/logs/server.log,/home/oem/tmp_ws/FBFM/wam/lingbot-va/robotwin_outputs/rtc_short_le800_clean_10/tasks/move_can_pot/client/stseed-10000/visualization/move_can_pot/0_Move_the_sauce_can_with_flat_bottom_from_its_spot_to_near_the_teal_pot_for_boiling_and_cooking_True.mp4
move_can_pot,stage1,1,10001,10002,true,89639,complete,/home/oem/tmp_ws/FBFM/wam/lingbot-va/robotwin_outputs/rtc_short_le800_clean_10/tasks/move_can_pot/client/stseed-10000/metrics/move_can_pot/res.json,/home/oem/tmp_ws/FBFM/wam/lingbot-va/robotwin_outputs/rtc_short_le800_clean_10/tasks/move_can_pot/logs/client.log,/home/oem/tmp_ws/FBFM/wam/lingbot-va/robotwin_outputs/rtc_short_le800_clean_10/tasks/move_can_pot/logs/server.log,"/home/oem/tmp_ws/FBFM/wam/lingbot-va/robotwin_outputs/rtc_short_le800_clean_10/tasks/move_can_pot/client/stseed-10000/visualization/move_can_pot/1_Use_the_left_arm_to_lift_the_smooth_sauce_can,_then_move_it_next_to_the_dark_gray_pot_with_side_handles_True.mp4"
move_can_pot,stage1,2,10002,10003,true,103898,complete,/home/oem/tmp_ws/FBFM/wam/lingbot-va/robotwin_outputs/rtc_short_le800_clean_10/tasks/move_can_pot/client/stseed-10000/metrics/move_can_pot/res.json,/home/oem/tmp_ws/FBFM/wam/lingbot-va/robotwin_outputs/rtc_short_le800_clean_10/tasks/move_can_pot/logs/client.log,/home/oem/tmp_ws/FBFM/wam/lingbot-va/robotwin_outputs/rtc_short_le800_clean_10/tasks/move_can_pot/logs/server.log,/home/oem/tmp_ws/FBFM/wam/lingbot-va/robotwin_outputs/rtc_short_le800_clean_10/tasks/move_can_pot/client/stseed-10000/visualization/move_can_pot/2_Move_the_white_sauce_can_brown_top_to_the_round_kitchenpot_with_handles_with_the_left_arm_True.mp4
move_can_pot,stage1,3,10003,10004,true,106825,complete,/home/oem/tmp_ws/FBFM/wam/lingbot-va/robotwin_outputs/rtc_short_le800_clean_10/tasks/move_can_pot/client/stseed-10000/metrics/move_can_pot/res.json,/home/oem/tmp_ws/FBFM/wam/lingbot-va/robotwin_outputs/rtc_short_le800_clean_10/tasks/move_can_pot/logs/client.log,/home/oem/tmp_ws/FBFM/wam/lingbot-va/robotwin_outputs/rtc_short_le800_clean_10/tasks/move_can_pot/logs/server.log,/home/oem/tmp_ws/FBFM/wam/lingbot-va/robotwin_outputs/rtc_short_le800_clean_10/tasks/move_can_pot/client/stseed-10000/visualization/move_can_pot/3_Pick_the_sauce_can_with_brown_lid_up_with_the_right_arm_then_place_near_the_kitchenpot_with_flat_lid_and_knob_True.mp4
move_can_pot,stage1,4,10004,10005,true,108978,complete,/home/oem/tmp_ws/FBFM/wam/lingbot-va/robotwin_outputs/rtc_short_le800_clean_10/tasks/move_can_pot/client/stseed-10000/metrics/move_can_pot/res.json,/home/oem/tmp_ws/FBFM/wam/lingbot-va/robotwin_outputs/rtc_short_le800_clean_10/tasks/move_can_pot/logs/client.log,/home/oem/tmp_ws/FBFM/wam/lingbot-va/robotwin_outputs/rtc_short_le800_clean_10/tasks/move_can_pot/logs/server.log,/home/oem/tmp_ws/FBFM/wam/lingbot-va/robotwin_outputs/rtc_short_le800_clean_10/tasks/move_can_pot/client/stseed-10000/visualization/move_can_pot/4_Pick_the_white_sauce_can_brown_top_up_and_move_it_next_to_the_kitchenpot_used_for_cooking_meals_True.mp4
move_can_pot,stage1,5,10005,10006,true,98796,complete,/home/oem/tmp_ws/FBFM/wam/lingbot-va/robotwin_outputs/rtc_short_le800_clean_10/tasks/move_can_pot/client/stseed-10000/metrics/move_can_pot/res.json,/home/oem/tmp_ws/FBFM/wam/lingbot-va/robotwin_outputs/rtc_short_le800_clean_10/tasks/move_can_pot/logs/client.log,/home/oem/tmp_ws/FBFM/wam/lingbot-va/robotwin_outputs/rtc_short_le800_clean_10/tasks/move_can_pot/logs/server.log,"/home/oem/tmp_ws/FBFM/wam/lingbot-va/robotwin_outputs/rtc_short_le800_clean_10/tasks/move_can_pot/client/stseed-10000/visualization/move_can_pot/5_Lift_the_red_cylindrical_sauce_can,_then_place_it_next_to_the_grey_kitchenpot_True.mp4"
move_can_pot,stage1,6,10006,10007,true,88481,complete,/home/oem/tmp_ws/FBFM/wam/lingbot-va/robotwin_outputs/rtc_short_le800_clean_10/tasks/move_can_pot/client/stseed-10000/metrics/move_can_pot/res.json,/home/oem/tmp_ws/FBFM/wam/lingbot-va/robotwin_outputs/rtc_short_le800_clean_10/tasks/move_can_pot/logs/client.log,/home/oem/tmp_ws/FBFM/wam/lingbot-va/robotwin_outputs/rtc_short_le800_clean_10/tasks/move_can_pot/logs/server.log,/home/oem/tmp_ws/FBFM/wam/lingbot-va/robotwin_outputs/rtc_short_le800_clean_10/tasks/move_can_pot/client/stseed-10000/visualization/move_can_pot/6_Set_the_red_can_with_orange_label_right_next_to_the_medium-sized_pot_with_plastic_grips_True.mp4
move_can_pot,stage1,7,10007,10008,true,89679,complete,/home/oem/tmp_ws/FBFM/wam/lingbot-va/robotwin_outputs/rtc_short_le800_clean_10/tasks/move_can_pot/client/stseed-10000/metrics/move_can_pot/res.json,/home/oem/tmp_ws/FBFM/wam/lingbot-va/robotwin_outputs/rtc_short_le800_clean_10/tasks/move_can_pot/logs/client.log,/home/oem/tmp_ws/FBFM/wam/lingbot-va/robotwin_outputs/rtc_short_le800_clean_10/tasks/move_can_pot/logs/server.log,/home/oem/tmp_ws/FBFM/wam/lingbot-va/robotwin_outputs/rtc_short_le800_clean_10/tasks/move_can_pot/client/stseed-10000/visualization/move_can_pot/7_Use_the_left_arm_to_move_the_red_plastic_sauce_can_beside_the_silver_kitchenpot_with_black_grips_True.mp4
move_can_pot,stage1,8,10008,10010,true,102185,complete,/home/oem/tmp_ws/FBFM/wam/lingbot-va/robotwin_outputs/rtc_short_le800_clean_10/tasks/move_can_pot/client/stseed-10000/metrics/move_can_pot/res.json,/home/oem/tmp_ws/FBFM/wam/lingbot-va/robotwin_outputs/rtc_short_le800_clean_10/tasks/move_can_pot/logs/client.log,/home/oem/tmp_ws/FBFM/wam/lingbot-va/robotwin_outputs/rtc_short_le800_clean_10/tasks/move_can_pot/logs/server.log,"/home/oem/tmp_ws/FBFM/wam/lingbot-va/robotwin_outputs/rtc_short_le800_clean_10/tasks/move_can_pot/client/stseed-10000/visualization/move_can_pot/8_Using_the_left_arm,_lift_the_brown_and_yellow_cylindrical_sauce_can_and_place_it_by_the_gray_kitchenpot_True.mp4"
move_can_pot,stage1,9,10009,10011,true,106727,complete,/home/oem/tmp_ws/FBFM/wam/lingbot-va/robotwin_outputs/rtc_short_le800_clean_10/tasks/move_can_pot/client/stseed-10000/metrics/move_can_pot/res.json,/home/oem/tmp_ws/FBFM/wam/lingbot-va/robotwin_outputs/rtc_short_le800_clean_10/tasks/move_can_pot/logs/client.log,/home/oem/tmp_ws/FBFM/wam/lingbot-va/robotwin_outputs/rtc_short_le800_clean_10/tasks/move_can_pot/logs/server.log,/home/oem/tmp_ws/FBFM/wam/lingbot-va/robotwin_outputs/rtc_short_le800_clean_10/tasks/move_can_pot/client/stseed-10000/visualization/move_can_pot/9_Place_the_rounded-edge_sauce_can_beside_the_gray_cylindrical_pot_after_picking_it_up_True.mp4
move_can_pot,stage2,0,20000,20000,true,97700,complete,/home/oem/tmp_ws/FBFM/wam/lingbot-va/robotwin_outputs/rtc_short_le800_clean_stage2_seed20000_10/tasks/move_can_pot/client/stseed-20000/metrics/move_can_pot/res.json,/home/oem/tmp_ws/FBFM/wam/lingbot-va/robotwin_outputs/rtc_short_le800_clean_stage2_seed20000_10/tasks/move_can_pot/logs/client.log,/home/oem/tmp_ws/FBFM/wam/lingbot-va/robotwin_outputs/rtc_short_le800_clean_stage2_seed20000_10/tasks/move_can_pot/logs/server.log,/home/oem/tmp_ws/FBFM/wam/lingbot-va/robotwin_outputs/rtc_short_le800_clean_stage2_seed20000_10/tasks/move_can_pot/client/stseed-20000/visualization/move_can_pot/0_Lift_the_metal_can_with_plastic_lid_and_place_it_next_to_the_medium_kitchenpot_with_smooth_surface_True.mp4
move_can_pot,stage2,1,20001,20001,true,99204,complete,/home/oem/tmp_ws/FBFM/wam/lingbot-va/robotwin_outputs/rtc_short_le800_clean_stage2_seed20000_10/tasks/move_can_pot/client/stseed-20000/metrics/move_can_pot/res.json,/home/oem/tmp_ws/FBFM/wam/lingbot-va/robotwin_outputs/rtc_short_le800_clean_stage2_seed20000_10/tasks/move_can_pot/logs/client.log,/home/oem/tmp_ws/FBFM/wam/lingbot-va/robotwin_outputs/rtc_short_le800_clean_stage2_seed20000_10/tasks/move_can_pot/logs/server.log,/home/oem/tmp_ws/FBFM/wam/lingbot-va/robotwin_outputs/rtc_short_le800_clean_stage2_seed20000_10/tasks/move_can_pot/client/stseed-20000/visualization/move_can_pot/1_Set_the_cylindrical_can_brown_round_top_right_next_to_the_kitchenpot_with_flat_lid_and_knob_True.mp4
move_can_pot,stage2,2,20002,20002,true,97357,complete,/home/oem/tmp_ws/FBFM/wam/lingbot-va/robotwin_outputs/rtc_short_le800_clean_stage2_seed20000_10/tasks/move_can_pot/client/stseed-20000/metrics/move_can_pot/res.json,/home/oem/tmp_ws/FBFM/wam/lingbot-va/robotwin_outputs/rtc_short_le800_clean_stage2_seed20000_10/tasks/move_can_pot/logs/client.log,/home/oem/tmp_ws/FBFM/wam/lingbot-va/robotwin_outputs/rtc_short_le800_clean_stage2_seed20000_10/tasks/move_can_pot/logs/server.log,"/home/oem/tmp_ws/FBFM/wam/lingbot-va/robotwin_outputs/rtc_short_le800_clean_stage2_seed20000_10/tasks/move_can_pot/client/stseed-20000/visualization/move_can_pot/2_Grab_the_cylindrical_can_brown_round_top,_move_it,_and_place_by_the_metal_kitchenpot_True.mp4"
move_can_pot,stage2,3,20003,20003,true,104941,complete,/home/oem/tmp_ws/FBFM/wam/lingbot-va/robotwin_outputs/rtc_short_le800_clean_stage2_seed20000_10/tasks/move_can_pot/client/stseed-20000/metrics/move_can_pot/res.json,/home/oem/tmp_ws/FBFM/wam/lingbot-va/robotwin_outputs/rtc_short_le800_clean_stage2_seed20000_10/tasks/move_can_pot/logs/client.log,/home/oem/tmp_ws/FBFM/wam/lingbot-va/robotwin_outputs/rtc_short_le800_clean_stage2_seed20000_10/tasks/move_can_pot/logs/server.log,"/home/oem/tmp_ws/FBFM/wam/lingbot-va/robotwin_outputs/rtc_short_le800_clean_stage2_seed20000_10/tasks/move_can_pot/client/stseed-20000/visualization/move_can_pot/3_With_the_right_arm,_grab_the_cylindrical_sauce_can_and_move_to_the_black_kitchenpot_with_flat_lid_True.mp4"
move_can_pot,stage2,4,20004,20004,true,100331,complete,/home/oem/tmp_ws/FBFM/wam/lingbot-va/robotwin_outputs/rtc_short_le800_clean_stage2_seed20000_10/tasks/move_can_pot/client/stseed-20000/metrics/move_can_pot/res.json,/home/oem/tmp_ws/FBFM/wam/lingbot-va/robotwin_outputs/rtc_short_le800_clean_stage2_seed20000_10/tasks/move_can_pot/logs/client.log,/home/oem/tmp_ws/FBFM/wam/lingbot-va/robotwin_outputs/rtc_short_le800_clean_stage2_seed20000_10/tasks/move_can_pot/logs/server.log,"/home/oem/tmp_ws/FBFM/wam/lingbot-va/robotwin_outputs/rtc_short_le800_clean_stage2_seed20000_10/tasks/move_can_pot/client/stseed-20000/visualization/move_can_pot/4_Take_the_medium_sauce_can_with_the_right_arm,_place_it_near_the_metallic_pot_with_matte_finish_True.mp4"
move_can_pot,stage2,5,20005,20005,true,113015,complete,/home/oem/tmp_ws/FBFM/wam/lingbot-va/robotwin_outputs/rtc_short_le800_clean_stage2_seed20000_10/tasks/move_can_pot/client/stseed-20000/metrics/move_can_pot/res.json,/home/oem/tmp_ws/FBFM/wam/lingbot-va/robotwin_outputs/rtc_short_le800_clean_stage2_seed20000_10/tasks/move_can_pot/logs/client.log,/home/oem/tmp_ws/FBFM/wam/lingbot-va/robotwin_outputs/rtc_short_le800_clean_stage2_seed20000_10/tasks/move_can_pot/logs/server.log,"/home/oem/tmp_ws/FBFM/wam/lingbot-va/robotwin_outputs/rtc_short_le800_clean_stage2_seed20000_10/tasks/move_can_pot/client/stseed-20000/visualization/move_can_pot/5_Grab_the_cylindrical_sauce_can,_move_it,_and_place_by_the_silver_kitchenpot_True.mp4"
move_can_pot,stage2,6,20006,20006,true,106144,complete,/home/oem/tmp_ws/FBFM/wam/lingbot-va/robotwin_outputs/rtc_short_le800_clean_stage2_seed20000_10/tasks/move_can_pot/client/stseed-20000/metrics/move_can_pot/res.json,/home/oem/tmp_ws/FBFM/wam/lingbot-va/robotwin_outputs/rtc_short_le800_clean_stage2_seed20000_10/tasks/move_can_pot/logs/client.log,/home/oem/tmp_ws/FBFM/wam/lingbot-va/robotwin_outputs/rtc_short_le800_clean_stage2_seed20000_10/tasks/move_can_pot/logs/server.log,/home/oem/tmp_ws/FBFM/wam/lingbot-va/robotwin_outputs/rtc_short_le800_clean_stage2_seed20000_10/tasks/move_can_pot/client/stseed-20000/visualization/move_can_pot/6_Use_the_left_arm_to_pick_the_smooth_cylindrical_sauce_can_up_and_set_it_beside_the_metal_kitchenpot_with_brown_handles_True.mp4
move_can_pot,stage2,7,20007,20007,true,102559,complete,/home/oem/tmp_ws/FBFM/wam/lingbot-va/robotwin_outputs/rtc_short_le800_clean_stage2_seed20000_10/tasks/move_can_pot/client/stseed-20000/metrics/move_can_pot/res.json,/home/oem/tmp_ws/FBFM/wam/lingbot-va/robotwin_outputs/rtc_short_le800_clean_stage2_seed20000_10/tasks/move_can_pot/logs/client.log,/home/oem/tmp_ws/FBFM/wam/lingbot-va/robotwin_outputs/rtc_short_le800_clean_stage2_seed20000_10/tasks/move_can_pot/logs/server.log,/home/oem/tmp_ws/FBFM/wam/lingbot-va/robotwin_outputs/rtc_short_le800_clean_stage2_seed20000_10/tasks/move_can_pot/client/stseed-20000/visualization/move_can_pot/7_Pick_the_cylindrical_container_for_sauce_up_and_carefully_position_it_beside_the_cylindrical_kitchenpot_True.mp4
move_can_pot,stage2,8,20008,20010,true,104469,complete,/home/oem/tmp_ws/FBFM/wam/lingbot-va/robotwin_outputs/rtc_short_le800_clean_stage2_seed20000_10/tasks/move_can_pot/client/stseed-20000/metrics/move_can_pot/res.json,/home/oem/tmp_ws/FBFM/wam/lingbot-va/robotwin_outputs/rtc_short_le800_clean_stage2_seed20000_10/tasks/move_can_pot/logs/client.log,/home/oem/tmp_ws/FBFM/wam/lingbot-va/robotwin_outputs/rtc_short_le800_clean_stage2_seed20000_10/tasks/move_can_pot/logs/server.log,/home/oem/tmp_ws/FBFM/wam/lingbot-va/robotwin_outputs/rtc_short_le800_clean_stage2_seed20000_10/tasks/move_can_pot/client/stseed-20000/visualization/move_can_pot/8_Use_the_right_arm_to_lift_the_plastic_lid_sauce_can_and_place_it_next_to_the_gray_pot_with_blue_circular_lid_True.mp4
move_can_pot,stage2,9,20009,20011,true,100191,complete,/home/oem/tmp_ws/FBFM/wam/lingbot-va/robotwin_outputs/rtc_short_le800_clean_stage2_seed20000_10/tasks/move_can_pot/client/stseed-20000/metrics/move_can_pot/res.json,/home/oem/tmp_ws/FBFM/wam/lingbot-va/robotwin_outputs/rtc_short_le800_clean_stage2_seed20000_10/tasks/move_can_pot/logs/client.log,/home/oem/tmp_ws/FBFM/wam/lingbot-va/robotwin_outputs/rtc_short_le800_clean_stage2_seed20000_10/tasks/move_can_pot/logs/server.log,/home/oem/tmp_ws/FBFM/wam/lingbot-va/robotwin_outputs/rtc_short_le800_clean_stage2_seed20000_10/tasks/move_can_pot/client/stseed-20000/visualization/move_can_pot/9_Use_the_right_arm_to_grab_the_compact_sauce_can_with_plastic_lid_and_transfer_it_near_the_kitchenpot_used_for_cooking_meals_True.mp4
move_pillbottle_pad,stage1,0,10000,10001,true,95643,complete,/home/oem/tmp_ws/FBFM/wam/lingbot-va/robotwin_outputs/rtc_short_le800_clean_10/tasks/move_pillbottle_pad/client/stseed-10000/metrics/move_pillbottle_pad/res.json,/home/oem/tmp_ws/FBFM/wam/lingbot-va/robotwin_outputs/rtc_short_le800_clean_10/tasks/move_pillbottle_pad/logs/client.log,/home/oem/tmp_ws/FBFM/wam/lingbot-va/robotwin_outputs/rtc_short_le800_clean_10/tasks/move_pillbottle_pad/logs/server.log,/home/oem/tmp_ws/FBFM/wam/lingbot-va/robotwin_outputs/rtc_short_le800_clean_10/tasks/move_pillbottle_pad/client/stseed-10000/visualization/move_pillbottle_pad/0_Pick_the_compact_bottle_with_teal_and_white_design_and_place_it_on_the_pad_True.mp4
move_pillbottle_pad,stage1,1,10001,10002,true,127683,complete,/home/oem/tmp_ws/FBFM/wam/lingbot-va/robotwin_outputs/rtc_short_le800_clean_10/tasks/move_pillbottle_pad/client/stseed-10000/metrics/move_pillbottle_pad/res.json,/home/oem/tmp_ws/FBFM/wam/lingbot-va/robotwin_outputs/rtc_short_le800_clean_10/tasks/move_pillbottle_pad/logs/client.log,/home/oem/tmp_ws/FBFM/wam/lingbot-va/robotwin_outputs/rtc_short_le800_clean_10/tasks/move_pillbottle_pad/logs/server.log,/home/oem/tmp_ws/FBFM/wam/lingbot-va/robotwin_outputs/rtc_short_le800_clean_10/tasks/move_pillbottle_pad/client/stseed-10000/visualization/move_pillbottle_pad/1_Lift_the_orange_cylindrical_bottle_with_label_and_carefully_place_it_on_pad_True.mp4
move_pillbottle_pad,stage1,2,10002,10004,true,93599,complete,/home/oem/tmp_ws/FBFM/wam/lingbot-va/robotwin_outputs/rtc_short_le800_clean_10/tasks/move_pillbottle_pad/client/stseed-10000/metrics/move_pillbottle_pad/res.json,/home/oem/tmp_ws/FBFM/wam/lingbot-va/robotwin_outputs/rtc_short_le800_clean_10/tasks/move_pillbottle_pad/logs/client.log,/home/oem/tmp_ws/FBFM/wam/lingbot-va/robotwin_outputs/rtc_short_le800_clean_10/tasks/move_pillbottle_pad/logs/server.log,/home/oem/tmp_ws/FBFM/wam/lingbot-va/robotwin_outputs/rtc_short_le800_clean_10/tasks/move_pillbottle_pad/client/stseed-10000/visualization/move_pillbottle_pad/2_Lift_the_bottle_with_bright_orange_top_with_the_left_arm_and_drop_on_pad_True.mp4
move_pillbottle_pad,stage1,3,10003,10005,true,83539,complete,/home/oem/tmp_ws/FBFM/wam/lingbot-va/robotwin_outputs/rtc_short_le800_clean_10/tasks/move_pillbottle_pad/client/stseed-10000/metrics/move_pillbottle_pad/res.json,/home/oem/tmp_ws/FBFM/wam/lingbot-va/robotwin_outputs/rtc_short_le800_clean_10/tasks/move_pillbottle_pad/logs/client.log,/home/oem/tmp_ws/FBFM/wam/lingbot-va/robotwin_outputs/rtc_short_le800_clean_10/tasks/move_pillbottle_pad/logs/server.log,/home/oem/tmp_ws/FBFM/wam/lingbot-va/robotwin_outputs/rtc_short_le800_clean_10/tasks/move_pillbottle_pad/client/stseed-10000/visualization/move_pillbottle_pad/3_Use_the_left_arm_to_lift_the_white_bottle_with_teal_rounded_edges_and_place_it_True.mp4
move_pillbottle_pad,stage1,4,10004,10006,true,90919,complete,/home/oem/tmp_ws/FBFM/wam/lingbot-va/robotwin_outputs/rtc_short_le800_clean_10/tasks/move_pillbottle_pad/client/stseed-10000/metrics/move_pillbottle_pad/res.json,/home/oem/tmp_ws/FBFM/wam/lingbot-va/robotwin_outputs/rtc_short_le800_clean_10/tasks/move_pillbottle_pad/logs/client.log,/home/oem/tmp_ws/FBFM/wam/lingbot-va/robotwin_outputs/rtc_short_le800_clean_10/tasks/move_pillbottle_pad/logs/server.log,"/home/oem/tmp_ws/FBFM/wam/lingbot-va/robotwin_outputs/rtc_short_le800_clean_10/tasks/move_pillbottle_pad/client/stseed-10000/visualization/move_pillbottle_pad/4_Use_the_left_arm_to_pick_the_white_bottle_with_orange_label,_then_place_it_on_pad_True.mp4"
move_pillbottle_pad,stage1,5,10005,10007,true,126251,complete,/home/oem/tmp_ws/FBFM/wam/lingbot-va/robotwin_outputs/rtc_short_le800_clean_10/tasks/move_pillbottle_pad/client/stseed-10000/metrics/move_pillbottle_pad/res.json,/home/oem/tmp_ws/FBFM/wam/lingbot-va/robotwin_outputs/rtc_short_le800_clean_10/tasks/move_pillbottle_pad/logs/client.log,/home/oem/tmp_ws/FBFM/wam/lingbot-va/robotwin_outputs/rtc_short_le800_clean_10/tasks/move_pillbottle_pad/logs/server.log,/home/oem/tmp_ws/FBFM/wam/lingbot-va/robotwin_outputs/rtc_short_le800_clean_10/tasks/move_pillbottle_pad/client/stseed-10000/visualization/move_pillbottle_pad/5_Take_the_orange_bottle_for_pills_or_liquid_and_place_it_onto_the_pad_True.mp4
move_pillbottle_pad,stage1,6,10006,10008,true,85056,complete,/home/oem/tmp_ws/FBFM/wam/lingbot-va/robotwin_outputs/rtc_short_le800_clean_10/tasks/move_pillbottle_pad/client/stseed-10000/metrics/move_pillbottle_pad/res.json,/home/oem/tmp_ws/FBFM/wam/lingbot-va/robotwin_outputs/rtc_short_le800_clean_10/tasks/move_pillbottle_pad/logs/client.log,/home/oem/tmp_ws/FBFM/wam/lingbot-va/robotwin_outputs/rtc_short_le800_clean_10/tasks/move_pillbottle_pad/logs/server.log,/home/oem/tmp_ws/FBFM/wam/lingbot-va/robotwin_outputs/rtc_short_le800_clean_10/tasks/move_pillbottle_pad/client/stseed-10000/visualization/move_pillbottle_pad/6_Pick_the_lightweight_plastic_bottle_up_and_drop_it_onto_the_pad_True.mp4
move_pillbottle_pad,stage1,7,10007,10009,true,91571,complete,/home/oem/tmp_ws/FBFM/wam/lingbot-va/robotwin_outputs/rtc_short_le800_clean_10/tasks/move_pillbottle_pad/client/stseed-10000/metrics/move_pillbottle_pad/res.json,/home/oem/tmp_ws/FBFM/wam/lingbot-va/robotwin_outputs/rtc_short_le800_clean_10/tasks/move_pillbottle_pad/logs/client.log,/home/oem/tmp_ws/FBFM/wam/lingbot-va/robotwin_outputs/rtc_short_le800_clean_10/tasks/move_pillbottle_pad/logs/server.log,/home/oem/tmp_ws/FBFM/wam/lingbot-va/robotwin_outputs/rtc_short_le800_clean_10/tasks/move_pillbottle_pad/client/stseed-10000/visualization/move_pillbottle_pad/7_Move_the_white_bottle_to_the_pad_and_let_it_rest_there_True.mp4
move_pillbottle_pad,stage1,8,10008,10010,true,96568,complete,/home/oem/tmp_ws/FBFM/wam/lingbot-va/robotwin_outputs/rtc_short_le800_clean_10/tasks/move_pillbottle_pad/client/stseed-10000/metrics/move_pillbottle_pad/res.json,/home/oem/tmp_ws/FBFM/wam/lingbot-va/robotwin_outputs/rtc_short_le800_clean_10/tasks/move_pillbottle_pad/logs/client.log,/home/oem/tmp_ws/FBFM/wam/lingbot-va/robotwin_outputs/rtc_short_le800_clean_10/tasks/move_pillbottle_pad/logs/server.log,/home/oem/tmp_ws/FBFM/wam/lingbot-va/robotwin_outputs/rtc_short_le800_clean_10/tasks/move_pillbottle_pad/client/stseed-10000/visualization/move_pillbottle_pad/8_Use_the_left_arm_to_set_the_bottle_with_large_orange_label_onto_the_pad_True.mp4
move_pillbottle_pad,stage1,9,10009,10011,true,99009,complete,/home/oem/tmp_ws/FBFM/wam/lingbot-va/robotwin_outputs/rtc_short_le800_clean_10/tasks/move_pillbottle_pad/client/stseed-10000/metrics/move_pillbottle_pad/res.json,/home/oem/tmp_ws/FBFM/wam/lingbot-va/robotwin_outputs/rtc_short_le800_clean_10/tasks/move_pillbottle_pad/logs/client.log,/home/oem/tmp_ws/FBFM/wam/lingbot-va/robotwin_outputs/rtc_short_le800_clean_10/tasks/move_pillbottle_pad/logs/server.log,/home/oem/tmp_ws/FBFM/wam/lingbot-va/robotwin_outputs/rtc_short_le800_clean_10/tasks/move_pillbottle_pad/client/stseed-10000/visualization/move_pillbottle_pad/9_Place_the_medicine_bottle_with_screw_cap_on_pad_after_lifting_with_the_left_arm_True.mp4
move_pillbottle_pad,stage2,0,20000,20000,true,98882,complete,/home/oem/tmp_ws/FBFM/wam/lingbot-va/robotwin_outputs/rtc_short_le800_clean_stage2_seed20000_10/tasks/move_pillbottle_pad/client/stseed-20000/metrics/move_pillbottle_pad/res.json,/home/oem/tmp_ws/FBFM/wam/lingbot-va/robotwin_outputs/rtc_short_le800_clean_stage2_seed20000_10/tasks/move_pillbottle_pad/logs/client.log,/home/oem/tmp_ws/FBFM/wam/lingbot-va/robotwin_outputs/rtc_short_le800_clean_stage2_seed20000_10/tasks/move_pillbottle_pad/logs/server.log,/home/oem/tmp_ws/FBFM/wam/lingbot-va/robotwin_outputs/rtc_short_le800_clean_stage2_seed20000_10/tasks/move_pillbottle_pad/client/stseed-20000/visualization/move_pillbottle_pad/0_Use_the_right_arm_to_grab_the_smooth_plastic_bottle_and_place_it_True.mp4
move_pillbottle_pad,stage2,1,20001,20001,true,87083,complete,/home/oem/tmp_ws/FBFM/wam/lingbot-va/robotwin_outputs/rtc_short_le800_clean_stage2_seed20000_10/tasks/move_pillbottle_pad/client/stseed-20000/metrics/move_pillbottle_pad/res.json,/home/oem/tmp_ws/FBFM/wam/lingbot-va/robotwin_outputs/rtc_short_le800_clean_stage2_seed20000_10/tasks/move_pillbottle_pad/logs/client.log,/home/oem/tmp_ws/FBFM/wam/lingbot-va/robotwin_outputs/rtc_short_le800_clean_stage2_seed20000_10/tasks/move_pillbottle_pad/logs/server.log,/home/oem/tmp_ws/FBFM/wam/lingbot-va/robotwin_outputs/rtc_short_le800_clean_stage2_seed20000_10/tasks/move_pillbottle_pad/client/stseed-20000/visualization/move_pillbottle_pad/1_Take_the_small_brown_bottle_and_place_it_onto_the_pad_True.mp4
move_pillbottle_pad,stage2,2,20002,20002,true,93743,complete,/home/oem/tmp_ws/FBFM/wam/lingbot-va/robotwin_outputs/rtc_short_le800_clean_stage2_seed20000_10/tasks/move_pillbottle_pad/client/stseed-20000/metrics/move_pillbottle_pad/res.json,/home/oem/tmp_ws/FBFM/wam/lingbot-va/robotwin_outputs/rtc_short_le800_clean_stage2_seed20000_10/tasks/move_pillbottle_pad/logs/client.log,/home/oem/tmp_ws/FBFM/wam/lingbot-va/robotwin_outputs/rtc_short_le800_clean_stage2_seed20000_10/tasks/move_pillbottle_pad/logs/server.log,/home/oem/tmp_ws/FBFM/wam/lingbot-va/robotwin_outputs/rtc_short_le800_clean_stage2_seed20000_10/tasks/move_pillbottle_pad/client/stseed-20000/visualization/move_pillbottle_pad/2_Lift_the_white_and_orange_storage_bottle_and_set_it_on_the_pad_True.mp4
move_pillbottle_pad,stage2,3,20003,20005,true,81410,complete,/home/oem/tmp_ws/FBFM/wam/lingbot-va/robotwin_outputs/rtc_short_le800_clean_stage2_seed20000_10/tasks/move_pillbottle_pad/client/stseed-20000/metrics/move_pillbottle_pad/res.json,/home/oem/tmp_ws/FBFM/wam/lingbot-va/robotwin_outputs/rtc_short_le800_clean_stage2_seed20000_10/tasks/move_pillbottle_pad/logs/client.log,/home/oem/tmp_ws/FBFM/wam/lingbot-va/robotwin_outputs/rtc_short_le800_clean_stage2_seed20000_10/tasks/move_pillbottle_pad/logs/server.log,/home/oem/tmp_ws/FBFM/wam/lingbot-va/robotwin_outputs/rtc_short_le800_clean_stage2_seed20000_10/tasks/move_pillbottle_pad/client/stseed-20000/visualization/move_pillbottle_pad/3_Lift_the_white_bottle_with_teal_rounded_edges_and_set_it_on_the_pad_True.mp4
move_pillbottle_pad,stage2,4,20004,20008,true,122047,complete,/home/oem/tmp_ws/FBFM/wam/lingbot-va/robotwin_outputs/rtc_short_le800_clean_stage2_seed20000_10/tasks/move_pillbottle_pad/client/stseed-20000/metrics/move_pillbottle_pad/res.json,/home/oem/tmp_ws/FBFM/wam/lingbot-va/robotwin_outputs/rtc_short_le800_clean_stage2_seed20000_10/tasks/move_pillbottle_pad/logs/client.log,/home/oem/tmp_ws/FBFM/wam/lingbot-va/robotwin_outputs/rtc_short_le800_clean_stage2_seed20000_10/tasks/move_pillbottle_pad/logs/server.log,/home/oem/tmp_ws/FBFM/wam/lingbot-va/robotwin_outputs/rtc_short_le800_clean_stage2_seed20000_10/tasks/move_pillbottle_pad/client/stseed-20000/visualization/move_pillbottle_pad/4_Control_the_right_arm_to_pick_the_bottle_with_white_cap_and_set_it_down_True.mp4
move_pillbottle_pad,stage2,5,20005,20010,true,124385,complete,/home/oem/tmp_ws/FBFM/wam/lingbot-va/robotwin_outputs/rtc_short_le800_clean_stage2_seed20000_10/tasks/move_pillbottle_pad/client/stseed-20000/metrics/move_pillbottle_pad/res.json,/home/oem/tmp_ws/FBFM/wam/lingbot-va/robotwin_outputs/rtc_short_le800_clean_stage2_seed20000_10/tasks/move_pillbottle_pad/logs/client.log,/home/oem/tmp_ws/FBFM/wam/lingbot-va/robotwin_outputs/rtc_short_le800_clean_stage2_seed20000_10/tasks/move_pillbottle_pad/logs/server.log,/home/oem/tmp_ws/FBFM/wam/lingbot-va/robotwin_outputs/rtc_short_le800_clean_stage2_seed20000_10/tasks/move_pillbottle_pad/client/stseed-20000/visualization/move_pillbottle_pad/5_Use_the_left_arm_to_pick_and_place_the_orange_cylindrical_bottle_for_medicine_onto_the_pad._True.mp4
move_pillbottle_pad,stage2,6,20006,20011,true,110907,complete,/home/oem/tmp_ws/FBFM/wam/lingbot-va/robotwin_outputs/rtc_short_le800_clean_stage2_seed20000_10/tasks/move_pillbottle_pad/client/stseed-20000/metrics/move_pillbottle_pad/res.json,/home/oem/tmp_ws/FBFM/wam/lingbot-va/robotwin_outputs/rtc_short_le800_clean_stage2_seed20000_10/tasks/move_pillbottle_pad/logs/client.log,/home/oem/tmp_ws/FBFM/wam/lingbot-va/robotwin_outputs/rtc_short_le800_clean_stage2_seed20000_10/tasks/move_pillbottle_pad/logs/server.log,/home/oem/tmp_ws/FBFM/wam/lingbot-va/robotwin_outputs/rtc_short_le800_clean_stage2_seed20000_10/tasks/move_pillbottle_pad/client/stseed-20000/visualization/move_pillbottle_pad/6_Place_the_orange_cylindrical_bottle_for_medicine_onto_the_pad_after_picking_it._True.mp4
move_pillbottle_pad,stage2,7,20007,20012,true,88592,complete,/home/oem/tmp_ws/FBFM/wam/lingbot-va/robotwin_outputs/rtc_short_le800_clean_stage2_seed20000_10/tasks/move_pillbottle_pad/client/stseed-20000/metrics/move_pillbottle_pad/res.json,/home/oem/tmp_ws/FBFM/wam/lingbot-va/robotwin_outputs/rtc_short_le800_clean_stage2_seed20000_10/tasks/move_pillbottle_pad/logs/client.log,/home/oem/tmp_ws/FBFM/wam/lingbot-va/robotwin_outputs/rtc_short_le800_clean_stage2_seed20000_10/tasks/move_pillbottle_pad/logs/server.log,/home/oem/tmp_ws/FBFM/wam/lingbot-va/robotwin_outputs/rtc_short_le800_clean_stage2_seed20000_10/tasks/move_pillbottle_pad/client/stseed-20000/visualization/move_pillbottle_pad/7_Grab_the_round_bottle_with_orange_screw-top_and_carefully_set_it_onto_the_pad._True.mp4
move_pillbottle_pad,stage2,8,20008,20013,true,96872,complete,/home/oem/tmp_ws/FBFM/wam/lingbot-va/robotwin_outputs/rtc_short_le800_clean_stage2_seed20000_10/tasks/move_pillbottle_pad/client/stseed-20000/metrics/move_pillbottle_pad/res.json,/home/oem/tmp_ws/FBFM/wam/lingbot-va/robotwin_outputs/rtc_short_le800_clean_stage2_seed20000_10/tasks/move_pillbottle_pad/logs/client.log,/home/oem/tmp_ws/FBFM/wam/lingbot-va/robotwin_outputs/rtc_short_le800_clean_stage2_seed20000_10/tasks/move_pillbottle_pad/logs/server.log,/home/oem/tmp_ws/FBFM/wam/lingbot-va/robotwin_outputs/rtc_short_le800_clean_stage2_seed20000_10/tasks/move_pillbottle_pad/client/stseed-20000/visualization/move_pillbottle_pad/8_Use_the_left_arm_to_take_the_small_bottle_with_ridged_orange_cap_and_move_it_True.mp4
move_pillbottle_pad,stage2,9,20009,20014,true,89552,complete,/home/oem/tmp_ws/FBFM/wam/lingbot-va/robotwin_outputs/rtc_short_le800_clean_stage2_seed20000_10/tasks/move_pillbottle_pad/client/stseed-20000/metrics/move_pillbottle_pad/res.json,/home/oem/tmp_ws/FBFM/wam/lingbot-va/robotwin_outputs/rtc_short_le800_clean_stage2_seed20000_10/tasks/move_pillbottle_pad/logs/client.log,/home/oem/tmp_ws/FBFM/wam/lingbot-va/robotwin_outputs/rtc_short_le800_clean_stage2_seed20000_10/tasks/move_pillbottle_pad/logs/server.log,/home/oem/tmp_ws/FBFM/wam/lingbot-va/robotwin_outputs/rtc_short_le800_clean_stage2_seed20000_10/tasks/move_pillbottle_pad/client/stseed-20000/visualization/move_pillbottle_pad/9_Lift_the_brown_bottle_with_white_cap_with_the_left_arm_and_drop_on_pad_True.mp4
