suite,task_id,trial_id,success,executed_steps,elapsed_seconds,environment_seed,model_seed,actions_finite,trajectory
libero_spatial,0,0,True,89,66.01772811601404,0,0,True,/mnt/project_eai_hs/zrm2/eval_isolated/dreamzero_feedback_a051933_kp00486968_20260727/runs/formal_libero40_fbfm_kp00486968_20_a051933/shards/gpu0/tasks/libero_spatial/task_000/trajectories/trial_000.npz
libero_spatial,0,1,True,161,95.0480222000042,0,0,True,/mnt/project_eai_hs/zrm2/eval_isolated/dreamzero_feedback_a051933_kp00486968_20260727/runs/formal_libero40_fbfm_kp00486968_20_a051933/shards/gpu0/tasks/libero_spatial/task_000/trajectories/trial_001.npz
libero_spatial,0,2,True,447,254.1227086740546,0,0,True,/mnt/project_eai_hs/zrm2/eval_isolated/dreamzero_feedback_a051933_kp00486968_20260727/runs/formal_libero40_fbfm_kp00486968_20_a051933/shards/gpu0/tasks/libero_spatial/task_000/trajectories/trial_002.npz
libero_spatial,0,3,True,85,51.540807806071825,0,0,True,/mnt/project_eai_hs/zrm2/eval_isolated/dreamzero_feedback_a051933_kp00486968_20260727/runs/formal_libero40_fbfm_kp00486968_20_a051933/shards/gpu0/tasks/libero_spatial/task_000/trajectories/trial_003.npz
libero_spatial,0,4,True,124,73.17090871999972,0,0,True,/mnt/project_eai_hs/zrm2/eval_isolated/dreamzero_feedback_a051933_kp00486968_20260727/runs/formal_libero40_fbfm_kp00486968_20_a051933/shards/gpu0/tasks/libero_spatial/task_000/trajectories/trial_004.npz
libero_spatial,0,5,False,480,292.1258554959204,0,0,True,/mnt/project_eai_hs/zrm2/eval_isolated/dreamzero_feedback_a051933_kp00486968_20260727/runs/formal_libero40_fbfm_kp00486968_20_a051933/shards/gpu0/tasks/libero_spatial/task_000/trajectories/trial_005.npz
libero_spatial,0,6,True,105,63.85799305909313,0,0,True,/mnt/project_eai_hs/zrm2/eval_isolated/dreamzero_feedback_a051933_kp00486968_20260727/runs/formal_libero40_fbfm_kp00486968_20_a051933/shards/gpu0/tasks/libero_spatial/task_000/trajectories/trial_006.npz
libero_spatial,0,7,True,90,54.58046019496396,0,0,True,/mnt/project_eai_hs/zrm2/eval_isolated/dreamzero_feedback_a051933_kp00486968_20260727/runs/formal_libero40_fbfm_kp00486968_20_a051933/shards/gpu0/tasks/libero_spatial/task_000/trajectories/trial_007.npz
libero_spatial,0,8,True,87,54.417429642984644,0,0,True,/mnt/project_eai_hs/zrm2/eval_isolated/dreamzero_feedback_a051933_kp00486968_20260727/runs/formal_libero40_fbfm_kp00486968_20_a051933/shards/gpu0/tasks/libero_spatial/task_000/trajectories/trial_008.npz
libero_spatial,0,9,True,78,48.4581569560105,0,0,True,/mnt/project_eai_hs/zrm2/eval_isolated/dreamzero_feedback_a051933_kp00486968_20260727/runs/formal_libero40_fbfm_kp00486968_20_a051933/shards/gpu0/tasks/libero_spatial/task_000/trajectories/trial_009.npz
libero_spatial,0,10,True,87,53.24848560895771,0,0,True,/mnt/project_eai_hs/zrm2/eval_isolated/dreamzero_feedback_a051933_kp00486968_20260727/runs/formal_libero40_fbfm_kp00486968_20_a051933/shards/gpu0/tasks/libero_spatial/task_000/trajectories/trial_010.npz
libero_spatial,0,11,False,480,283.2825359880226,0,0,True,/mnt/project_eai_hs/zrm2/eval_isolated/dreamzero_feedback_a051933_kp00486968_20260727/runs/formal_libero40_fbfm_kp00486968_20_a051933/shards/gpu0/tasks/libero_spatial/task_000/trajectories/trial_011.npz
libero_spatial,0,12,True,89,53.92892573401332,0,0,True,/mnt/project_eai_hs/zrm2/eval_isolated/dreamzero_feedback_a051933_kp00486968_20260727/runs/formal_libero40_fbfm_kp00486968_20_a051933/shards/gpu0/tasks/libero_spatial/task_000/trajectories/trial_012.npz
libero_spatial,0,13,True,222,132.4136589630507,0,0,True,/mnt/project_eai_hs/zrm2/eval_isolated/dreamzero_feedback_a051933_kp00486968_20260727/runs/formal_libero40_fbfm_kp00486968_20_a051933/shards/gpu0/tasks/libero_spatial/task_000/trajectories/trial_013.npz
libero_spatial,0,14,True,135,84.64704949303996,0,0,True,/mnt/project_eai_hs/zrm2/eval_isolated/dreamzero_feedback_a051933_kp00486968_20260727/runs/formal_libero40_fbfm_kp00486968_20_a051933/shards/gpu0/tasks/libero_spatial/task_000/trajectories/trial_014.npz
libero_spatial,0,15,True,88,56.302011616993695,0,0,True,/mnt/project_eai_hs/zrm2/eval_isolated/dreamzero_feedback_a051933_kp00486968_20260727/runs/formal_libero40_fbfm_kp00486968_20_a051933/shards/gpu0/tasks/libero_spatial/task_000/trajectories/trial_015.npz
libero_spatial,0,16,True,148,91.49954956490546,0,0,True,/mnt/project_eai_hs/zrm2/eval_isolated/dreamzero_feedback_a051933_kp00486968_20260727/runs/formal_libero40_fbfm_kp00486968_20_a051933/shards/gpu0/tasks/libero_spatial/task_000/trajectories/trial_016.npz
libero_spatial,0,17,True,82,50.23703188402578,0,0,True,/mnt/project_eai_hs/zrm2/eval_isolated/dreamzero_feedback_a051933_kp00486968_20260727/runs/formal_libero40_fbfm_kp00486968_20_a051933/shards/gpu0/tasks/libero_spatial/task_000/trajectories/trial_017.npz
libero_spatial,0,18,False,480,281.50404240505304,0,0,True,/mnt/project_eai_hs/zrm2/eval_isolated/dreamzero_feedback_a051933_kp00486968_20260727/runs/formal_libero40_fbfm_kp00486968_20_a051933/shards/gpu0/tasks/libero_spatial/task_000/trajectories/trial_018.npz
libero_spatial,0,19,True,91,56.01350754802115,0,0,True,/mnt/project_eai_hs/zrm2/eval_isolated/dreamzero_feedback_a051933_kp00486968_20260727/runs/formal_libero40_fbfm_kp00486968_20_a051933/shards/gpu0/tasks/libero_spatial/task_000/trajectories/trial_019.npz
libero_spatial,1,0,True,165,111.63590465299785,0,0,True,/mnt/project_eai_hs/zrm2/eval_isolated/dreamzero_feedback_a051933_kp00486968_20260727/runs/formal_libero40_fbfm_kp00486968_20_a051933/shards/gpu1/tasks/libero_spatial/task_001/trajectories/trial_000.npz
libero_spatial,1,1,True,146,86.44833632290829,0,0,True,/mnt/project_eai_hs/zrm2/eval_isolated/dreamzero_feedback_a051933_kp00486968_20260727/runs/formal_libero40_fbfm_kp00486968_20_a051933/shards/gpu1/tasks/libero_spatial/task_001/trajectories/trial_001.npz
libero_spatial,1,2,True,163,97.69294958899263,0,0,True,/mnt/project_eai_hs/zrm2/eval_isolated/dreamzero_feedback_a051933_kp00486968_20260727/runs/formal_libero40_fbfm_kp00486968_20_a051933/shards/gpu1/tasks/libero_spatial/task_001/trajectories/trial_002.npz
libero_spatial,1,3,True,152,90.19278318702709,0,0,True,/mnt/project_eai_hs/zrm2/eval_isolated/dreamzero_feedback_a051933_kp00486968_20260727/runs/formal_libero40_fbfm_kp00486968_20_a051933/shards/gpu1/tasks/libero_spatial/task_001/trajectories/trial_003.npz
libero_spatial,1,4,True,137,80.85223131801467,0,0,True,/mnt/project_eai_hs/zrm2/eval_isolated/dreamzero_feedback_a051933_kp00486968_20260727/runs/formal_libero40_fbfm_kp00486968_20_a051933/shards/gpu1/tasks/libero_spatial/task_001/trajectories/trial_004.npz
libero_spatial,1,5,True,157,107.39655145199504,0,0,True,/mnt/project_eai_hs/zrm2/eval_isolated/dreamzero_feedback_a051933_kp00486968_20260727/runs/formal_libero40_fbfm_kp00486968_20_a051933/shards/gpu1/tasks/libero_spatial/task_001/trajectories/trial_005.npz
libero_spatial,1,6,True,128,73.96309187298175,0,0,True,/mnt/project_eai_hs/zrm2/eval_isolated/dreamzero_feedback_a051933_kp00486968_20260727/runs/formal_libero40_fbfm_kp00486968_20_a051933/shards/gpu1/tasks/libero_spatial/task_001/trajectories/trial_006.npz
libero_spatial,1,7,False,480,277.72680295293685,0,0,True,/mnt/project_eai_hs/zrm2/eval_isolated/dreamzero_feedback_a051933_kp00486968_20260727/runs/formal_libero40_fbfm_kp00486968_20_a051933/shards/gpu1/tasks/libero_spatial/task_001/trajectories/trial_007.npz
libero_spatial,1,8,True,147,87.33219134109095,0,0,True,/mnt/project_eai_hs/zrm2/eval_isolated/dreamzero_feedback_a051933_kp00486968_20260727/runs/formal_libero40_fbfm_kp00486968_20_a051933/shards/gpu1/tasks/libero_spatial/task_001/trajectories/trial_008.npz
libero_spatial,1,9,True,425,253.1056463039713,0,0,True,/mnt/project_eai_hs/zrm2/eval_isolated/dreamzero_feedback_a051933_kp00486968_20260727/runs/formal_libero40_fbfm_kp00486968_20_a051933/shards/gpu1/tasks/libero_spatial/task_001/trajectories/trial_009.npz
libero_spatial,1,10,True,167,99.07800737395883,0,0,True,/mnt/project_eai_hs/zrm2/eval_isolated/dreamzero_feedback_a051933_kp00486968_20260727/runs/formal_libero40_fbfm_kp00486968_20_a051933/shards/gpu1/tasks/libero_spatial/task_001/trajectories/trial_010.npz
libero_spatial,1,11,True,125,76.10439279302955,0,0,True,/mnt/project_eai_hs/zrm2/eval_isolated/dreamzero_feedback_a051933_kp00486968_20260727/runs/formal_libero40_fbfm_kp00486968_20_a051933/shards/gpu1/tasks/libero_spatial/task_001/trajectories/trial_011.npz
libero_spatial,1,12,True,144,86.5867407200858,0,0,True,/mnt/project_eai_hs/zrm2/eval_isolated/dreamzero_feedback_a051933_kp00486968_20260727/runs/formal_libero40_fbfm_kp00486968_20_a051933/shards/gpu1/tasks/libero_spatial/task_001/trajectories/trial_012.npz
libero_spatial,1,13,True,159,102.22440306295175,0,0,True,/mnt/project_eai_hs/zrm2/eval_isolated/dreamzero_feedback_a051933_kp00486968_20260727/runs/formal_libero40_fbfm_kp00486968_20_a051933/shards/gpu1/tasks/libero_spatial/task_001/trajectories/trial_013.npz
libero_spatial,1,14,False,480,289.15985129901674,0,0,True,/mnt/project_eai_hs/zrm2/eval_isolated/dreamzero_feedback_a051933_kp00486968_20260727/runs/formal_libero40_fbfm_kp00486968_20_a051933/shards/gpu1/tasks/libero_spatial/task_001/trajectories/trial_014.npz
libero_spatial,1,15,True,134,81.57133099401835,0,0,True,/mnt/project_eai_hs/zrm2/eval_isolated/dreamzero_feedback_a051933_kp00486968_20260727/runs/formal_libero40_fbfm_kp00486968_20_a051933/shards/gpu1/tasks/libero_spatial/task_001/trajectories/trial_015.npz
libero_spatial,1,16,True,190,115.23304527800065,0,0,True,/mnt/project_eai_hs/zrm2/eval_isolated/dreamzero_feedback_a051933_kp00486968_20260727/runs/formal_libero40_fbfm_kp00486968_20_a051933/shards/gpu1/tasks/libero_spatial/task_001/trajectories/trial_016.npz
libero_spatial,1,17,True,145,89.13581056310795,0,0,True,/mnt/project_eai_hs/zrm2/eval_isolated/dreamzero_feedback_a051933_kp00486968_20260727/runs/formal_libero40_fbfm_kp00486968_20_a051933/shards/gpu1/tasks/libero_spatial/task_001/trajectories/trial_017.npz
libero_spatial,1,18,True,368,216.08091400598641,0,0,True,/mnt/project_eai_hs/zrm2/eval_isolated/dreamzero_feedback_a051933_kp00486968_20260727/runs/formal_libero40_fbfm_kp00486968_20_a051933/shards/gpu1/tasks/libero_spatial/task_001/trajectories/trial_018.npz
libero_spatial,1,19,True,232,140.5812457719585,0,0,True,/mnt/project_eai_hs/zrm2/eval_isolated/dreamzero_feedback_a051933_kp00486968_20260727/runs/formal_libero40_fbfm_kp00486968_20_a051933/shards/gpu1/tasks/libero_spatial/task_001/trajectories/trial_019.npz
libero_spatial,2,0,True,110,79.25096294190735,0,0,True,/mnt/project_eai_hs/zrm2/eval_isolated/dreamzero_feedback_a051933_kp00486968_20260727/runs/formal_libero40_fbfm_kp00486968_20_a051933/shards/gpu2/tasks/libero_spatial/task_002/trajectories/trial_000.npz
libero_spatial,2,1,True,115,69.45236547698732,0,0,True,/mnt/project_eai_hs/zrm2/eval_isolated/dreamzero_feedback_a051933_kp00486968_20260727/runs/formal_libero40_fbfm_kp00486968_20_a051933/shards/gpu2/tasks/libero_spatial/task_002/trajectories/trial_001.npz
libero_spatial,2,2,True,104,62.54314459091984,0,0,True,/mnt/project_eai_hs/zrm2/eval_isolated/dreamzero_feedback_a051933_kp00486968_20260727/runs/formal_libero40_fbfm_kp00486968_20_a051933/shards/gpu2/tasks/libero_spatial/task_002/trajectories/trial_002.npz
libero_spatial,2,3,True,108,65.67302059906069,0,0,True,/mnt/project_eai_hs/zrm2/eval_isolated/dreamzero_feedback_a051933_kp00486968_20260727/runs/formal_libero40_fbfm_kp00486968_20_a051933/shards/gpu2/tasks/libero_spatial/task_002/trajectories/trial_003.npz
libero_spatial,2,4,True,113,68.14643364492804,0,0,True,/mnt/project_eai_hs/zrm2/eval_isolated/dreamzero_feedback_a051933_kp00486968_20260727/runs/formal_libero40_fbfm_kp00486968_20_a051933/shards/gpu2/tasks/libero_spatial/task_002/trajectories/trial_004.npz
libero_spatial,2,5,True,110,66.05549809406511,0,0,True,/mnt/project_eai_hs/zrm2/eval_isolated/dreamzero_feedback_a051933_kp00486968_20260727/runs/formal_libero40_fbfm_kp00486968_20_a051933/shards/gpu2/tasks/libero_spatial/task_002/trajectories/trial_005.npz
libero_spatial,2,6,True,108,65.00911561201792,0,0,True,/mnt/project_eai_hs/zrm2/eval_isolated/dreamzero_feedback_a051933_kp00486968_20260727/runs/formal_libero40_fbfm_kp00486968_20_a051933/shards/gpu2/tasks/libero_spatial/task_002/trajectories/trial_006.npz
libero_spatial,2,7,True,113,80.89087986398954,0,0,True,/mnt/project_eai_hs/zrm2/eval_isolated/dreamzero_feedback_a051933_kp00486968_20260727/runs/formal_libero40_fbfm_kp00486968_20_a051933/shards/gpu2/tasks/libero_spatial/task_002/trajectories/trial_007.npz
libero_spatial,2,8,True,116,68.38657118496485,0,0,True,/mnt/project_eai_hs/zrm2/eval_isolated/dreamzero_feedback_a051933_kp00486968_20260727/runs/formal_libero40_fbfm_kp00486968_20_a051933/shards/gpu2/tasks/libero_spatial/task_002/trajectories/trial_008.npz
libero_spatial,2,9,True,110,65.7914513819851,0,0,True,/mnt/project_eai_hs/zrm2/eval_isolated/dreamzero_feedback_a051933_kp00486968_20260727/runs/formal_libero40_fbfm_kp00486968_20_a051933/shards/gpu2/tasks/libero_spatial/task_002/trajectories/trial_009.npz
libero_spatial,2,10,True,110,65.36435613397043,0,0,True,/mnt/project_eai_hs/zrm2/eval_isolated/dreamzero_feedback_a051933_kp00486968_20260727/runs/formal_libero40_fbfm_kp00486968_20_a051933/shards/gpu2/tasks/libero_spatial/task_002/trajectories/trial_010.npz
libero_spatial,2,11,True,105,62.36797045497224,0,0,True,/mnt/project_eai_hs/zrm2/eval_isolated/dreamzero_feedback_a051933_kp00486968_20260727/runs/formal_libero40_fbfm_kp00486968_20_a051933/shards/gpu2/tasks/libero_spatial/task_002/trajectories/trial_011.npz
libero_spatial,2,12,True,116,67.90706848108675,0,0,True,/mnt/project_eai_hs/zrm2/eval_isolated/dreamzero_feedback_a051933_kp00486968_20260727/runs/formal_libero40_fbfm_kp00486968_20_a051933/shards/gpu2/tasks/libero_spatial/task_002/trajectories/trial_012.npz
libero_spatial,2,13,True,107,62.91407669102773,0,0,True,/mnt/project_eai_hs/zrm2/eval_isolated/dreamzero_feedback_a051933_kp00486968_20260727/runs/formal_libero40_fbfm_kp00486968_20_a051933/shards/gpu2/tasks/libero_spatial/task_002/trajectories/trial_013.npz
libero_spatial,2,14,True,108,64.02842117403634,0,0,True,/mnt/project_eai_hs/zrm2/eval_isolated/dreamzero_feedback_a051933_kp00486968_20260727/runs/formal_libero40_fbfm_kp00486968_20_a051933/shards/gpu2/tasks/libero_spatial/task_002/trajectories/trial_014.npz
libero_spatial,2,15,True,107,63.0143623809563,0,0,True,/mnt/project_eai_hs/zrm2/eval_isolated/dreamzero_feedback_a051933_kp00486968_20260727/runs/formal_libero40_fbfm_kp00486968_20_a051933/shards/gpu2/tasks/libero_spatial/task_002/trajectories/trial_015.npz
libero_spatial,2,16,True,104,61.809341983054765,0,0,True,/mnt/project_eai_hs/zrm2/eval_isolated/dreamzero_feedback_a051933_kp00486968_20260727/runs/formal_libero40_fbfm_kp00486968_20_a051933/shards/gpu2/tasks/libero_spatial/task_002/trajectories/trial_016.npz
libero_spatial,2,17,False,480,270.9295426660683,0,0,True,/mnt/project_eai_hs/zrm2/eval_isolated/dreamzero_feedback_a051933_kp00486968_20260727/runs/formal_libero40_fbfm_kp00486968_20_a051933/shards/gpu2/tasks/libero_spatial/task_002/trajectories/trial_017.npz
libero_spatial,2,18,True,109,65.13307448208798,0,0,True,/mnt/project_eai_hs/zrm2/eval_isolated/dreamzero_feedback_a051933_kp00486968_20260727/runs/formal_libero40_fbfm_kp00486968_20_a051933/shards/gpu2/tasks/libero_spatial/task_002/trajectories/trial_018.npz
libero_spatial,2,19,True,103,59.938713510055095,0,0,True,/mnt/project_eai_hs/zrm2/eval_isolated/dreamzero_feedback_a051933_kp00486968_20260727/runs/formal_libero40_fbfm_kp00486968_20_a051933/shards/gpu2/tasks/libero_spatial/task_002/trajectories/trial_019.npz
libero_spatial,3,0,False,480,296.1851548140403,0,0,True,/mnt/project_eai_hs/zrm2/eval_isolated/dreamzero_feedback_a051933_kp00486968_20260727/runs/formal_libero40_fbfm_kp00486968_20_a051933/shards/gpu3/tasks/libero_spatial/task_003/trajectories/trial_000.npz
libero_spatial,3,1,True,161,94.015360862948,0,0,True,/mnt/project_eai_hs/zrm2/eval_isolated/dreamzero_feedback_a051933_kp00486968_20260727/runs/formal_libero40_fbfm_kp00486968_20_a051933/shards/gpu3/tasks/libero_spatial/task_003/trajectories/trial_001.npz
libero_spatial,3,2,True,147,88.16711693699472,0,0,True,/mnt/project_eai_hs/zrm2/eval_isolated/dreamzero_feedback_a051933_kp00486968_20260727/runs/formal_libero40_fbfm_kp00486968_20_a051933/shards/gpu3/tasks/libero_spatial/task_003/trajectories/trial_002.npz
libero_spatial,3,3,True,142,100.23460191302001,0,0,True,/mnt/project_eai_hs/zrm2/eval_isolated/dreamzero_feedback_a051933_kp00486968_20260727/runs/formal_libero40_fbfm_kp00486968_20_a051933/shards/gpu3/tasks/libero_spatial/task_003/trajectories/trial_003.npz
libero_spatial,3,4,True,152,88.56111149804201,0,0,True,/mnt/project_eai_hs/zrm2/eval_isolated/dreamzero_feedback_a051933_kp00486968_20260727/runs/formal_libero40_fbfm_kp00486968_20_a051933/shards/gpu3/tasks/libero_spatial/task_003/trajectories/trial_004.npz
libero_spatial,3,5,True,128,76.16442608297803,0,0,True,/mnt/project_eai_hs/zrm2/eval_isolated/dreamzero_feedback_a051933_kp00486968_20260727/runs/formal_libero40_fbfm_kp00486968_20_a051933/shards/gpu3/tasks/libero_spatial/task_003/trajectories/trial_005.npz
libero_spatial,3,6,True,91,54.097681162995286,0,0,True,/mnt/project_eai_hs/zrm2/eval_isolated/dreamzero_feedback_a051933_kp00486968_20260727/runs/formal_libero40_fbfm_kp00486968_20_a051933/shards/gpu3/tasks/libero_spatial/task_003/trajectories/trial_006.npz
libero_spatial,3,7,True,91,53.74005753896199,0,0,True,/mnt/project_eai_hs/zrm2/eval_isolated/dreamzero_feedback_a051933_kp00486968_20260727/runs/formal_libero40_fbfm_kp00486968_20_a051933/shards/gpu3/tasks/libero_spatial/task_003/trajectories/trial_007.npz
libero_spatial,3,8,True,139,84.35914459102787,0,0,True,/mnt/project_eai_hs/zrm2/eval_isolated/dreamzero_feedback_a051933_kp00486968_20260727/runs/formal_libero40_fbfm_kp00486968_20_a051933/shards/gpu3/tasks/libero_spatial/task_003/trajectories/trial_008.npz
libero_spatial,3,9,True,110,65.17229771206621,0,0,True,/mnt/project_eai_hs/zrm2/eval_isolated/dreamzero_feedback_a051933_kp00486968_20260727/runs/formal_libero40_fbfm_kp00486968_20_a051933/shards/gpu3/tasks/libero_spatial/task_003/trajectories/trial_009.npz
libero_spatial,3,10,True,209,118.47879995498806,0,0,True,/mnt/project_eai_hs/zrm2/eval_isolated/dreamzero_feedback_a051933_kp00486968_20260727/runs/formal_libero40_fbfm_kp00486968_20_a051933/shards/gpu3/tasks/libero_spatial/task_003/trajectories/trial_010.npz
libero_spatial,3,11,True,107,62.76473495096434,0,0,True,/mnt/project_eai_hs/zrm2/eval_isolated/dreamzero_feedback_a051933_kp00486968_20260727/runs/formal_libero40_fbfm_kp00486968_20_a051933/shards/gpu3/tasks/libero_spatial/task_003/trajectories/trial_011.npz
libero_spatial,3,12,True,139,82.77854281908367,0,0,True,/mnt/project_eai_hs/zrm2/eval_isolated/dreamzero_feedback_a051933_kp00486968_20260727/runs/formal_libero40_fbfm_kp00486968_20_a051933/shards/gpu3/tasks/libero_spatial/task_003/trajectories/trial_012.npz
libero_spatial,3,13,True,131,77.22694000601768,0,0,True,/mnt/project_eai_hs/zrm2/eval_isolated/dreamzero_feedback_a051933_kp00486968_20260727/runs/formal_libero40_fbfm_kp00486968_20_a051933/shards/gpu3/tasks/libero_spatial/task_003/trajectories/trial_013.npz
libero_spatial,3,14,True,117,68.5181531580165,0,0,True,/mnt/project_eai_hs/zrm2/eval_isolated/dreamzero_feedback_a051933_kp00486968_20260727/runs/formal_libero40_fbfm_kp00486968_20_a051933/shards/gpu3/tasks/libero_spatial/task_003/trajectories/trial_014.npz
libero_spatial,3,15,True,165,97.14779678999912,0,0,True,/mnt/project_eai_hs/zrm2/eval_isolated/dreamzero_feedback_a051933_kp00486968_20260727/runs/formal_libero40_fbfm_kp00486968_20_a051933/shards/gpu3/tasks/libero_spatial/task_003/trajectories/trial_015.npz
libero_spatial,3,16,True,141,86.98530865402427,0,0,True,/mnt/project_eai_hs/zrm2/eval_isolated/dreamzero_feedback_a051933_kp00486968_20260727/runs/formal_libero40_fbfm_kp00486968_20_a051933/shards/gpu3/tasks/libero_spatial/task_003/trajectories/trial_016.npz
libero_spatial,3,17,True,111,68.40573824103922,0,0,True,/mnt/project_eai_hs/zrm2/eval_isolated/dreamzero_feedback_a051933_kp00486968_20260727/runs/formal_libero40_fbfm_kp00486968_20_a051933/shards/gpu3/tasks/libero_spatial/task_003/trajectories/trial_017.npz
libero_spatial,3,18,True,137,81.71896500897128,0,0,True,/mnt/project_eai_hs/zrm2/eval_isolated/dreamzero_feedback_a051933_kp00486968_20260727/runs/formal_libero40_fbfm_kp00486968_20_a051933/shards/gpu3/tasks/libero_spatial/task_003/trajectories/trial_018.npz
libero_spatial,3,19,True,106,64.12315347406548,0,0,True,/mnt/project_eai_hs/zrm2/eval_isolated/dreamzero_feedback_a051933_kp00486968_20260727/runs/formal_libero40_fbfm_kp00486968_20_a051933/shards/gpu3/tasks/libero_spatial/task_003/trajectories/trial_019.npz
libero_spatial,4,0,True,141,97.3000707620522,0,0,True,/mnt/project_eai_hs/zrm2/eval_isolated/dreamzero_feedback_a051933_kp00486968_20260727/runs/formal_libero40_fbfm_kp00486968_20_a051933/shards/gpu4/tasks/libero_spatial/task_004/trajectories/trial_000.npz
libero_spatial,4,1,False,480,280.76609165093396,0,0,True,/mnt/project_eai_hs/zrm2/eval_isolated/dreamzero_feedback_a051933_kp00486968_20260727/runs/formal_libero40_fbfm_kp00486968_20_a051933/shards/gpu4/tasks/libero_spatial/task_004/trajectories/trial_001.npz
libero_spatial,4,2,True,169,97.52055067394394,0,0,True,/mnt/project_eai_hs/zrm2/eval_isolated/dreamzero_feedback_a051933_kp00486968_20260727/runs/formal_libero40_fbfm_kp00486968_20_a051933/shards/gpu4/tasks/libero_spatial/task_004/trajectories/trial_002.npz
libero_spatial,4,3,False,480,290.93387046502903,0,0,True,/mnt/project_eai_hs/zrm2/eval_isolated/dreamzero_feedback_a051933_kp00486968_20260727/runs/formal_libero40_fbfm_kp00486968_20_a051933/shards/gpu4/tasks/libero_spatial/task_004/trajectories/trial_003.npz
libero_spatial,4,4,False,480,278.7556073310552,0,0,True,/mnt/project_eai_hs/zrm2/eval_isolated/dreamzero_feedback_a051933_kp00486968_20260727/runs/formal_libero40_fbfm_kp00486968_20_a051933/shards/gpu4/tasks/libero_spatial/task_004/trajectories/trial_004.npz
libero_spatial,4,5,False,480,282.27001613297034,0,0,True,/mnt/project_eai_hs/zrm2/eval_isolated/dreamzero_feedback_a051933_kp00486968_20260727/runs/formal_libero40_fbfm_kp00486968_20_a051933/shards/gpu4/tasks/libero_spatial/task_004/trajectories/trial_005.npz
libero_spatial,4,6,True,296,176.66408010805026,0,0,True,/mnt/project_eai_hs/zrm2/eval_isolated/dreamzero_feedback_a051933_kp00486968_20260727/runs/formal_libero40_fbfm_kp00486968_20_a051933/shards/gpu4/tasks/libero_spatial/task_004/trajectories/trial_006.npz
libero_spatial,4,7,True,186,116.42161320906598,0,0,True,/mnt/project_eai_hs/zrm2/eval_isolated/dreamzero_feedback_a051933_kp00486968_20260727/runs/formal_libero40_fbfm_kp00486968_20_a051933/shards/gpu4/tasks/libero_spatial/task_004/trajectories/trial_007.npz
libero_spatial,4,8,False,480,288.21785311202984,0,0,True,/mnt/project_eai_hs/zrm2/eval_isolated/dreamzero_feedback_a051933_kp00486968_20260727/runs/formal_libero40_fbfm_kp00486968_20_a051933/shards/gpu4/tasks/libero_spatial/task_004/trajectories/trial_008.npz
libero_spatial,4,9,False,480,288.6378869198961,0,0,True,/mnt/project_eai_hs/zrm2/eval_isolated/dreamzero_feedback_a051933_kp00486968_20260727/runs/formal_libero40_fbfm_kp00486968_20_a051933/shards/gpu4/tasks/libero_spatial/task_004/trajectories/trial_009.npz
libero_spatial,4,10,False,480,283.8420609299792,0,0,True,/mnt/project_eai_hs/zrm2/eval_isolated/dreamzero_feedback_a051933_kp00486968_20260727/runs/formal_libero40_fbfm_kp00486968_20_a051933/shards/gpu4/tasks/libero_spatial/task_004/trajectories/trial_010.npz
libero_spatial,4,11,False,480,290.9813396760728,0,0,True,/mnt/project_eai_hs/zrm2/eval_isolated/dreamzero_feedback_a051933_kp00486968_20260727/runs/formal_libero40_fbfm_kp00486968_20_a051933/shards/gpu4/tasks/libero_spatial/task_004/trajectories/trial_011.npz
libero_spatial,4,12,False,480,284.01270465296693,0,0,True,/mnt/project_eai_hs/zrm2/eval_isolated/dreamzero_feedback_a051933_kp00486968_20260727/runs/formal_libero40_fbfm_kp00486968_20_a051933/shards/gpu4/tasks/libero_spatial/task_004/trajectories/trial_012.npz
libero_spatial,4,13,True,152,91.773154953029,0,0,True,/mnt/project_eai_hs/zrm2/eval_isolated/dreamzero_feedback_a051933_kp00486968_20260727/runs/formal_libero40_fbfm_kp00486968_20_a051933/shards/gpu4/tasks/libero_spatial/task_004/trajectories/trial_013.npz
libero_spatial,4,14,False,480,286.33540760399774,0,0,True,/mnt/project_eai_hs/zrm2/eval_isolated/dreamzero_feedback_a051933_kp00486968_20260727/runs/formal_libero40_fbfm_kp00486968_20_a051933/shards/gpu4/tasks/libero_spatial/task_004/trajectories/trial_014.npz
libero_spatial,4,15,True,222,134.44400777097326,0,0,True,/mnt/project_eai_hs/zrm2/eval_isolated/dreamzero_feedback_a051933_kp00486968_20260727/runs/formal_libero40_fbfm_kp00486968_20_a051933/shards/gpu4/tasks/libero_spatial/task_004/trajectories/trial_015.npz
libero_spatial,4,16,True,205,123.45462627196684,0,0,True,/mnt/project_eai_hs/zrm2/eval_isolated/dreamzero_feedback_a051933_kp00486968_20260727/runs/formal_libero40_fbfm_kp00486968_20_a051933/shards/gpu4/tasks/libero_spatial/task_004/trajectories/trial_016.npz
libero_spatial,4,17,False,480,283.1949632660253,0,0,True,/mnt/project_eai_hs/zrm2/eval_isolated/dreamzero_feedback_a051933_kp00486968_20260727/runs/formal_libero40_fbfm_kp00486968_20_a051933/shards/gpu4/tasks/libero_spatial/task_004/trajectories/trial_017.npz
libero_spatial,4,18,False,480,285.081302614999,0,0,True,/mnt/project_eai_hs/zrm2/eval_isolated/dreamzero_feedback_a051933_kp00486968_20260727/runs/formal_libero40_fbfm_kp00486968_20_a051933/shards/gpu4/tasks/libero_spatial/task_004/trajectories/trial_018.npz
libero_spatial,4,19,True,149,91.49166486400645,0,0,True,/mnt/project_eai_hs/zrm2/eval_isolated/dreamzero_feedback_a051933_kp00486968_20260727/runs/formal_libero40_fbfm_kp00486968_20_a051933/shards/gpu4/tasks/libero_spatial/task_004/trajectories/trial_019.npz
libero_spatial,5,0,False,480,284.97571302892175,0,0,True,/mnt/project_eai_hs/zrm2/eval_isolated/dreamzero_feedback_a051933_kp00486968_20260727/runs/formal_libero40_fbfm_kp00486968_20_a051933/shards/gpu5/tasks/libero_spatial/task_005/trajectories/trial_000.npz
libero_spatial,5,1,True,218,125.89380794297904,0,0,True,/mnt/project_eai_hs/zrm2/eval_isolated/dreamzero_feedback_a051933_kp00486968_20260727/runs/formal_libero40_fbfm_kp00486968_20_a051933/shards/gpu5/tasks/libero_spatial/task_005/trajectories/trial_001.npz
libero_spatial,5,2,False,480,281.8283794539748,0,0,True,/mnt/project_eai_hs/zrm2/eval_isolated/dreamzero_feedback_a051933_kp00486968_20260727/runs/formal_libero40_fbfm_kp00486968_20_a051933/shards/gpu5/tasks/libero_spatial/task_005/trajectories/trial_002.npz
libero_spatial,5,3,False,480,266.2515843510628,0,0,True,/mnt/project_eai_hs/zrm2/eval_isolated/dreamzero_feedback_a051933_kp00486968_20260727/runs/formal_libero40_fbfm_kp00486968_20_a051933/shards/gpu5/tasks/libero_spatial/task_005/trajectories/trial_003.npz
libero_spatial,5,4,False,480,270.0752802740317,0,0,True,/mnt/project_eai_hs/zrm2/eval_isolated/dreamzero_feedback_a051933_kp00486968_20260727/runs/formal_libero40_fbfm_kp00486968_20_a051933/shards/gpu5/tasks/libero_spatial/task_005/trajectories/trial_004.npz
libero_spatial,5,5,False,480,274.94482221791986,0,0,True,/mnt/project_eai_hs/zrm2/eval_isolated/dreamzero_feedback_a051933_kp00486968_20260727/runs/formal_libero40_fbfm_kp00486968_20_a051933/shards/gpu5/tasks/libero_spatial/task_005/trajectories/trial_005.npz
libero_spatial,5,6,True,225,131.82684865000192,0,0,True,/mnt/project_eai_hs/zrm2/eval_isolated/dreamzero_feedback_a051933_kp00486968_20260727/runs/formal_libero40_fbfm_kp00486968_20_a051933/shards/gpu5/tasks/libero_spatial/task_005/trajectories/trial_006.npz
libero_spatial,5,7,False,480,268.69889518700074,0,0,True,/mnt/project_eai_hs/zrm2/eval_isolated/dreamzero_feedback_a051933_kp00486968_20260727/runs/formal_libero40_fbfm_kp00486968_20_a051933/shards/gpu5/tasks/libero_spatial/task_005/trajectories/trial_007.npz
libero_spatial,5,8,False,480,271.160878938972,0,0,True,/mnt/project_eai_hs/zrm2/eval_isolated/dreamzero_feedback_a051933_kp00486968_20260727/runs/formal_libero40_fbfm_kp00486968_20_a051933/shards/gpu5/tasks/libero_spatial/task_005/trajectories/trial_008.npz
libero_spatial,5,9,False,480,269.02319041092414,0,0,True,/mnt/project_eai_hs/zrm2/eval_isolated/dreamzero_feedback_a051933_kp00486968_20260727/runs/formal_libero40_fbfm_kp00486968_20_a051933/shards/gpu5/tasks/libero_spatial/task_005/trajectories/trial_009.npz
libero_spatial,5,10,False,480,269.71411198191345,0,0,True,/mnt/project_eai_hs/zrm2/eval_isolated/dreamzero_feedback_a051933_kp00486968_20260727/runs/formal_libero40_fbfm_kp00486968_20_a051933/shards/gpu5/tasks/libero_spatial/task_005/trajectories/trial_010.npz
libero_spatial,5,11,False,480,267.62111697904766,0,0,True,/mnt/project_eai_hs/zrm2/eval_isolated/dreamzero_feedback_a051933_kp00486968_20260727/runs/formal_libero40_fbfm_kp00486968_20_a051933/shards/gpu5/tasks/libero_spatial/task_005/trajectories/trial_011.npz
libero_spatial,5,12,False,480,266.98755096201785,0,0,True,/mnt/project_eai_hs/zrm2/eval_isolated/dreamzero_feedback_a051933_kp00486968_20260727/runs/formal_libero40_fbfm_kp00486968_20_a051933/shards/gpu5/tasks/libero_spatial/task_005/trajectories/trial_012.npz
libero_spatial,5,13,False,480,268.1045358859701,0,0,True,/mnt/project_eai_hs/zrm2/eval_isolated/dreamzero_feedback_a051933_kp00486968_20260727/runs/formal_libero40_fbfm_kp00486968_20_a051933/shards/gpu5/tasks/libero_spatial/task_005/trajectories/trial_013.npz
libero_spatial,5,14,False,480,267.41984505893197,0,0,True,/mnt/project_eai_hs/zrm2/eval_isolated/dreamzero_feedback_a051933_kp00486968_20260727/runs/formal_libero40_fbfm_kp00486968_20_a051933/shards/gpu5/tasks/libero_spatial/task_005/trajectories/trial_014.npz
libero_spatial,5,15,False,480,269.4339028300019,0,0,True,/mnt/project_eai_hs/zrm2/eval_isolated/dreamzero_feedback_a051933_kp00486968_20260727/runs/formal_libero40_fbfm_kp00486968_20_a051933/shards/gpu5/tasks/libero_spatial/task_005/trajectories/trial_015.npz
libero_spatial,5,16,False,480,271.7836569149513,0,0,True,/mnt/project_eai_hs/zrm2/eval_isolated/dreamzero_feedback_a051933_kp00486968_20260727/runs/formal_libero40_fbfm_kp00486968_20_a051933/shards/gpu5/tasks/libero_spatial/task_005/trajectories/trial_016.npz
libero_spatial,5,17,False,480,264.76076589000877,0,0,True,/mnt/project_eai_hs/zrm2/eval_isolated/dreamzero_feedback_a051933_kp00486968_20260727/runs/formal_libero40_fbfm_kp00486968_20_a051933/shards/gpu5/tasks/libero_spatial/task_005/trajectories/trial_017.npz
libero_spatial,5,18,False,480,267.61031392402947,0,0,True,/mnt/project_eai_hs/zrm2/eval_isolated/dreamzero_feedback_a051933_kp00486968_20260727/runs/formal_libero40_fbfm_kp00486968_20_a051933/shards/gpu5/tasks/libero_spatial/task_005/trajectories/trial_018.npz
libero_spatial,5,19,False,480,265.2960596830817,0,0,True,/mnt/project_eai_hs/zrm2/eval_isolated/dreamzero_feedback_a051933_kp00486968_20260727/runs/formal_libero40_fbfm_kp00486968_20_a051933/shards/gpu5/tasks/libero_spatial/task_005/trajectories/trial_019.npz
libero_spatial,6,0,True,247,154.97893551096786,0,0,True,/mnt/project_eai_hs/zrm2/eval_isolated/dreamzero_feedback_a051933_kp00486968_20260727/runs/formal_libero40_fbfm_kp00486968_20_a051933/shards/gpu6/tasks/libero_spatial/task_006/trajectories/trial_000.npz
libero_spatial,6,1,True,107,63.077809347072616,0,0,True,/mnt/project_eai_hs/zrm2/eval_isolated/dreamzero_feedback_a051933_kp00486968_20260727/runs/formal_libero40_fbfm_kp00486968_20_a051933/shards/gpu6/tasks/libero_spatial/task_006/trajectories/trial_001.npz
libero_spatial,6,2,True,107,64.7785260489909,0,0,True,/mnt/project_eai_hs/zrm2/eval_isolated/dreamzero_feedback_a051933_kp00486968_20260727/runs/formal_libero40_fbfm_kp00486968_20_a051933/shards/gpu6/tasks/libero_spatial/task_006/trajectories/trial_002.npz
libero_spatial,6,3,True,106,63.24622164503671,0,0,True,/mnt/project_eai_hs/zrm2/eval_isolated/dreamzero_feedback_a051933_kp00486968_20260727/runs/formal_libero40_fbfm_kp00486968_20_a051933/shards/gpu6/tasks/libero_spatial/task_006/trajectories/trial_003.npz
libero_spatial,6,4,True,259,149.91802566498518,0,0,True,/mnt/project_eai_hs/zrm2/eval_isolated/dreamzero_feedback_a051933_kp00486968_20260727/runs/formal_libero40_fbfm_kp00486968_20_a051933/shards/gpu6/tasks/libero_spatial/task_006/trajectories/trial_004.npz
libero_spatial,6,5,True,115,81.46763303107582,0,0,True,/mnt/project_eai_hs/zrm2/eval_isolated/dreamzero_feedback_a051933_kp00486968_20260727/runs/formal_libero40_fbfm_kp00486968_20_a051933/shards/gpu6/tasks/libero_spatial/task_006/trajectories/trial_005.npz
libero_spatial,6,6,True,113,66.03958576999139,0,0,True,/mnt/project_eai_hs/zrm2/eval_isolated/dreamzero_feedback_a051933_kp00486968_20260727/runs/formal_libero40_fbfm_kp00486968_20_a051933/shards/gpu6/tasks/libero_spatial/task_006/trajectories/trial_006.npz
libero_spatial,6,7,True,108,66.03404079994652,0,0,True,/mnt/project_eai_hs/zrm2/eval_isolated/dreamzero_feedback_a051933_kp00486968_20260727/runs/formal_libero40_fbfm_kp00486968_20_a051933/shards/gpu6/tasks/libero_spatial/task_006/trajectories/trial_007.npz
libero_spatial,6,8,True,114,67.34337361203507,0,0,True,/mnt/project_eai_hs/zrm2/eval_isolated/dreamzero_feedback_a051933_kp00486968_20260727/runs/formal_libero40_fbfm_kp00486968_20_a051933/shards/gpu6/tasks/libero_spatial/task_006/trajectories/trial_008.npz
libero_spatial,6,9,True,110,67.2248230651021,0,0,True,/mnt/project_eai_hs/zrm2/eval_isolated/dreamzero_feedback_a051933_kp00486968_20260727/runs/formal_libero40_fbfm_kp00486968_20_a051933/shards/gpu6/tasks/libero_spatial/task_006/trajectories/trial_009.npz
libero_spatial,6,10,True,114,66.78218817303423,0,0,True,/mnt/project_eai_hs/zrm2/eval_isolated/dreamzero_feedback_a051933_kp00486968_20260727/runs/formal_libero40_fbfm_kp00486968_20_a051933/shards/gpu6/tasks/libero_spatial/task_006/trajectories/trial_010.npz
libero_spatial,6,11,True,132,77.9286918489961,0,0,True,/mnt/project_eai_hs/zrm2/eval_isolated/dreamzero_feedback_a051933_kp00486968_20260727/runs/formal_libero40_fbfm_kp00486968_20_a051933/shards/gpu6/tasks/libero_spatial/task_006/trajectories/trial_011.npz
libero_spatial,6,12,True,111,64.73571612802334,0,0,True,/mnt/project_eai_hs/zrm2/eval_isolated/dreamzero_feedback_a051933_kp00486968_20260727/runs/formal_libero40_fbfm_kp00486968_20_a051933/shards/gpu6/tasks/libero_spatial/task_006/trajectories/trial_012.npz
libero_spatial,6,13,True,163,94.45303814590443,0,0,True,/mnt/project_eai_hs/zrm2/eval_isolated/dreamzero_feedback_a051933_kp00486968_20260727/runs/formal_libero40_fbfm_kp00486968_20_a051933/shards/gpu6/tasks/libero_spatial/task_006/trajectories/trial_013.npz
libero_spatial,6,14,True,116,69.91362420993391,0,0,True,/mnt/project_eai_hs/zrm2/eval_isolated/dreamzero_feedback_a051933_kp00486968_20260727/runs/formal_libero40_fbfm_kp00486968_20_a051933/shards/gpu6/tasks/libero_spatial/task_006/trajectories/trial_014.npz
libero_spatial,6,15,True,127,75.02354583493434,0,0,True,/mnt/project_eai_hs/zrm2/eval_isolated/dreamzero_feedback_a051933_kp00486968_20260727/runs/formal_libero40_fbfm_kp00486968_20_a051933/shards/gpu6/tasks/libero_spatial/task_006/trajectories/trial_015.npz
libero_spatial,6,16,True,136,78.971795474994,0,0,True,/mnt/project_eai_hs/zrm2/eval_isolated/dreamzero_feedback_a051933_kp00486968_20260727/runs/formal_libero40_fbfm_kp00486968_20_a051933/shards/gpu6/tasks/libero_spatial/task_006/trajectories/trial_016.npz
libero_spatial,6,17,True,185,110.23746114503592,0,0,True,/mnt/project_eai_hs/zrm2/eval_isolated/dreamzero_feedback_a051933_kp00486968_20260727/runs/formal_libero40_fbfm_kp00486968_20_a051933/shards/gpu6/tasks/libero_spatial/task_006/trajectories/trial_017.npz
libero_spatial,6,18,True,109,64.91786512301769,0,0,True,/mnt/project_eai_hs/zrm2/eval_isolated/dreamzero_feedback_a051933_kp00486968_20260727/runs/formal_libero40_fbfm_kp00486968_20_a051933/shards/gpu6/tasks/libero_spatial/task_006/trajectories/trial_018.npz
libero_spatial,6,19,True,108,66.96335328300484,0,0,True,/mnt/project_eai_hs/zrm2/eval_isolated/dreamzero_feedback_a051933_kp00486968_20260727/runs/formal_libero40_fbfm_kp00486968_20_a051933/shards/gpu6/tasks/libero_spatial/task_006/trajectories/trial_019.npz
libero_spatial,7,0,True,127,90.036015171092,0,0,True,/mnt/project_eai_hs/zrm2/eval_isolated/dreamzero_feedback_a051933_kp00486968_20260727/runs/formal_libero40_fbfm_kp00486968_20_a051933/shards/gpu7/tasks/libero_spatial/task_007/trajectories/trial_000.npz
libero_spatial,7,1,True,115,72.03011150297243,0,0,True,/mnt/project_eai_hs/zrm2/eval_isolated/dreamzero_feedback_a051933_kp00486968_20260727/runs/formal_libero40_fbfm_kp00486968_20_a051933/shards/gpu7/tasks/libero_spatial/task_007/trajectories/trial_001.npz
libero_spatial,7,2,True,114,69.59545491996687,0,0,True,/mnt/project_eai_hs/zrm2/eval_isolated/dreamzero_feedback_a051933_kp00486968_20260727/runs/formal_libero40_fbfm_kp00486968_20_a051933/shards/gpu7/tasks/libero_spatial/task_007/trajectories/trial_002.npz
libero_spatial,7,3,True,109,68.05320223304443,0,0,True,/mnt/project_eai_hs/zrm2/eval_isolated/dreamzero_feedback_a051933_kp00486968_20260727/runs/formal_libero40_fbfm_kp00486968_20_a051933/shards/gpu7/tasks/libero_spatial/task_007/trajectories/trial_003.npz
libero_spatial,7,4,True,113,67.94750402506907,0,0,True,/mnt/project_eai_hs/zrm2/eval_isolated/dreamzero_feedback_a051933_kp00486968_20260727/runs/formal_libero40_fbfm_kp00486968_20_a051933/shards/gpu7/tasks/libero_spatial/task_007/trajectories/trial_004.npz
libero_spatial,7,5,True,118,71.74274570296984,0,0,True,/mnt/project_eai_hs/zrm2/eval_isolated/dreamzero_feedback_a051933_kp00486968_20260727/runs/formal_libero40_fbfm_kp00486968_20_a051933/shards/gpu7/tasks/libero_spatial/task_007/trajectories/trial_005.npz
libero_spatial,7,6,True,109,67.74878149200231,0,0,True,/mnt/project_eai_hs/zrm2/eval_isolated/dreamzero_feedback_a051933_kp00486968_20260727/runs/formal_libero40_fbfm_kp00486968_20_a051933/shards/gpu7/tasks/libero_spatial/task_007/trajectories/trial_006.npz
libero_spatial,7,7,True,110,82.33060944906902,0,0,True,/mnt/project_eai_hs/zrm2/eval_isolated/dreamzero_feedback_a051933_kp00486968_20260727/runs/formal_libero40_fbfm_kp00486968_20_a051933/shards/gpu7/tasks/libero_spatial/task_007/trajectories/trial_007.npz
libero_spatial,7,8,True,181,107.60742126696277,0,0,True,/mnt/project_eai_hs/zrm2/eval_isolated/dreamzero_feedback_a051933_kp00486968_20260727/runs/formal_libero40_fbfm_kp00486968_20_a051933/shards/gpu7/tasks/libero_spatial/task_007/trajectories/trial_008.npz
libero_spatial,7,9,True,115,70.54369977896567,0,0,True,/mnt/project_eai_hs/zrm2/eval_isolated/dreamzero_feedback_a051933_kp00486968_20260727/runs/formal_libero40_fbfm_kp00486968_20_a051933/shards/gpu7/tasks/libero_spatial/task_007/trajectories/trial_009.npz
libero_spatial,7,10,False,480,274.14817238994874,0,0,True,/mnt/project_eai_hs/zrm2/eval_isolated/dreamzero_feedback_a051933_kp00486968_20260727/runs/formal_libero40_fbfm_kp00486968_20_a051933/shards/gpu7/tasks/libero_spatial/task_007/trajectories/trial_010.npz
libero_spatial,7,11,True,122,72.1963757610647,0,0,True,/mnt/project_eai_hs/zrm2/eval_isolated/dreamzero_feedback_a051933_kp00486968_20260727/runs/formal_libero40_fbfm_kp00486968_20_a051933/shards/gpu7/tasks/libero_spatial/task_007/trajectories/trial_011.npz
libero_spatial,7,12,True,147,86.3221779280575,0,0,True,/mnt/project_eai_hs/zrm2/eval_isolated/dreamzero_feedback_a051933_kp00486968_20260727/runs/formal_libero40_fbfm_kp00486968_20_a051933/shards/gpu7/tasks/libero_spatial/task_007/trajectories/trial_012.npz
libero_spatial,7,13,True,110,66.78271455096547,0,0,True,/mnt/project_eai_hs/zrm2/eval_isolated/dreamzero_feedback_a051933_kp00486968_20260727/runs/formal_libero40_fbfm_kp00486968_20_a051933/shards/gpu7/tasks/libero_spatial/task_007/trajectories/trial_013.npz
libero_spatial,7,14,True,113,68.59444485895801,0,0,True,/mnt/project_eai_hs/zrm2/eval_isolated/dreamzero_feedback_a051933_kp00486968_20260727/runs/formal_libero40_fbfm_kp00486968_20_a051933/shards/gpu7/tasks/libero_spatial/task_007/trajectories/trial_014.npz
libero_spatial,7,15,True,115,69.78842330200132,0,0,True,/mnt/project_eai_hs/zrm2/eval_isolated/dreamzero_feedback_a051933_kp00486968_20260727/runs/formal_libero40_fbfm_kp00486968_20_a051933/shards/gpu7/tasks/libero_spatial/task_007/trajectories/trial_015.npz
libero_spatial,7,16,True,110,67.7667896640487,0,0,True,/mnt/project_eai_hs/zrm2/eval_isolated/dreamzero_feedback_a051933_kp00486968_20260727/runs/formal_libero40_fbfm_kp00486968_20_a051933/shards/gpu7/tasks/libero_spatial/task_007/trajectories/trial_016.npz
libero_spatial,7,17,True,109,66.07107788906433,0,0,True,/mnt/project_eai_hs/zrm2/eval_isolated/dreamzero_feedback_a051933_kp00486968_20260727/runs/formal_libero40_fbfm_kp00486968_20_a051933/shards/gpu7/tasks/libero_spatial/task_007/trajectories/trial_017.npz
libero_spatial,7,18,True,107,65.26127199304756,0,0,True,/mnt/project_eai_hs/zrm2/eval_isolated/dreamzero_feedback_a051933_kp00486968_20260727/runs/formal_libero40_fbfm_kp00486968_20_a051933/shards/gpu7/tasks/libero_spatial/task_007/trajectories/trial_018.npz
libero_spatial,7,19,True,147,87.89860524295364,0,0,True,/mnt/project_eai_hs/zrm2/eval_isolated/dreamzero_feedback_a051933_kp00486968_20260727/runs/formal_libero40_fbfm_kp00486968_20_a051933/shards/gpu7/tasks/libero_spatial/task_007/trajectories/trial_019.npz
libero_spatial,8,0,True,105,65.23070114594884,0,0,True,/mnt/project_eai_hs/zrm2/eval_isolated/dreamzero_feedback_a051933_kp00486968_20260727/runs/formal_libero40_fbfm_kp00486968_20_a051933/shards/gpu0/tasks/libero_spatial/task_008/trajectories/trial_000.npz
libero_spatial,8,1,True,109,65.93301061308011,0,0,True,/mnt/project_eai_hs/zrm2/eval_isolated/dreamzero_feedback_a051933_kp00486968_20260727/runs/formal_libero40_fbfm_kp00486968_20_a051933/shards/gpu0/tasks/libero_spatial/task_008/trajectories/trial_001.npz
libero_spatial,8,2,True,321,188.4463846089784,0,0,True,/mnt/project_eai_hs/zrm2/eval_isolated/dreamzero_feedback_a051933_kp00486968_20260727/runs/formal_libero40_fbfm_kp00486968_20_a051933/shards/gpu0/tasks/libero_spatial/task_008/trajectories/trial_002.npz
libero_spatial,8,3,True,112,69.65900759899523,0,0,True,/mnt/project_eai_hs/zrm2/eval_isolated/dreamzero_feedback_a051933_kp00486968_20260727/runs/formal_libero40_fbfm_kp00486968_20_a051933/shards/gpu0/tasks/libero_spatial/task_008/trajectories/trial_003.npz
libero_spatial,8,4,False,480,283.29576847795397,0,0,True,/mnt/project_eai_hs/zrm2/eval_isolated/dreamzero_feedback_a051933_kp00486968_20260727/runs/formal_libero40_fbfm_kp00486968_20_a051933/shards/gpu0/tasks/libero_spatial/task_008/trajectories/trial_004.npz
libero_spatial,8,5,True,111,67.70930450595915,0,0,True,/mnt/project_eai_hs/zrm2/eval_isolated/dreamzero_feedback_a051933_kp00486968_20260727/runs/formal_libero40_fbfm_kp00486968_20_a051933/shards/gpu0/tasks/libero_spatial/task_008/trajectories/trial_005.npz
libero_spatial,8,6,True,119,73.20381528697908,0,0,True,/mnt/project_eai_hs/zrm2/eval_isolated/dreamzero_feedback_a051933_kp00486968_20260727/runs/formal_libero40_fbfm_kp00486968_20_a051933/shards/gpu0/tasks/libero_spatial/task_008/trajectories/trial_006.npz
libero_spatial,8,7,False,480,282.40740481601097,0,0,True,/mnt/project_eai_hs/zrm2/eval_isolated/dreamzero_feedback_a051933_kp00486968_20260727/runs/formal_libero40_fbfm_kp00486968_20_a051933/shards/gpu0/tasks/libero_spatial/task_008/trajectories/trial_007.npz
libero_spatial,8,8,True,103,63.97034595801961,0,0,True,/mnt/project_eai_hs/zrm2/eval_isolated/dreamzero_feedback_a051933_kp00486968_20260727/runs/formal_libero40_fbfm_kp00486968_20_a051933/shards/gpu0/tasks/libero_spatial/task_008/trajectories/trial_008.npz
libero_spatial,8,9,True,249,146.55141374492086,0,0,True,/mnt/project_eai_hs/zrm2/eval_isolated/dreamzero_feedback_a051933_kp00486968_20260727/runs/formal_libero40_fbfm_kp00486968_20_a051933/shards/gpu0/tasks/libero_spatial/task_008/trajectories/trial_009.npz
libero_spatial,8,10,True,240,143.57659858604893,0,0,True,/mnt/project_eai_hs/zrm2/eval_isolated/dreamzero_feedback_a051933_kp00486968_20260727/runs/formal_libero40_fbfm_kp00486968_20_a051933/shards/gpu0/tasks/libero_spatial/task_008/trajectories/trial_010.npz
libero_spatial,8,11,True,150,89.62598420691211,0,0,True,/mnt/project_eai_hs/zrm2/eval_isolated/dreamzero_feedback_a051933_kp00486968_20260727/runs/formal_libero40_fbfm_kp00486968_20_a051933/shards/gpu0/tasks/libero_spatial/task_008/trajectories/trial_011.npz
libero_spatial,8,12,True,179,107.36825124407187,0,0,True,/mnt/project_eai_hs/zrm2/eval_isolated/dreamzero_feedback_a051933_kp00486968_20260727/runs/formal_libero40_fbfm_kp00486968_20_a051933/shards/gpu0/tasks/libero_spatial/task_008/trajectories/trial_012.npz
libero_spatial,8,13,True,107,66.18863068695646,0,0,True,/mnt/project_eai_hs/zrm2/eval_isolated/dreamzero_feedback_a051933_kp00486968_20260727/runs/formal_libero40_fbfm_kp00486968_20_a051933/shards/gpu0/tasks/libero_spatial/task_008/trajectories/trial_013.npz
libero_spatial,8,14,True,244,144.5225176459644,0,0,True,/mnt/project_eai_hs/zrm2/eval_isolated/dreamzero_feedback_a051933_kp00486968_20260727/runs/formal_libero40_fbfm_kp00486968_20_a051933/shards/gpu0/tasks/libero_spatial/task_008/trajectories/trial_014.npz
libero_spatial,8,15,False,480,284.68904824298806,0,0,True,/mnt/project_eai_hs/zrm2/eval_isolated/dreamzero_feedback_a051933_kp00486968_20260727/runs/formal_libero40_fbfm_kp00486968_20_a051933/shards/gpu0/tasks/libero_spatial/task_008/trajectories/trial_015.npz
libero_spatial,8,16,True,107,66.78097378299572,0,0,True,/mnt/project_eai_hs/zrm2/eval_isolated/dreamzero_feedback_a051933_kp00486968_20260727/runs/formal_libero40_fbfm_kp00486968_20_a051933/shards/gpu0/tasks/libero_spatial/task_008/trajectories/trial_016.npz
libero_spatial,8,17,True,200,118.36268663196824,0,0,True,/mnt/project_eai_hs/zrm2/eval_isolated/dreamzero_feedback_a051933_kp00486968_20260727/runs/formal_libero40_fbfm_kp00486968_20_a051933/shards/gpu0/tasks/libero_spatial/task_008/trajectories/trial_017.npz
libero_spatial,8,18,True,108,66.94636220205575,0,0,True,/mnt/project_eai_hs/zrm2/eval_isolated/dreamzero_feedback_a051933_kp00486968_20260727/runs/formal_libero40_fbfm_kp00486968_20_a051933/shards/gpu0/tasks/libero_spatial/task_008/trajectories/trial_018.npz
libero_spatial,8,19,True,107,64.50397391302977,0,0,True,/mnt/project_eai_hs/zrm2/eval_isolated/dreamzero_feedback_a051933_kp00486968_20260727/runs/formal_libero40_fbfm_kp00486968_20_a051933/shards/gpu0/tasks/libero_spatial/task_008/trajectories/trial_019.npz
libero_spatial,9,0,True,151,93.41955603205133,0,0,True,/mnt/project_eai_hs/zrm2/eval_isolated/dreamzero_feedback_a051933_kp00486968_20260727/runs/formal_libero40_fbfm_kp00486968_20_a051933/shards/gpu1/tasks/libero_spatial/task_009/trajectories/trial_000.npz
libero_spatial,9,1,False,480,282.1060207670089,0,0,True,/mnt/project_eai_hs/zrm2/eval_isolated/dreamzero_feedback_a051933_kp00486968_20260727/runs/formal_libero40_fbfm_kp00486968_20_a051933/shards/gpu1/tasks/libero_spatial/task_009/trajectories/trial_001.npz
libero_spatial,9,2,True,261,155.71775964298286,0,0,True,/mnt/project_eai_hs/zrm2/eval_isolated/dreamzero_feedback_a051933_kp00486968_20260727/runs/formal_libero40_fbfm_kp00486968_20_a051933/shards/gpu1/tasks/libero_spatial/task_009/trajectories/trial_002.npz
libero_spatial,9,3,True,138,84.79346433409955,0,0,True,/mnt/project_eai_hs/zrm2/eval_isolated/dreamzero_feedback_a051933_kp00486968_20260727/runs/formal_libero40_fbfm_kp00486968_20_a051933/shards/gpu1/tasks/libero_spatial/task_009/trajectories/trial_003.npz
libero_spatial,9,4,True,241,146.4209973119432,0,0,True,/mnt/project_eai_hs/zrm2/eval_isolated/dreamzero_feedback_a051933_kp00486968_20260727/runs/formal_libero40_fbfm_kp00486968_20_a051933/shards/gpu1/tasks/libero_spatial/task_009/trajectories/trial_004.npz
libero_spatial,9,5,True,349,208.18183055496775,0,0,True,/mnt/project_eai_hs/zrm2/eval_isolated/dreamzero_feedback_a051933_kp00486968_20260727/runs/formal_libero40_fbfm_kp00486968_20_a051933/shards/gpu1/tasks/libero_spatial/task_009/trajectories/trial_005.npz
libero_spatial,9,6,True,187,110.07858043792658,0,0,True,/mnt/project_eai_hs/zrm2/eval_isolated/dreamzero_feedback_a051933_kp00486968_20260727/runs/formal_libero40_fbfm_kp00486968_20_a051933/shards/gpu1/tasks/libero_spatial/task_009/trajectories/trial_006.npz
libero_spatial,9,7,False,480,282.9705612210091,0,0,True,/mnt/project_eai_hs/zrm2/eval_isolated/dreamzero_feedback_a051933_kp00486968_20260727/runs/formal_libero40_fbfm_kp00486968_20_a051933/shards/gpu1/tasks/libero_spatial/task_009/trajectories/trial_007.npz
libero_spatial,9,8,True,189,112.1094878820004,0,0,True,/mnt/project_eai_hs/zrm2/eval_isolated/dreamzero_feedback_a051933_kp00486968_20260727/runs/formal_libero40_fbfm_kp00486968_20_a051933/shards/gpu1/tasks/libero_spatial/task_009/trajectories/trial_008.npz
libero_spatial,9,9,False,480,286.054310756037,0,0,True,/mnt/project_eai_hs/zrm2/eval_isolated/dreamzero_feedback_a051933_kp00486968_20260727/runs/formal_libero40_fbfm_kp00486968_20_a051933/shards/gpu1/tasks/libero_spatial/task_009/trajectories/trial_009.npz
libero_spatial,9,10,True,231,140.44274374295492,0,0,True,/mnt/project_eai_hs/zrm2/eval_isolated/dreamzero_feedback_a051933_kp00486968_20260727/runs/formal_libero40_fbfm_kp00486968_20_a051933/shards/gpu1/tasks/libero_spatial/task_009/trajectories/trial_010.npz
libero_spatial,9,11,True,142,85.79507470899262,0,0,True,/mnt/project_eai_hs/zrm2/eval_isolated/dreamzero_feedback_a051933_kp00486968_20260727/runs/formal_libero40_fbfm_kp00486968_20_a051933/shards/gpu1/tasks/libero_spatial/task_009/trajectories/trial_011.npz
libero_spatial,9,12,False,480,282.328149267938,0,0,True,/mnt/project_eai_hs/zrm2/eval_isolated/dreamzero_feedback_a051933_kp00486968_20260727/runs/formal_libero40_fbfm_kp00486968_20_a051933/shards/gpu1/tasks/libero_spatial/task_009/trajectories/trial_012.npz
libero_spatial,9,13,True,190,114.96029187005479,0,0,True,/mnt/project_eai_hs/zrm2/eval_isolated/dreamzero_feedback_a051933_kp00486968_20260727/runs/formal_libero40_fbfm_kp00486968_20_a051933/shards/gpu1/tasks/libero_spatial/task_009/trajectories/trial_013.npz
libero_spatial,9,14,True,155,94.18752662499901,0,0,True,/mnt/project_eai_hs/zrm2/eval_isolated/dreamzero_feedback_a051933_kp00486968_20260727/runs/formal_libero40_fbfm_kp00486968_20_a051933/shards/gpu1/tasks/libero_spatial/task_009/trajectories/trial_014.npz
libero_spatial,9,15,True,188,115.00878963992,0,0,True,/mnt/project_eai_hs/zrm2/eval_isolated/dreamzero_feedback_a051933_kp00486968_20260727/runs/formal_libero40_fbfm_kp00486968_20_a051933/shards/gpu1/tasks/libero_spatial/task_009/trajectories/trial_015.npz
libero_spatial,9,16,True,198,119.4108529239893,0,0,True,/mnt/project_eai_hs/zrm2/eval_isolated/dreamzero_feedback_a051933_kp00486968_20260727/runs/formal_libero40_fbfm_kp00486968_20_a051933/shards/gpu1/tasks/libero_spatial/task_009/trajectories/trial_016.npz
libero_spatial,9,17,True,154,92.21560550597496,0,0,True,/mnt/project_eai_hs/zrm2/eval_isolated/dreamzero_feedback_a051933_kp00486968_20260727/runs/formal_libero40_fbfm_kp00486968_20_a051933/shards/gpu1/tasks/libero_spatial/task_009/trajectories/trial_017.npz
libero_spatial,9,18,True,148,90.46093863993883,0,0,True,/mnt/project_eai_hs/zrm2/eval_isolated/dreamzero_feedback_a051933_kp00486968_20260727/runs/formal_libero40_fbfm_kp00486968_20_a051933/shards/gpu1/tasks/libero_spatial/task_009/trajectories/trial_018.npz
libero_spatial,9,19,False,480,283.56969566398766,0,0,True,/mnt/project_eai_hs/zrm2/eval_isolated/dreamzero_feedback_a051933_kp00486968_20260727/runs/formal_libero40_fbfm_kp00486968_20_a051933/shards/gpu1/tasks/libero_spatial/task_009/trajectories/trial_019.npz
libero_object,0,0,False,480,276.9726372889709,0,0,True,/mnt/project_eai_hs/zrm2/eval_isolated/dreamzero_feedback_a051933_kp00486968_20260727/runs/formal_libero40_fbfm_kp00486968_20_a051933/shards/gpu2/tasks/libero_object/task_000/trajectories/trial_000.npz
libero_object,0,1,False,480,271.5052770670736,0,0,True,/mnt/project_eai_hs/zrm2/eval_isolated/dreamzero_feedback_a051933_kp00486968_20260727/runs/formal_libero40_fbfm_kp00486968_20_a051933/shards/gpu2/tasks/libero_object/task_000/trajectories/trial_001.npz
libero_object,0,2,True,281,161.46255253395066,0,0,True,/mnt/project_eai_hs/zrm2/eval_isolated/dreamzero_feedback_a051933_kp00486968_20260727/runs/formal_libero40_fbfm_kp00486968_20_a051933/shards/gpu2/tasks/libero_object/task_000/trajectories/trial_002.npz
libero_object,0,3,True,360,203.50447477702983,0,0,True,/mnt/project_eai_hs/zrm2/eval_isolated/dreamzero_feedback_a051933_kp00486968_20260727/runs/formal_libero40_fbfm_kp00486968_20_a051933/shards/gpu2/tasks/libero_object/task_000/trajectories/trial_003.npz
libero_object,0,4,True,298,171.84964917204343,0,0,True,/mnt/project_eai_hs/zrm2/eval_isolated/dreamzero_feedback_a051933_kp00486968_20260727/runs/formal_libero40_fbfm_kp00486968_20_a051933/shards/gpu2/tasks/libero_object/task_000/trajectories/trial_004.npz
libero_object,0,5,True,268,154.66690978198312,0,0,True,/mnt/project_eai_hs/zrm2/eval_isolated/dreamzero_feedback_a051933_kp00486968_20260727/runs/formal_libero40_fbfm_kp00486968_20_a051933/shards/gpu2/tasks/libero_object/task_000/trajectories/trial_005.npz
libero_object,0,6,True,217,123.5416283350205,0,0,True,/mnt/project_eai_hs/zrm2/eval_isolated/dreamzero_feedback_a051933_kp00486968_20260727/runs/formal_libero40_fbfm_kp00486968_20_a051933/shards/gpu2/tasks/libero_object/task_000/trajectories/trial_006.npz
libero_object,0,7,True,225,129.60540369106457,0,0,True,/mnt/project_eai_hs/zrm2/eval_isolated/dreamzero_feedback_a051933_kp00486968_20260727/runs/formal_libero40_fbfm_kp00486968_20_a051933/shards/gpu2/tasks/libero_object/task_000/trajectories/trial_007.npz
libero_object,0,8,True,161,92.95322064205538,0,0,True,/mnt/project_eai_hs/zrm2/eval_isolated/dreamzero_feedback_a051933_kp00486968_20260727/runs/formal_libero40_fbfm_kp00486968_20_a051933/shards/gpu2/tasks/libero_object/task_000/trajectories/trial_008.npz
libero_object,0,9,True,250,141.9904500390403,0,0,True,/mnt/project_eai_hs/zrm2/eval_isolated/dreamzero_feedback_a051933_kp00486968_20260727/runs/formal_libero40_fbfm_kp00486968_20_a051933/shards/gpu2/tasks/libero_object/task_000/trajectories/trial_009.npz
libero_object,0,10,True,249,141.56441683601588,0,0,True,/mnt/project_eai_hs/zrm2/eval_isolated/dreamzero_feedback_a051933_kp00486968_20260727/runs/formal_libero40_fbfm_kp00486968_20_a051933/shards/gpu2/tasks/libero_object/task_000/trajectories/trial_010.npz
libero_object,0,11,True,219,124.57516503799707,0,0,True,/mnt/project_eai_hs/zrm2/eval_isolated/dreamzero_feedback_a051933_kp00486968_20260727/runs/formal_libero40_fbfm_kp00486968_20_a051933/shards/gpu2/tasks/libero_object/task_000/trajectories/trial_011.npz
libero_object,0,12,True,382,214.50411657907534,0,0,True,/mnt/project_eai_hs/zrm2/eval_isolated/dreamzero_feedback_a051933_kp00486968_20260727/runs/formal_libero40_fbfm_kp00486968_20_a051933/shards/gpu2/tasks/libero_object/task_000/trajectories/trial_012.npz
libero_object,0,13,True,209,119.58642728708219,0,0,True,/mnt/project_eai_hs/zrm2/eval_isolated/dreamzero_feedback_a051933_kp00486968_20260727/runs/formal_libero40_fbfm_kp00486968_20_a051933/shards/gpu2/tasks/libero_object/task_000/trajectories/trial_013.npz
libero_object,0,14,False,480,272.2411082070321,0,0,True,/mnt/project_eai_hs/zrm2/eval_isolated/dreamzero_feedback_a051933_kp00486968_20260727/runs/formal_libero40_fbfm_kp00486968_20_a051933/shards/gpu2/tasks/libero_object/task_000/trajectories/trial_014.npz
libero_object,0,15,True,225,129.31706128409132,0,0,True,/mnt/project_eai_hs/zrm2/eval_isolated/dreamzero_feedback_a051933_kp00486968_20260727/runs/formal_libero40_fbfm_kp00486968_20_a051933/shards/gpu2/tasks/libero_object/task_000/trajectories/trial_015.npz
libero_object,0,16,True,400,226.99270697392058,0,0,True,/mnt/project_eai_hs/zrm2/eval_isolated/dreamzero_feedback_a051933_kp00486968_20260727/runs/formal_libero40_fbfm_kp00486968_20_a051933/shards/gpu2/tasks/libero_object/task_000/trajectories/trial_016.npz
libero_object,0,17,True,232,132.79025593493134,0,0,True,/mnt/project_eai_hs/zrm2/eval_isolated/dreamzero_feedback_a051933_kp00486968_20260727/runs/formal_libero40_fbfm_kp00486968_20_a051933/shards/gpu2/tasks/libero_object/task_000/trajectories/trial_017.npz
libero_object,0,18,True,152,87.57881873298902,0,0,True,/mnt/project_eai_hs/zrm2/eval_isolated/dreamzero_feedback_a051933_kp00486968_20260727/runs/formal_libero40_fbfm_kp00486968_20_a051933/shards/gpu2/tasks/libero_object/task_000/trajectories/trial_018.npz
libero_object,0,19,True,232,131.65612902701832,0,0,True,/mnt/project_eai_hs/zrm2/eval_isolated/dreamzero_feedback_a051933_kp00486968_20260727/runs/formal_libero40_fbfm_kp00486968_20_a051933/shards/gpu2/tasks/libero_object/task_000/trajectories/trial_019.npz
libero_object,1,0,True,136,78.92969898402225,0,0,True,/mnt/project_eai_hs/zrm2/eval_isolated/dreamzero_feedback_a051933_kp00486968_20260727/runs/formal_libero40_fbfm_kp00486968_20_a051933/shards/gpu3/tasks/libero_object/task_001/trajectories/trial_000.npz
libero_object,1,1,False,480,271.67447905195877,0,0,True,/mnt/project_eai_hs/zrm2/eval_isolated/dreamzero_feedback_a051933_kp00486968_20260727/runs/formal_libero40_fbfm_kp00486968_20_a051933/shards/gpu3/tasks/libero_object/task_001/trajectories/trial_001.npz
libero_object,1,2,True,410,233.77187941095326,0,0,True,/mnt/project_eai_hs/zrm2/eval_isolated/dreamzero_feedback_a051933_kp00486968_20260727/runs/formal_libero40_fbfm_kp00486968_20_a051933/shards/gpu3/tasks/libero_object/task_001/trajectories/trial_002.npz
libero_object,1,3,True,136,76.9138375929324,0,0,True,/mnt/project_eai_hs/zrm2/eval_isolated/dreamzero_feedback_a051933_kp00486968_20260727/runs/formal_libero40_fbfm_kp00486968_20_a051933/shards/gpu3/tasks/libero_object/task_001/trajectories/trial_003.npz
libero_object,1,4,True,135,80.26513322000392,0,0,True,/mnt/project_eai_hs/zrm2/eval_isolated/dreamzero_feedback_a051933_kp00486968_20260727/runs/formal_libero40_fbfm_kp00486968_20_a051933/shards/gpu3/tasks/libero_object/task_001/trajectories/trial_004.npz
libero_object,1,5,True,144,84.02368629106786,0,0,True,/mnt/project_eai_hs/zrm2/eval_isolated/dreamzero_feedback_a051933_kp00486968_20260727/runs/formal_libero40_fbfm_kp00486968_20_a051933/shards/gpu3/tasks/libero_object/task_001/trajectories/trial_005.npz
libero_object,1,6,True,138,80.60575577593409,0,0,True,/mnt/project_eai_hs/zrm2/eval_isolated/dreamzero_feedback_a051933_kp00486968_20260727/runs/formal_libero40_fbfm_kp00486968_20_a051933/shards/gpu3/tasks/libero_object/task_001/trajectories/trial_006.npz
libero_object,1,7,True,141,82.42523764795624,0,0,True,/mnt/project_eai_hs/zrm2/eval_isolated/dreamzero_feedback_a051933_kp00486968_20260727/runs/formal_libero40_fbfm_kp00486968_20_a051933/shards/gpu3/tasks/libero_object/task_001/trajectories/trial_007.npz
libero_object,1,8,True,144,84.26080798893236,0,0,True,/mnt/project_eai_hs/zrm2/eval_isolated/dreamzero_feedback_a051933_kp00486968_20260727/runs/formal_libero40_fbfm_kp00486968_20_a051933/shards/gpu3/tasks/libero_object/task_001/trajectories/trial_008.npz
libero_object,1,9,True,141,83.55782669305336,0,0,True,/mnt/project_eai_hs/zrm2/eval_isolated/dreamzero_feedback_a051933_kp00486968_20260727/runs/formal_libero40_fbfm_kp00486968_20_a051933/shards/gpu3/tasks/libero_object/task_001/trajectories/trial_009.npz
libero_object,1,10,True,147,85.03347188595217,0,0,True,/mnt/project_eai_hs/zrm2/eval_isolated/dreamzero_feedback_a051933_kp00486968_20260727/runs/formal_libero40_fbfm_kp00486968_20_a051933/shards/gpu3/tasks/libero_object/task_001/trajectories/trial_010.npz
libero_object,1,11,True,317,178.76342658291105,0,0,True,/mnt/project_eai_hs/zrm2/eval_isolated/dreamzero_feedback_a051933_kp00486968_20260727/runs/formal_libero40_fbfm_kp00486968_20_a051933/shards/gpu3/tasks/libero_object/task_001/trajectories/trial_011.npz
libero_object,1,12,False,480,270.1306009159889,0,0,True,/mnt/project_eai_hs/zrm2/eval_isolated/dreamzero_feedback_a051933_kp00486968_20260727/runs/formal_libero40_fbfm_kp00486968_20_a051933/shards/gpu3/tasks/libero_object/task_001/trajectories/trial_012.npz
libero_object,1,13,True,387,218.11465764790773,0,0,True,/mnt/project_eai_hs/zrm2/eval_isolated/dreamzero_feedback_a051933_kp00486968_20260727/runs/formal_libero40_fbfm_kp00486968_20_a051933/shards/gpu3/tasks/libero_object/task_001/trajectories/trial_013.npz
libero_object,1,14,True,251,142.69954250205774,0,0,True,/mnt/project_eai_hs/zrm2/eval_isolated/dreamzero_feedback_a051933_kp00486968_20260727/runs/formal_libero40_fbfm_kp00486968_20_a051933/shards/gpu3/tasks/libero_object/task_001/trajectories/trial_014.npz
libero_object,1,15,True,131,74.31720319902524,0,0,True,/mnt/project_eai_hs/zrm2/eval_isolated/dreamzero_feedback_a051933_kp00486968_20260727/runs/formal_libero40_fbfm_kp00486968_20_a051933/shards/gpu3/tasks/libero_object/task_001/trajectories/trial_015.npz
libero_object,1,16,False,480,271.43298432196025,0,0,True,/mnt/project_eai_hs/zrm2/eval_isolated/dreamzero_feedback_a051933_kp00486968_20260727/runs/formal_libero40_fbfm_kp00486968_20_a051933/shards/gpu3/tasks/libero_object/task_001/trajectories/trial_016.npz
libero_object,1,17,True,140,83.55141996999737,0,0,True,/mnt/project_eai_hs/zrm2/eval_isolated/dreamzero_feedback_a051933_kp00486968_20260727/runs/formal_libero40_fbfm_kp00486968_20_a051933/shards/gpu3/tasks/libero_object/task_001/trajectories/trial_017.npz
libero_object,1,18,True,142,83.80020103999414,0,0,True,/mnt/project_eai_hs/zrm2/eval_isolated/dreamzero_feedback_a051933_kp00486968_20260727/runs/formal_libero40_fbfm_kp00486968_20_a051933/shards/gpu3/tasks/libero_object/task_001/trajectories/trial_018.npz
libero_object,1,19,True,144,81.83102538099047,0,0,True,/mnt/project_eai_hs/zrm2/eval_isolated/dreamzero_feedback_a051933_kp00486968_20260727/runs/formal_libero40_fbfm_kp00486968_20_a051933/shards/gpu3/tasks/libero_object/task_001/trajectories/trial_019.npz
libero_object,2,0,True,183,108.53037377703004,0,0,True,/mnt/project_eai_hs/zrm2/eval_isolated/dreamzero_feedback_a051933_kp00486968_20260727/runs/formal_libero40_fbfm_kp00486968_20_a051933/shards/gpu4/tasks/libero_object/task_002/trajectories/trial_000.npz
libero_object,2,1,False,480,280.56922319799196,0,0,True,/mnt/project_eai_hs/zrm2/eval_isolated/dreamzero_feedback_a051933_kp00486968_20260727/runs/formal_libero40_fbfm_kp00486968_20_a051933/shards/gpu4/tasks/libero_object/task_002/trajectories/trial_001.npz
libero_object,2,2,True,131,78.39436492999084,0,0,True,/mnt/project_eai_hs/zrm2/eval_isolated/dreamzero_feedback_a051933_kp00486968_20260727/runs/formal_libero40_fbfm_kp00486968_20_a051933/shards/gpu4/tasks/libero_object/task_002/trajectories/trial_002.npz
libero_object,2,3,True,125,75.56334258802235,0,0,True,/mnt/project_eai_hs/zrm2/eval_isolated/dreamzero_feedback_a051933_kp00486968_20260727/runs/formal_libero40_fbfm_kp00486968_20_a051933/shards/gpu4/tasks/libero_object/task_002/trajectories/trial_003.npz
libero_object,2,4,False,480,276.6002856469713,0,0,True,/mnt/project_eai_hs/zrm2/eval_isolated/dreamzero_feedback_a051933_kp00486968_20260727/runs/formal_libero40_fbfm_kp00486968_20_a051933/shards/gpu4/tasks/libero_object/task_002/trajectories/trial_004.npz
libero_object,2,5,True,158,92.50880241498817,0,0,True,/mnt/project_eai_hs/zrm2/eval_isolated/dreamzero_feedback_a051933_kp00486968_20260727/runs/formal_libero40_fbfm_kp00486968_20_a051933/shards/gpu4/tasks/libero_object/task_002/trajectories/trial_005.npz
libero_object,2,6,True,127,75.5187838440761,0,0,True,/mnt/project_eai_hs/zrm2/eval_isolated/dreamzero_feedback_a051933_kp00486968_20260727/runs/formal_libero40_fbfm_kp00486968_20_a051933/shards/gpu4/tasks/libero_object/task_002/trajectories/trial_006.npz
libero_object,2,7,False,480,274.54174447699916,0,0,True,/mnt/project_eai_hs/zrm2/eval_isolated/dreamzero_feedback_a051933_kp00486968_20260727/runs/formal_libero40_fbfm_kp00486968_20_a051933/shards/gpu4/tasks/libero_object/task_002/trajectories/trial_007.npz
libero_object,2,8,True,126,75.537781028077,0,0,True,/mnt/project_eai_hs/zrm2/eval_isolated/dreamzero_feedback_a051933_kp00486968_20260727/runs/formal_libero40_fbfm_kp00486968_20_a051933/shards/gpu4/tasks/libero_object/task_002/trajectories/trial_008.npz
libero_object,2,9,True,163,98.3695695620263,0,0,True,/mnt/project_eai_hs/zrm2/eval_isolated/dreamzero_feedback_a051933_kp00486968_20260727/runs/formal_libero40_fbfm_kp00486968_20_a051933/shards/gpu4/tasks/libero_object/task_002/trajectories/trial_009.npz
libero_object,2,10,True,138,80.39207645505667,0,0,True,/mnt/project_eai_hs/zrm2/eval_isolated/dreamzero_feedback_a051933_kp00486968_20260727/runs/formal_libero40_fbfm_kp00486968_20_a051933/shards/gpu4/tasks/libero_object/task_002/trajectories/trial_010.npz
libero_object,2,11,False,480,271.51677878701594,0,0,True,/mnt/project_eai_hs/zrm2/eval_isolated/dreamzero_feedback_a051933_kp00486968_20260727/runs/formal_libero40_fbfm_kp00486968_20_a051933/shards/gpu4/tasks/libero_object/task_002/trajectories/trial_011.npz
libero_object,2,12,True,175,100.82819759601261,0,0,True,/mnt/project_eai_hs/zrm2/eval_isolated/dreamzero_feedback_a051933_kp00486968_20260727/runs/formal_libero40_fbfm_kp00486968_20_a051933/shards/gpu4/tasks/libero_object/task_002/trajectories/trial_012.npz
libero_object,2,13,False,480,273.9443639910314,0,0,True,/mnt/project_eai_hs/zrm2/eval_isolated/dreamzero_feedback_a051933_kp00486968_20260727/runs/formal_libero40_fbfm_kp00486968_20_a051933/shards/gpu4/tasks/libero_object/task_002/trajectories/trial_013.npz
libero_object,2,14,False,480,272.3997746789828,0,0,True,/mnt/project_eai_hs/zrm2/eval_isolated/dreamzero_feedback_a051933_kp00486968_20260727/runs/formal_libero40_fbfm_kp00486968_20_a051933/shards/gpu4/tasks/libero_object/task_002/trajectories/trial_014.npz
libero_object,2,15,True,128,74.78399845899548,0,0,True,/mnt/project_eai_hs/zrm2/eval_isolated/dreamzero_feedback_a051933_kp00486968_20260727/runs/formal_libero40_fbfm_kp00486968_20_a051933/shards/gpu4/tasks/libero_object/task_002/trajectories/trial_015.npz
libero_object,2,16,False,480,270.78283491008915,0,0,True,/mnt/project_eai_hs/zrm2/eval_isolated/dreamzero_feedback_a051933_kp00486968_20260727/runs/formal_libero40_fbfm_kp00486968_20_a051933/shards/gpu4/tasks/libero_object/task_002/trajectories/trial_016.npz
libero_object,2,17,True,137,79.5396203880664,0,0,True,/mnt/project_eai_hs/zrm2/eval_isolated/dreamzero_feedback_a051933_kp00486968_20260727/runs/formal_libero40_fbfm_kp00486968_20_a051933/shards/gpu4/tasks/libero_object/task_002/trajectories/trial_017.npz
libero_object,2,18,True,349,208.35732610302512,0,0,True,/mnt/project_eai_hs/zrm2/eval_isolated/dreamzero_feedback_a051933_kp00486968_20260727/runs/formal_libero40_fbfm_kp00486968_20_a051933/shards/gpu4/tasks/libero_object/task_002/trajectories/trial_018.npz
libero_object,2,19,False,480,273.921090528951,0,0,True,/mnt/project_eai_hs/zrm2/eval_isolated/dreamzero_feedback_a051933_kp00486968_20260727/runs/formal_libero40_fbfm_kp00486968_20_a051933/shards/gpu4/tasks/libero_object/task_002/trajectories/trial_019.npz
libero_object,3,0,True,243,135.55907474504784,0,0,True,/mnt/project_eai_hs/zrm2/eval_isolated/dreamzero_feedback_a051933_kp00486968_20260727/runs/formal_libero40_fbfm_kp00486968_20_a051933/shards/gpu5/tasks/libero_object/task_003/trajectories/trial_000.npz
libero_object,3,1,True,128,70.60781502199825,0,0,True,/mnt/project_eai_hs/zrm2/eval_isolated/dreamzero_feedback_a051933_kp00486968_20260727/runs/formal_libero40_fbfm_kp00486968_20_a051933/shards/gpu5/tasks/libero_object/task_003/trajectories/trial_001.npz
libero_object,3,2,False,480,260.9784119860269,0,0,True,/mnt/project_eai_hs/zrm2/eval_isolated/dreamzero_feedback_a051933_kp00486968_20260727/runs/formal_libero40_fbfm_kp00486968_20_a051933/shards/gpu5/tasks/libero_object/task_003/trajectories/trial_002.npz
libero_object,3,3,True,141,81.22187795909122,0,0,True,/mnt/project_eai_hs/zrm2/eval_isolated/dreamzero_feedback_a051933_kp00486968_20260727/runs/formal_libero40_fbfm_kp00486968_20_a051933/shards/gpu5/tasks/libero_object/task_003/trajectories/trial_003.npz
libero_object,3,4,True,140,79.04224293492734,0,0,True,/mnt/project_eai_hs/zrm2/eval_isolated/dreamzero_feedback_a051933_kp00486968_20260727/runs/formal_libero40_fbfm_kp00486968_20_a051933/shards/gpu5/tasks/libero_object/task_003/trajectories/trial_004.npz
libero_object,3,5,True,146,81.49713786505163,0,0,True,/mnt/project_eai_hs/zrm2/eval_isolated/dreamzero_feedback_a051933_kp00486968_20260727/runs/formal_libero40_fbfm_kp00486968_20_a051933/shards/gpu5/tasks/libero_object/task_003/trajectories/trial_005.npz
libero_object,3,6,True,147,81.46717531094328,0,0,True,/mnt/project_eai_hs/zrm2/eval_isolated/dreamzero_feedback_a051933_kp00486968_20260727/runs/formal_libero40_fbfm_kp00486968_20_a051933/shards/gpu5/tasks/libero_object/task_003/trajectories/trial_006.npz
libero_object,3,7,False,480,260.8353266729973,0,0,True,/mnt/project_eai_hs/zrm2/eval_isolated/dreamzero_feedback_a051933_kp00486968_20260727/runs/formal_libero40_fbfm_kp00486968_20_a051933/shards/gpu5/tasks/libero_object/task_003/trajectories/trial_007.npz
libero_object,3,8,True,137,76.55519032396842,0,0,True,/mnt/project_eai_hs/zrm2/eval_isolated/dreamzero_feedback_a051933_kp00486968_20260727/runs/formal_libero40_fbfm_kp00486968_20_a051933/shards/gpu5/tasks/libero_object/task_003/trajectories/trial_008.npz
libero_object,3,9,True,145,79.72935799101833,0,0,True,/mnt/project_eai_hs/zrm2/eval_isolated/dreamzero_feedback_a051933_kp00486968_20260727/runs/formal_libero40_fbfm_kp00486968_20_a051933/shards/gpu5/tasks/libero_object/task_003/trajectories/trial_009.npz
libero_object,3,10,True,141,80.66310571902432,0,0,True,/mnt/project_eai_hs/zrm2/eval_isolated/dreamzero_feedback_a051933_kp00486968_20260727/runs/formal_libero40_fbfm_kp00486968_20_a051933/shards/gpu5/tasks/libero_object/task_003/trajectories/trial_010.npz
libero_object,3,11,True,146,80.45723156596068,0,0,True,/mnt/project_eai_hs/zrm2/eval_isolated/dreamzero_feedback_a051933_kp00486968_20260727/runs/formal_libero40_fbfm_kp00486968_20_a051933/shards/gpu5/tasks/libero_object/task_003/trajectories/trial_011.npz
libero_object,3,12,True,147,81.49362538394053,0,0,True,/mnt/project_eai_hs/zrm2/eval_isolated/dreamzero_feedback_a051933_kp00486968_20260727/runs/formal_libero40_fbfm_kp00486968_20_a051933/shards/gpu5/tasks/libero_object/task_003/trajectories/trial_012.npz
libero_object,3,13,True,145,85.15819079906214,0,0,True,/mnt/project_eai_hs/zrm2/eval_isolated/dreamzero_feedback_a051933_kp00486968_20260727/runs/formal_libero40_fbfm_kp00486968_20_a051933/shards/gpu5/tasks/libero_object/task_003/trajectories/trial_013.npz
libero_object,3,14,True,145,82.34350032301154,0,0,True,/mnt/project_eai_hs/zrm2/eval_isolated/dreamzero_feedback_a051933_kp00486968_20260727/runs/formal_libero40_fbfm_kp00486968_20_a051933/shards/gpu5/tasks/libero_object/task_003/trajectories/trial_014.npz
libero_object,3,15,True,144,81.52127935201861,0,0,True,/mnt/project_eai_hs/zrm2/eval_isolated/dreamzero_feedback_a051933_kp00486968_20260727/runs/formal_libero40_fbfm_kp00486968_20_a051933/shards/gpu5/tasks/libero_object/task_003/trajectories/trial_015.npz
libero_object,3,16,True,146,82.80275952501688,0,0,True,/mnt/project_eai_hs/zrm2/eval_isolated/dreamzero_feedback_a051933_kp00486968_20260727/runs/formal_libero40_fbfm_kp00486968_20_a051933/shards/gpu5/tasks/libero_object/task_003/trajectories/trial_016.npz
libero_object,3,17,True,147,85.25856250000652,0,0,True,/mnt/project_eai_hs/zrm2/eval_isolated/dreamzero_feedback_a051933_kp00486968_20260727/runs/formal_libero40_fbfm_kp00486968_20_a051933/shards/gpu5/tasks/libero_object/task_003/trajectories/trial_017.npz
libero_object,3,18,True,147,86.23929597402457,0,0,True,/mnt/project_eai_hs/zrm2/eval_isolated/dreamzero_feedback_a051933_kp00486968_20260727/runs/formal_libero40_fbfm_kp00486968_20_a051933/shards/gpu5/tasks/libero_object/task_003/trajectories/trial_018.npz
libero_object,3,19,True,146,82.37292273296043,0,0,True,/mnt/project_eai_hs/zrm2/eval_isolated/dreamzero_feedback_a051933_kp00486968_20260727/runs/formal_libero40_fbfm_kp00486968_20_a051933/shards/gpu5/tasks/libero_object/task_003/trajectories/trial_019.npz
libero_object,4,0,True,188,112.30101689102594,0,0,True,/mnt/project_eai_hs/zrm2/eval_isolated/dreamzero_feedback_a051933_kp00486968_20260727/runs/formal_libero40_fbfm_kp00486968_20_a051933/shards/gpu6/tasks/libero_object/task_004/trajectories/trial_000.npz
libero_object,4,1,False,480,281.92220863804687,0,0,True,/mnt/project_eai_hs/zrm2/eval_isolated/dreamzero_feedback_a051933_kp00486968_20260727/runs/formal_libero40_fbfm_kp00486968_20_a051933/shards/gpu6/tasks/libero_object/task_004/trajectories/trial_001.npz
libero_object,4,2,False,480,274.6696848210413,0,0,True,/mnt/project_eai_hs/zrm2/eval_isolated/dreamzero_feedback_a051933_kp00486968_20260727/runs/formal_libero40_fbfm_kp00486968_20_a051933/shards/gpu6/tasks/libero_object/task_004/trajectories/trial_002.npz
libero_object,4,3,True,223,128.90748099295888,0,0,True,/mnt/project_eai_hs/zrm2/eval_isolated/dreamzero_feedback_a051933_kp00486968_20260727/runs/formal_libero40_fbfm_kp00486968_20_a051933/shards/gpu6/tasks/libero_object/task_004/trajectories/trial_003.npz
libero_object,4,4,True,204,120.3801797660999,0,0,True,/mnt/project_eai_hs/zrm2/eval_isolated/dreamzero_feedback_a051933_kp00486968_20260727/runs/formal_libero40_fbfm_kp00486968_20_a051933/shards/gpu6/tasks/libero_object/task_004/trajectories/trial_004.npz
libero_object,4,5,False,480,281.0238533189986,0,0,True,/mnt/project_eai_hs/zrm2/eval_isolated/dreamzero_feedback_a051933_kp00486968_20260727/runs/formal_libero40_fbfm_kp00486968_20_a051933/shards/gpu6/tasks/libero_object/task_004/trajectories/trial_005.npz
libero_object,4,6,True,161,97.95993615291081,0,0,True,/mnt/project_eai_hs/zrm2/eval_isolated/dreamzero_feedback_a051933_kp00486968_20260727/runs/formal_libero40_fbfm_kp00486968_20_a051933/shards/gpu6/tasks/libero_object/task_004/trajectories/trial_006.npz
libero_object,4,7,True,169,100.14233535493258,0,0,True,/mnt/project_eai_hs/zrm2/eval_isolated/dreamzero_feedback_a051933_kp00486968_20260727/runs/formal_libero40_fbfm_kp00486968_20_a051933/shards/gpu6/tasks/libero_object/task_004/trajectories/trial_007.npz
libero_object,4,8,True,242,140.1440794559894,0,0,True,/mnt/project_eai_hs/zrm2/eval_isolated/dreamzero_feedback_a051933_kp00486968_20260727/runs/formal_libero40_fbfm_kp00486968_20_a051933/shards/gpu6/tasks/libero_object/task_004/trajectories/trial_008.npz
libero_object,4,9,True,215,126.14864851301536,0,0,True,/mnt/project_eai_hs/zrm2/eval_isolated/dreamzero_feedback_a051933_kp00486968_20260727/runs/formal_libero40_fbfm_kp00486968_20_a051933/shards/gpu6/tasks/libero_object/task_004/trajectories/trial_009.npz
libero_object,4,10,False,480,271.4107429800788,0,0,True,/mnt/project_eai_hs/zrm2/eval_isolated/dreamzero_feedback_a051933_kp00486968_20260727/runs/formal_libero40_fbfm_kp00486968_20_a051933/shards/gpu6/tasks/libero_object/task_004/trajectories/trial_010.npz
libero_object,4,11,False,480,272.06585813499987,0,0,True,/mnt/project_eai_hs/zrm2/eval_isolated/dreamzero_feedback_a051933_kp00486968_20260727/runs/formal_libero40_fbfm_kp00486968_20_a051933/shards/gpu6/tasks/libero_object/task_004/trajectories/trial_011.npz
libero_object,4,12,False,480,271.45472437597346,0,0,True,/mnt/project_eai_hs/zrm2/eval_isolated/dreamzero_feedback_a051933_kp00486968_20260727/runs/formal_libero40_fbfm_kp00486968_20_a051933/shards/gpu6/tasks/libero_object/task_004/trajectories/trial_012.npz
libero_object,4,13,False,480,279.14228596398607,0,0,True,/mnt/project_eai_hs/zrm2/eval_isolated/dreamzero_feedback_a051933_kp00486968_20260727/runs/formal_libero40_fbfm_kp00486968_20_a051933/shards/gpu6/tasks/libero_object/task_004/trajectories/trial_013.npz
libero_object,4,14,False,480,281.6183885979699,0,0,True,/mnt/project_eai_hs/zrm2/eval_isolated/dreamzero_feedback_a051933_kp00486968_20260727/runs/formal_libero40_fbfm_kp00486968_20_a051933/shards/gpu6/tasks/libero_object/task_004/trajectories/trial_014.npz
libero_object,4,15,True,168,99.62868096702732,0,0,True,/mnt/project_eai_hs/zrm2/eval_isolated/dreamzero_feedback_a051933_kp00486968_20260727/runs/formal_libero40_fbfm_kp00486968_20_a051933/shards/gpu6/tasks/libero_object/task_004/trajectories/trial_015.npz
libero_object,4,16,False,480,279.6568123860052,0,0,True,/mnt/project_eai_hs/zrm2/eval_isolated/dreamzero_feedback_a051933_kp00486968_20260727/runs/formal_libero40_fbfm_kp00486968_20_a051933/shards/gpu6/tasks/libero_object/task_004/trajectories/trial_016.npz
libero_object,4,17,False,480,277.0305641250452,0,0,True,/mnt/project_eai_hs/zrm2/eval_isolated/dreamzero_feedback_a051933_kp00486968_20260727/runs/formal_libero40_fbfm_kp00486968_20_a051933/shards/gpu6/tasks/libero_object/task_004/trajectories/trial_017.npz
libero_object,4,18,True,216,124.50705363391899,0,0,True,/mnt/project_eai_hs/zrm2/eval_isolated/dreamzero_feedback_a051933_kp00486968_20260727/runs/formal_libero40_fbfm_kp00486968_20_a051933/shards/gpu6/tasks/libero_object/task_004/trajectories/trial_018.npz
libero_object,4,19,False,480,276.4818038990488,0,0,True,/mnt/project_eai_hs/zrm2/eval_isolated/dreamzero_feedback_a051933_kp00486968_20260727/runs/formal_libero40_fbfm_kp00486968_20_a051933/shards/gpu6/tasks/libero_object/task_004/trajectories/trial_019.npz
libero_object,5,0,True,145,88.01498979097232,0,0,True,/mnt/project_eai_hs/zrm2/eval_isolated/dreamzero_feedback_a051933_kp00486968_20260727/runs/formal_libero40_fbfm_kp00486968_20_a051933/shards/gpu7/tasks/libero_object/task_005/trajectories/trial_000.npz
libero_object,5,1,True,139,81.9828790059546,0,0,True,/mnt/project_eai_hs/zrm2/eval_isolated/dreamzero_feedback_a051933_kp00486968_20260727/runs/formal_libero40_fbfm_kp00486968_20_a051933/shards/gpu7/tasks/libero_object/task_005/trajectories/trial_001.npz
libero_object,5,2,True,210,122.08420367899816,0,0,True,/mnt/project_eai_hs/zrm2/eval_isolated/dreamzero_feedback_a051933_kp00486968_20260727/runs/formal_libero40_fbfm_kp00486968_20_a051933/shards/gpu7/tasks/libero_object/task_005/trajectories/trial_002.npz
libero_object,5,3,True,128,74.3927435670048,0,0,True,/mnt/project_eai_hs/zrm2/eval_isolated/dreamzero_feedback_a051933_kp00486968_20260727/runs/formal_libero40_fbfm_kp00486968_20_a051933/shards/gpu7/tasks/libero_object/task_005/trajectories/trial_003.npz
libero_object,5,4,True,360,206.85614397597965,0,0,True,/mnt/project_eai_hs/zrm2/eval_isolated/dreamzero_feedback_a051933_kp00486968_20260727/runs/formal_libero40_fbfm_kp00486968_20_a051933/shards/gpu7/tasks/libero_object/task_005/trajectories/trial_004.npz
libero_object,5,5,True,139,82.59869853104465,0,0,True,/mnt/project_eai_hs/zrm2/eval_isolated/dreamzero_feedback_a051933_kp00486968_20260727/runs/formal_libero40_fbfm_kp00486968_20_a051933/shards/gpu7/tasks/libero_object/task_005/trajectories/trial_005.npz
libero_object,5,6,True,142,82.78136991907377,0,0,True,/mnt/project_eai_hs/zrm2/eval_isolated/dreamzero_feedback_a051933_kp00486968_20260727/runs/formal_libero40_fbfm_kp00486968_20_a051933/shards/gpu7/tasks/libero_object/task_005/trajectories/trial_006.npz
libero_object,5,7,True,156,90.81180220993701,0,0,True,/mnt/project_eai_hs/zrm2/eval_isolated/dreamzero_feedback_a051933_kp00486968_20260727/runs/formal_libero40_fbfm_kp00486968_20_a051933/shards/gpu7/tasks/libero_object/task_005/trajectories/trial_007.npz
libero_object,5,8,True,141,83.24017843406182,0,0,True,/mnt/project_eai_hs/zrm2/eval_isolated/dreamzero_feedback_a051933_kp00486968_20260727/runs/formal_libero40_fbfm_kp00486968_20_a051933/shards/gpu7/tasks/libero_object/task_005/trajectories/trial_008.npz
libero_object,5,9,True,137,79.21876031300053,0,0,True,/mnt/project_eai_hs/zrm2/eval_isolated/dreamzero_feedback_a051933_kp00486968_20260727/runs/formal_libero40_fbfm_kp00486968_20_a051933/shards/gpu7/tasks/libero_object/task_005/trajectories/trial_009.npz
libero_object,5,10,True,146,84.9589136429131,0,0,True,/mnt/project_eai_hs/zrm2/eval_isolated/dreamzero_feedback_a051933_kp00486968_20260727/runs/formal_libero40_fbfm_kp00486968_20_a051933/shards/gpu7/tasks/libero_object/task_005/trajectories/trial_010.npz
libero_object,5,11,True,159,93.668943292927,0,0,True,/mnt/project_eai_hs/zrm2/eval_isolated/dreamzero_feedback_a051933_kp00486968_20260727/runs/formal_libero40_fbfm_kp00486968_20_a051933/shards/gpu7/tasks/libero_object/task_005/trajectories/trial_011.npz
libero_object,5,12,True,153,91.09772605297621,0,0,True,/mnt/project_eai_hs/zrm2/eval_isolated/dreamzero_feedback_a051933_kp00486968_20260727/runs/formal_libero40_fbfm_kp00486968_20_a051933/shards/gpu7/tasks/libero_object/task_005/trajectories/trial_012.npz
libero_object,5,13,True,147,84.2571069970727,0,0,True,/mnt/project_eai_hs/zrm2/eval_isolated/dreamzero_feedback_a051933_kp00486968_20260727/runs/formal_libero40_fbfm_kp00486968_20_a051933/shards/gpu7/tasks/libero_object/task_005/trajectories/trial_013.npz
libero_object,5,14,True,141,81.61421311600134,0,0,True,/mnt/project_eai_hs/zrm2/eval_isolated/dreamzero_feedback_a051933_kp00486968_20260727/runs/formal_libero40_fbfm_kp00486968_20_a051933/shards/gpu7/tasks/libero_object/task_005/trajectories/trial_014.npz
libero_object,5,15,True,129,73.70586740702856,0,0,True,/mnt/project_eai_hs/zrm2/eval_isolated/dreamzero_feedback_a051933_kp00486968_20260727/runs/formal_libero40_fbfm_kp00486968_20_a051933/shards/gpu7/tasks/libero_object/task_005/trajectories/trial_015.npz
libero_object,5,16,True,138,80.69315757008735,0,0,True,/mnt/project_eai_hs/zrm2/eval_isolated/dreamzero_feedback_a051933_kp00486968_20260727/runs/formal_libero40_fbfm_kp00486968_20_a051933/shards/gpu7/tasks/libero_object/task_005/trajectories/trial_016.npz
libero_object,5,17,True,154,87.12407955096569,0,0,True,/mnt/project_eai_hs/zrm2/eval_isolated/dreamzero_feedback_a051933_kp00486968_20260727/runs/formal_libero40_fbfm_kp00486968_20_a051933/shards/gpu7/tasks/libero_object/task_005/trajectories/trial_017.npz
libero_object,5,18,True,143,82.22489286598284,0,0,True,/mnt/project_eai_hs/zrm2/eval_isolated/dreamzero_feedback_a051933_kp00486968_20260727/runs/formal_libero40_fbfm_kp00486968_20_a051933/shards/gpu7/tasks/libero_object/task_005/trajectories/trial_018.npz
libero_object,5,19,True,157,91.36337926099077,0,0,True,/mnt/project_eai_hs/zrm2/eval_isolated/dreamzero_feedback_a051933_kp00486968_20260727/runs/formal_libero40_fbfm_kp00486968_20_a051933/shards/gpu7/tasks/libero_object/task_005/trajectories/trial_019.npz
libero_object,6,0,False,480,275.40526057593524,0,0,True,/mnt/project_eai_hs/zrm2/eval_isolated/dreamzero_feedback_a051933_kp00486968_20260727/runs/formal_libero40_fbfm_kp00486968_20_a051933/shards/gpu0/tasks/libero_object/task_006/trajectories/trial_000.npz
libero_object,6,1,False,480,272.5856963490369,0,0,True,/mnt/project_eai_hs/zrm2/eval_isolated/dreamzero_feedback_a051933_kp00486968_20260727/runs/formal_libero40_fbfm_kp00486968_20_a051933/shards/gpu0/tasks/libero_object/task_006/trajectories/trial_001.npz
libero_object,6,2,True,203,116.6414733340498,0,0,True,/mnt/project_eai_hs/zrm2/eval_isolated/dreamzero_feedback_a051933_kp00486968_20260727/runs/formal_libero40_fbfm_kp00486968_20_a051933/shards/gpu0/tasks/libero_object/task_006/trajectories/trial_002.npz
libero_object,6,3,False,480,271.02321790601127,0,0,True,/mnt/project_eai_hs/zrm2/eval_isolated/dreamzero_feedback_a051933_kp00486968_20260727/runs/formal_libero40_fbfm_kp00486968_20_a051933/shards/gpu0/tasks/libero_object/task_006/trajectories/trial_003.npz
libero_object,6,4,True,224,129.99147214205004,0,0,True,/mnt/project_eai_hs/zrm2/eval_isolated/dreamzero_feedback_a051933_kp00486968_20260727/runs/formal_libero40_fbfm_kp00486968_20_a051933/shards/gpu0/tasks/libero_object/task_006/trajectories/trial_004.npz
libero_object,6,5,True,213,125.42134904605336,0,0,True,/mnt/project_eai_hs/zrm2/eval_isolated/dreamzero_feedback_a051933_kp00486968_20260727/runs/formal_libero40_fbfm_kp00486968_20_a051933/shards/gpu0/tasks/libero_object/task_006/trajectories/trial_005.npz
libero_object,6,6,False,480,271.4488933819812,0,0,True,/mnt/project_eai_hs/zrm2/eval_isolated/dreamzero_feedback_a051933_kp00486968_20260727/runs/formal_libero40_fbfm_kp00486968_20_a051933/shards/gpu0/tasks/libero_object/task_006/trajectories/trial_006.npz
libero_object,6,7,True,217,121.18554284598213,0,0,True,/mnt/project_eai_hs/zrm2/eval_isolated/dreamzero_feedback_a051933_kp00486968_20260727/runs/formal_libero40_fbfm_kp00486968_20_a051933/shards/gpu0/tasks/libero_object/task_006/trajectories/trial_007.npz
libero_object,6,8,True,210,118.49390478397254,0,0,True,/mnt/project_eai_hs/zrm2/eval_isolated/dreamzero_feedback_a051933_kp00486968_20260727/runs/formal_libero40_fbfm_kp00486968_20_a051933/shards/gpu0/tasks/libero_object/task_006/trajectories/trial_008.npz
libero_object,6,9,True,224,127.73691284202505,0,0,True,/mnt/project_eai_hs/zrm2/eval_isolated/dreamzero_feedback_a051933_kp00486968_20260727/runs/formal_libero40_fbfm_kp00486968_20_a051933/shards/gpu0/tasks/libero_object/task_006/trajectories/trial_009.npz
libero_object,6,10,False,480,266.47380426502787,0,0,True,/mnt/project_eai_hs/zrm2/eval_isolated/dreamzero_feedback_a051933_kp00486968_20260727/runs/formal_libero40_fbfm_kp00486968_20_a051933/shards/gpu0/tasks/libero_object/task_006/trajectories/trial_010.npz
libero_object,6,11,False,480,268.5305670630187,0,0,True,/mnt/project_eai_hs/zrm2/eval_isolated/dreamzero_feedback_a051933_kp00486968_20260727/runs/formal_libero40_fbfm_kp00486968_20_a051933/shards/gpu0/tasks/libero_object/task_006/trajectories/trial_011.npz
libero_object,6,12,True,211,119.11000678595155,0,0,True,/mnt/project_eai_hs/zrm2/eval_isolated/dreamzero_feedback_a051933_kp00486968_20260727/runs/formal_libero40_fbfm_kp00486968_20_a051933/shards/gpu0/tasks/libero_object/task_006/trajectories/trial_012.npz
libero_object,6,13,True,211,121.33468379592523,0,0,True,/mnt/project_eai_hs/zrm2/eval_isolated/dreamzero_feedback_a051933_kp00486968_20260727/runs/formal_libero40_fbfm_kp00486968_20_a051933/shards/gpu0/tasks/libero_object/task_006/trajectories/trial_013.npz
libero_object,6,14,False,480,275.79059379408136,0,0,True,/mnt/project_eai_hs/zrm2/eval_isolated/dreamzero_feedback_a051933_kp00486968_20260727/runs/formal_libero40_fbfm_kp00486968_20_a051933/shards/gpu0/tasks/libero_object/task_006/trajectories/trial_014.npz
libero_object,6,15,False,480,268.89240520098247,0,0,True,/mnt/project_eai_hs/zrm2/eval_isolated/dreamzero_feedback_a051933_kp00486968_20260727/runs/formal_libero40_fbfm_kp00486968_20_a051933/shards/gpu0/tasks/libero_object/task_006/trajectories/trial_015.npz
libero_object,6,16,False,480,270.7350263739936,0,0,True,/mnt/project_eai_hs/zrm2/eval_isolated/dreamzero_feedback_a051933_kp00486968_20260727/runs/formal_libero40_fbfm_kp00486968_20_a051933/shards/gpu0/tasks/libero_object/task_006/trajectories/trial_016.npz
libero_object,6,17,False,480,268.05808453296777,0,0,True,/mnt/project_eai_hs/zrm2/eval_isolated/dreamzero_feedback_a051933_kp00486968_20260727/runs/formal_libero40_fbfm_kp00486968_20_a051933/shards/gpu0/tasks/libero_object/task_006/trajectories/trial_017.npz
libero_object,6,18,False,480,272.5348952630302,0,0,True,/mnt/project_eai_hs/zrm2/eval_isolated/dreamzero_feedback_a051933_kp00486968_20260727/runs/formal_libero40_fbfm_kp00486968_20_a051933/shards/gpu0/tasks/libero_object/task_006/trajectories/trial_018.npz
libero_object,6,19,True,231,129.6921618510969,0,0,True,/mnt/project_eai_hs/zrm2/eval_isolated/dreamzero_feedback_a051933_kp00486968_20260727/runs/formal_libero40_fbfm_kp00486968_20_a051933/shards/gpu0/tasks/libero_object/task_006/trajectories/trial_019.npz
libero_object,7,0,False,480,270.0427399809705,0,0,True,/mnt/project_eai_hs/zrm2/eval_isolated/dreamzero_feedback_a051933_kp00486968_20260727/runs/formal_libero40_fbfm_kp00486968_20_a051933/shards/gpu1/tasks/libero_object/task_007/trajectories/trial_000.npz
libero_object,7,1,False,480,267.3892218261026,0,0,True,/mnt/project_eai_hs/zrm2/eval_isolated/dreamzero_feedback_a051933_kp00486968_20260727/runs/formal_libero40_fbfm_kp00486968_20_a051933/shards/gpu1/tasks/libero_object/task_007/trajectories/trial_001.npz
libero_object,7,2,True,335,187.62393187894486,0,0,True,/mnt/project_eai_hs/zrm2/eval_isolated/dreamzero_feedback_a051933_kp00486968_20260727/runs/formal_libero40_fbfm_kp00486968_20_a051933/shards/gpu1/tasks/libero_object/task_007/trajectories/trial_002.npz
libero_object,7,3,False,480,266.04696359706577,0,0,True,/mnt/project_eai_hs/zrm2/eval_isolated/dreamzero_feedback_a051933_kp00486968_20260727/runs/formal_libero40_fbfm_kp00486968_20_a051933/shards/gpu1/tasks/libero_object/task_007/trajectories/trial_003.npz
libero_object,7,4,True,162,93.25050958094653,0,0,True,/mnt/project_eai_hs/zrm2/eval_isolated/dreamzero_feedback_a051933_kp00486968_20260727/runs/formal_libero40_fbfm_kp00486968_20_a051933/shards/gpu1/tasks/libero_object/task_007/trajectories/trial_004.npz
libero_object,7,5,False,480,266.35185208299663,0,0,True,/mnt/project_eai_hs/zrm2/eval_isolated/dreamzero_feedback_a051933_kp00486968_20260727/runs/formal_libero40_fbfm_kp00486968_20_a051933/shards/gpu1/tasks/libero_object/task_007/trajectories/trial_005.npz
libero_object,7,6,False,480,268.37039957696106,0,0,True,/mnt/project_eai_hs/zrm2/eval_isolated/dreamzero_feedback_a051933_kp00486968_20260727/runs/formal_libero40_fbfm_kp00486968_20_a051933/shards/gpu1/tasks/libero_object/task_007/trajectories/trial_006.npz
libero_object,7,7,False,480,267.8265376749914,0,0,True,/mnt/project_eai_hs/zrm2/eval_isolated/dreamzero_feedback_a051933_kp00486968_20260727/runs/formal_libero40_fbfm_kp00486968_20_a051933/shards/gpu1/tasks/libero_object/task_007/trajectories/trial_007.npz
libero_object,7,8,False,480,269.57461097999476,0,0,True,/mnt/project_eai_hs/zrm2/eval_isolated/dreamzero_feedback_a051933_kp00486968_20260727/runs/formal_libero40_fbfm_kp00486968_20_a051933/shards/gpu1/tasks/libero_object/task_007/trajectories/trial_008.npz
libero_object,7,9,True,195,111.02073897002265,0,0,True,/mnt/project_eai_hs/zrm2/eval_isolated/dreamzero_feedback_a051933_kp00486968_20260727/runs/formal_libero40_fbfm_kp00486968_20_a051933/shards/gpu1/tasks/libero_object/task_007/trajectories/trial_009.npz
libero_object,7,10,False,480,266.4555603740737,0,0,True,/mnt/project_eai_hs/zrm2/eval_isolated/dreamzero_feedback_a051933_kp00486968_20260727/runs/formal_libero40_fbfm_kp00486968_20_a051933/shards/gpu1/tasks/libero_object/task_007/trajectories/trial_010.npz
libero_object,7,11,True,176,100.03328935103491,0,0,True,/mnt/project_eai_hs/zrm2/eval_isolated/dreamzero_feedback_a051933_kp00486968_20260727/runs/formal_libero40_fbfm_kp00486968_20_a051933/shards/gpu1/tasks/libero_object/task_007/trajectories/trial_011.npz
libero_object,7,12,True,171,97.96849114494398,0,0,True,/mnt/project_eai_hs/zrm2/eval_isolated/dreamzero_feedback_a051933_kp00486968_20260727/runs/formal_libero40_fbfm_kp00486968_20_a051933/shards/gpu1/tasks/libero_object/task_007/trajectories/trial_012.npz
libero_object,7,13,True,268,149.70563574694097,0,0,True,/mnt/project_eai_hs/zrm2/eval_isolated/dreamzero_feedback_a051933_kp00486968_20260727/runs/formal_libero40_fbfm_kp00486968_20_a051933/shards/gpu1/tasks/libero_object/task_007/trajectories/trial_013.npz
libero_object,7,14,False,480,268.7245425489964,0,0,True,/mnt/project_eai_hs/zrm2/eval_isolated/dreamzero_feedback_a051933_kp00486968_20260727/runs/formal_libero40_fbfm_kp00486968_20_a051933/shards/gpu1/tasks/libero_object/task_007/trajectories/trial_014.npz
libero_object,7,15,False,480,264.7368890339276,0,0,True,/mnt/project_eai_hs/zrm2/eval_isolated/dreamzero_feedback_a051933_kp00486968_20260727/runs/formal_libero40_fbfm_kp00486968_20_a051933/shards/gpu1/tasks/libero_object/task_007/trajectories/trial_015.npz
libero_object,7,16,False,480,267.37619218195323,0,0,True,/mnt/project_eai_hs/zrm2/eval_isolated/dreamzero_feedback_a051933_kp00486968_20260727/runs/formal_libero40_fbfm_kp00486968_20_a051933/shards/gpu1/tasks/libero_object/task_007/trajectories/trial_016.npz
libero_object,7,17,True,239,135.8064695110079,0,0,True,/mnt/project_eai_hs/zrm2/eval_isolated/dreamzero_feedback_a051933_kp00486968_20260727/runs/formal_libero40_fbfm_kp00486968_20_a051933/shards/gpu1/tasks/libero_object/task_007/trajectories/trial_017.npz
libero_object,7,18,False,480,270.2663543620147,0,0,True,/mnt/project_eai_hs/zrm2/eval_isolated/dreamzero_feedback_a051933_kp00486968_20260727/runs/formal_libero40_fbfm_kp00486968_20_a051933/shards/gpu1/tasks/libero_object/task_007/trajectories/trial_018.npz
libero_object,7,19,False,480,267.0117312769871,0,0,True,/mnt/project_eai_hs/zrm2/eval_isolated/dreamzero_feedback_a051933_kp00486968_20260727/runs/formal_libero40_fbfm_kp00486968_20_a051933/shards/gpu1/tasks/libero_object/task_007/trajectories/trial_019.npz
libero_object,8,0,True,289,163.22465971997008,0,0,True,/mnt/project_eai_hs/zrm2/eval_isolated/dreamzero_feedback_a051933_kp00486968_20260727/runs/formal_libero40_fbfm_kp00486968_20_a051933/shards/gpu2/tasks/libero_object/task_008/trajectories/trial_000.npz
libero_object,8,1,False,480,269.83829871797934,0,0,True,/mnt/project_eai_hs/zrm2/eval_isolated/dreamzero_feedback_a051933_kp00486968_20260727/runs/formal_libero40_fbfm_kp00486968_20_a051933/shards/gpu2/tasks/libero_object/task_008/trajectories/trial_001.npz
libero_object,8,2,True,258,143.07720901095308,0,0,True,/mnt/project_eai_hs/zrm2/eval_isolated/dreamzero_feedback_a051933_kp00486968_20260727/runs/formal_libero40_fbfm_kp00486968_20_a051933/shards/gpu2/tasks/libero_object/task_008/trajectories/trial_002.npz
libero_object,8,3,True,165,94.74279214208946,0,0,True,/mnt/project_eai_hs/zrm2/eval_isolated/dreamzero_feedback_a051933_kp00486968_20260727/runs/formal_libero40_fbfm_kp00486968_20_a051933/shards/gpu2/tasks/libero_object/task_008/trajectories/trial_003.npz
libero_object,8,4,True,399,225.39792654896155,0,0,True,/mnt/project_eai_hs/zrm2/eval_isolated/dreamzero_feedback_a051933_kp00486968_20260727/runs/formal_libero40_fbfm_kp00486968_20_a051933/shards/gpu2/tasks/libero_object/task_008/trajectories/trial_004.npz
libero_object,8,5,True,205,116.05668618204072,0,0,True,/mnt/project_eai_hs/zrm2/eval_isolated/dreamzero_feedback_a051933_kp00486968_20260727/runs/formal_libero40_fbfm_kp00486968_20_a051933/shards/gpu2/tasks/libero_object/task_008/trajectories/trial_005.npz
libero_object,8,6,True,157,90.76096023700666,0,0,True,/mnt/project_eai_hs/zrm2/eval_isolated/dreamzero_feedback_a051933_kp00486968_20260727/runs/formal_libero40_fbfm_kp00486968_20_a051933/shards/gpu2/tasks/libero_object/task_008/trajectories/trial_006.npz
libero_object,8,7,True,216,122.03359392506536,0,0,True,/mnt/project_eai_hs/zrm2/eval_isolated/dreamzero_feedback_a051933_kp00486968_20260727/runs/formal_libero40_fbfm_kp00486968_20_a051933/shards/gpu2/tasks/libero_object/task_008/trajectories/trial_007.npz
libero_object,8,8,False,480,265.45597729703877,0,0,True,/mnt/project_eai_hs/zrm2/eval_isolated/dreamzero_feedback_a051933_kp00486968_20260727/runs/formal_libero40_fbfm_kp00486968_20_a051933/shards/gpu2/tasks/libero_object/task_008/trajectories/trial_008.npz
libero_object,8,9,False,480,267.20056801592,0,0,True,/mnt/project_eai_hs/zrm2/eval_isolated/dreamzero_feedback_a051933_kp00486968_20260727/runs/formal_libero40_fbfm_kp00486968_20_a051933/shards/gpu2/tasks/libero_object/task_008/trajectories/trial_009.npz
libero_object,8,10,True,219,123.4921256400412,0,0,True,/mnt/project_eai_hs/zrm2/eval_isolated/dreamzero_feedback_a051933_kp00486968_20260727/runs/formal_libero40_fbfm_kp00486968_20_a051933/shards/gpu2/tasks/libero_object/task_008/trajectories/trial_010.npz
libero_object,8,11,True,217,124.40609034604859,0,0,True,/mnt/project_eai_hs/zrm2/eval_isolated/dreamzero_feedback_a051933_kp00486968_20260727/runs/formal_libero40_fbfm_kp00486968_20_a051933/shards/gpu2/tasks/libero_object/task_008/trajectories/trial_011.npz
libero_object,8,12,False,480,271.9894579820102,0,0,True,/mnt/project_eai_hs/zrm2/eval_isolated/dreamzero_feedback_a051933_kp00486968_20260727/runs/formal_libero40_fbfm_kp00486968_20_a051933/shards/gpu2/tasks/libero_object/task_008/trajectories/trial_012.npz
libero_object,8,13,True,242,138.04177578806411,0,0,True,/mnt/project_eai_hs/zrm2/eval_isolated/dreamzero_feedback_a051933_kp00486968_20260727/runs/formal_libero40_fbfm_kp00486968_20_a051933/shards/gpu2/tasks/libero_object/task_008/trajectories/trial_013.npz
libero_object,8,14,True,316,177.98677032394335,0,0,True,/mnt/project_eai_hs/zrm2/eval_isolated/dreamzero_feedback_a051933_kp00486968_20260727/runs/formal_libero40_fbfm_kp00486968_20_a051933/shards/gpu2/tasks/libero_object/task_008/trajectories/trial_014.npz
libero_object,8,15,True,224,127.6843355470337,0,0,True,/mnt/project_eai_hs/zrm2/eval_isolated/dreamzero_feedback_a051933_kp00486968_20260727/runs/formal_libero40_fbfm_kp00486968_20_a051933/shards/gpu2/tasks/libero_object/task_008/trajectories/trial_015.npz
libero_object,8,16,True,217,124.71858716593124,0,0,True,/mnt/project_eai_hs/zrm2/eval_isolated/dreamzero_feedback_a051933_kp00486968_20260727/runs/formal_libero40_fbfm_kp00486968_20_a051933/shards/gpu2/tasks/libero_object/task_008/trajectories/trial_016.npz
libero_object,8,17,True,191,108.82201794104185,0,0,True,/mnt/project_eai_hs/zrm2/eval_isolated/dreamzero_feedback_a051933_kp00486968_20260727/runs/formal_libero40_fbfm_kp00486968_20_a051933/shards/gpu2/tasks/libero_object/task_008/trajectories/trial_017.npz
libero_object,8,18,True,155,90.04722350102384,0,0,True,/mnt/project_eai_hs/zrm2/eval_isolated/dreamzero_feedback_a051933_kp00486968_20260727/runs/formal_libero40_fbfm_kp00486968_20_a051933/shards/gpu2/tasks/libero_object/task_008/trajectories/trial_018.npz
libero_object,8,19,True,164,93.73794695804827,0,0,True,/mnt/project_eai_hs/zrm2/eval_isolated/dreamzero_feedback_a051933_kp00486968_20260727/runs/formal_libero40_fbfm_kp00486968_20_a051933/shards/gpu2/tasks/libero_object/task_008/trajectories/trial_019.npz
libero_object,9,0,True,131,75.65282209496945,0,0,True,/mnt/project_eai_hs/zrm2/eval_isolated/dreamzero_feedback_a051933_kp00486968_20260727/runs/formal_libero40_fbfm_kp00486968_20_a051933/shards/gpu3/tasks/libero_object/task_009/trajectories/trial_000.npz
libero_object,9,1,True,192,110.25688621297013,0,0,True,/mnt/project_eai_hs/zrm2/eval_isolated/dreamzero_feedback_a051933_kp00486968_20260727/runs/formal_libero40_fbfm_kp00486968_20_a051933/shards/gpu3/tasks/libero_object/task_009/trajectories/trial_001.npz
libero_object,9,2,True,134,78.50252290209755,0,0,True,/mnt/project_eai_hs/zrm2/eval_isolated/dreamzero_feedback_a051933_kp00486968_20260727/runs/formal_libero40_fbfm_kp00486968_20_a051933/shards/gpu3/tasks/libero_object/task_009/trajectories/trial_002.npz
libero_object,9,3,True,186,108.62194413598627,0,0,True,/mnt/project_eai_hs/zrm2/eval_isolated/dreamzero_feedback_a051933_kp00486968_20260727/runs/formal_libero40_fbfm_kp00486968_20_a051933/shards/gpu3/tasks/libero_object/task_009/trajectories/trial_003.npz
libero_object,9,4,True,147,82.26439541508444,0,0,True,/mnt/project_eai_hs/zrm2/eval_isolated/dreamzero_feedback_a051933_kp00486968_20260727/runs/formal_libero40_fbfm_kp00486968_20_a051933/shards/gpu3/tasks/libero_object/task_009/trajectories/trial_004.npz
libero_object,9,5,True,126,73.85125207004603,0,0,True,/mnt/project_eai_hs/zrm2/eval_isolated/dreamzero_feedback_a051933_kp00486968_20260727/runs/formal_libero40_fbfm_kp00486968_20_a051933/shards/gpu3/tasks/libero_object/task_009/trajectories/trial_005.npz
libero_object,9,6,True,139,82.93234780209605,0,0,True,/mnt/project_eai_hs/zrm2/eval_isolated/dreamzero_feedback_a051933_kp00486968_20260727/runs/formal_libero40_fbfm_kp00486968_20_a051933/shards/gpu3/tasks/libero_object/task_009/trajectories/trial_006.npz
libero_object,9,7,True,142,81.51649695599917,0,0,True,/mnt/project_eai_hs/zrm2/eval_isolated/dreamzero_feedback_a051933_kp00486968_20260727/runs/formal_libero40_fbfm_kp00486968_20_a051933/shards/gpu3/tasks/libero_object/task_009/trajectories/trial_007.npz
libero_object,9,8,True,128,73.99620544200297,0,0,True,/mnt/project_eai_hs/zrm2/eval_isolated/dreamzero_feedback_a051933_kp00486968_20260727/runs/formal_libero40_fbfm_kp00486968_20_a051933/shards/gpu3/tasks/libero_object/task_009/trajectories/trial_008.npz
libero_object,9,9,False,480,262.43783495307434,0,0,True,/mnt/project_eai_hs/zrm2/eval_isolated/dreamzero_feedback_a051933_kp00486968_20260727/runs/formal_libero40_fbfm_kp00486968_20_a051933/shards/gpu3/tasks/libero_object/task_009/trajectories/trial_009.npz
libero_object,9,10,True,126,71.95976757002063,0,0,True,/mnt/project_eai_hs/zrm2/eval_isolated/dreamzero_feedback_a051933_kp00486968_20260727/runs/formal_libero40_fbfm_kp00486968_20_a051933/shards/gpu3/tasks/libero_object/task_009/trajectories/trial_010.npz
libero_object,9,11,True,179,103.257116825087,0,0,True,/mnt/project_eai_hs/zrm2/eval_isolated/dreamzero_feedback_a051933_kp00486968_20260727/runs/formal_libero40_fbfm_kp00486968_20_a051933/shards/gpu3/tasks/libero_object/task_009/trajectories/trial_011.npz
libero_object,9,12,True,143,84.1566100330092,0,0,True,/mnt/project_eai_hs/zrm2/eval_isolated/dreamzero_feedback_a051933_kp00486968_20260727/runs/formal_libero40_fbfm_kp00486968_20_a051933/shards/gpu3/tasks/libero_object/task_009/trajectories/trial_012.npz
libero_object,9,13,True,192,108.68883785407525,0,0,True,/mnt/project_eai_hs/zrm2/eval_isolated/dreamzero_feedback_a051933_kp00486968_20260727/runs/formal_libero40_fbfm_kp00486968_20_a051933/shards/gpu3/tasks/libero_object/task_009/trajectories/trial_013.npz
libero_object,9,14,True,143,81.39030011894647,0,0,True,/mnt/project_eai_hs/zrm2/eval_isolated/dreamzero_feedback_a051933_kp00486968_20260727/runs/formal_libero40_fbfm_kp00486968_20_a051933/shards/gpu3/tasks/libero_object/task_009/trajectories/trial_014.npz
libero_object,9,15,True,127,71.09715621697251,0,0,True,/mnt/project_eai_hs/zrm2/eval_isolated/dreamzero_feedback_a051933_kp00486968_20260727/runs/formal_libero40_fbfm_kp00486968_20_a051933/shards/gpu3/tasks/libero_object/task_009/trajectories/trial_015.npz
libero_object,9,16,True,204,117.81527914304752,0,0,True,/mnt/project_eai_hs/zrm2/eval_isolated/dreamzero_feedback_a051933_kp00486968_20260727/runs/formal_libero40_fbfm_kp00486968_20_a051933/shards/gpu3/tasks/libero_object/task_009/trajectories/trial_016.npz
libero_object,9,17,True,131,75.63201681897044,0,0,True,/mnt/project_eai_hs/zrm2/eval_isolated/dreamzero_feedback_a051933_kp00486968_20260727/runs/formal_libero40_fbfm_kp00486968_20_a051933/shards/gpu3/tasks/libero_object/task_009/trajectories/trial_017.npz
libero_object,9,18,True,133,76.90480408398435,0,0,True,/mnt/project_eai_hs/zrm2/eval_isolated/dreamzero_feedback_a051933_kp00486968_20260727/runs/formal_libero40_fbfm_kp00486968_20_a051933/shards/gpu3/tasks/libero_object/task_009/trajectories/trial_018.npz
libero_object,9,19,True,130,74.9194720670348,0,0,True,/mnt/project_eai_hs/zrm2/eval_isolated/dreamzero_feedback_a051933_kp00486968_20260727/runs/formal_libero40_fbfm_kp00486968_20_a051933/shards/gpu3/tasks/libero_object/task_009/trajectories/trial_019.npz
libero_goal,0,0,True,128,77.04353962303139,0,0,True,/mnt/project_eai_hs/zrm2/eval_isolated/dreamzero_feedback_a051933_kp00486968_20260727/runs/formal_libero40_fbfm_kp00486968_20_a051933/shards/gpu4/tasks/libero_goal/task_000/trajectories/trial_000.npz
libero_goal,0,1,True,121,71.70939258800354,0,0,True,/mnt/project_eai_hs/zrm2/eval_isolated/dreamzero_feedback_a051933_kp00486968_20260727/runs/formal_libero40_fbfm_kp00486968_20_a051933/shards/gpu4/tasks/libero_goal/task_000/trajectories/trial_001.npz
libero_goal,0,2,False,480,281.3473441869719,0,0,True,/mnt/project_eai_hs/zrm2/eval_isolated/dreamzero_feedback_a051933_kp00486968_20260727/runs/formal_libero40_fbfm_kp00486968_20_a051933/shards/gpu4/tasks/libero_goal/task_000/trajectories/trial_002.npz
libero_goal,0,3,True,183,107.74212440708652,0,0,True,/mnt/project_eai_hs/zrm2/eval_isolated/dreamzero_feedback_a051933_kp00486968_20260727/runs/formal_libero40_fbfm_kp00486968_20_a051933/shards/gpu4/tasks/libero_goal/task_000/trajectories/trial_003.npz
libero_goal,0,4,True,138,83.34652896807529,0,0,True,/mnt/project_eai_hs/zrm2/eval_isolated/dreamzero_feedback_a051933_kp00486968_20260727/runs/formal_libero40_fbfm_kp00486968_20_a051933/shards/gpu4/tasks/libero_goal/task_000/trajectories/trial_004.npz
libero_goal,0,5,True,138,81.22802178596612,0,0,True,/mnt/project_eai_hs/zrm2/eval_isolated/dreamzero_feedback_a051933_kp00486968_20260727/runs/formal_libero40_fbfm_kp00486968_20_a051933/shards/gpu4/tasks/libero_goal/task_000/trajectories/trial_005.npz
libero_goal,0,6,True,143,86.10367452399805,0,0,True,/mnt/project_eai_hs/zrm2/eval_isolated/dreamzero_feedback_a051933_kp00486968_20260727/runs/formal_libero40_fbfm_kp00486968_20_a051933/shards/gpu4/tasks/libero_goal/task_000/trajectories/trial_006.npz
libero_goal,0,7,True,125,75.08532060997095,0,0,True,/mnt/project_eai_hs/zrm2/eval_isolated/dreamzero_feedback_a051933_kp00486968_20260727/runs/formal_libero40_fbfm_kp00486968_20_a051933/shards/gpu4/tasks/libero_goal/task_000/trajectories/trial_007.npz
libero_goal,0,8,True,126,74.95017318299506,0,0,True,/mnt/project_eai_hs/zrm2/eval_isolated/dreamzero_feedback_a051933_kp00486968_20260727/runs/formal_libero40_fbfm_kp00486968_20_a051933/shards/gpu4/tasks/libero_goal/task_000/trajectories/trial_008.npz
libero_goal,0,9,True,128,77.48906898801215,0,0,True,/mnt/project_eai_hs/zrm2/eval_isolated/dreamzero_feedback_a051933_kp00486968_20260727/runs/formal_libero40_fbfm_kp00486968_20_a051933/shards/gpu4/tasks/libero_goal/task_000/trajectories/trial_009.npz
libero_goal,0,10,True,138,81.5273244229611,0,0,True,/mnt/project_eai_hs/zrm2/eval_isolated/dreamzero_feedback_a051933_kp00486968_20260727/runs/formal_libero40_fbfm_kp00486968_20_a051933/shards/gpu4/tasks/libero_goal/task_000/trajectories/trial_010.npz
libero_goal,0,11,True,146,85.76866205502301,0,0,True,/mnt/project_eai_hs/zrm2/eval_isolated/dreamzero_feedback_a051933_kp00486968_20260727/runs/formal_libero40_fbfm_kp00486968_20_a051933/shards/gpu4/tasks/libero_goal/task_000/trajectories/trial_011.npz
libero_goal,0,12,False,480,274.8565920550609,0,0,True,/mnt/project_eai_hs/zrm2/eval_isolated/dreamzero_feedback_a051933_kp00486968_20260727/runs/formal_libero40_fbfm_kp00486968_20_a051933/shards/gpu4/tasks/libero_goal/task_000/trajectories/trial_012.npz
libero_goal,0,13,False,480,271.1332643550122,0,0,True,/mnt/project_eai_hs/zrm2/eval_isolated/dreamzero_feedback_a051933_kp00486968_20260727/runs/formal_libero40_fbfm_kp00486968_20_a051933/shards/gpu4/tasks/libero_goal/task_000/trajectories/trial_013.npz
libero_goal,0,14,True,124,72.67572668194771,0,0,True,/mnt/project_eai_hs/zrm2/eval_isolated/dreamzero_feedback_a051933_kp00486968_20260727/runs/formal_libero40_fbfm_kp00486968_20_a051933/shards/gpu4/tasks/libero_goal/task_000/trajectories/trial_014.npz
libero_goal,0,15,True,142,83.1306511509465,0,0,True,/mnt/project_eai_hs/zrm2/eval_isolated/dreamzero_feedback_a051933_kp00486968_20260727/runs/formal_libero40_fbfm_kp00486968_20_a051933/shards/gpu4/tasks/libero_goal/task_000/trajectories/trial_015.npz
libero_goal,0,16,True,137,79.69561419507954,0,0,True,/mnt/project_eai_hs/zrm2/eval_isolated/dreamzero_feedback_a051933_kp00486968_20260727/runs/formal_libero40_fbfm_kp00486968_20_a051933/shards/gpu4/tasks/libero_goal/task_000/trajectories/trial_016.npz
libero_goal,0,17,True,124,72.98383709299378,0,0,True,/mnt/project_eai_hs/zrm2/eval_isolated/dreamzero_feedback_a051933_kp00486968_20260727/runs/formal_libero40_fbfm_kp00486968_20_a051933/shards/gpu4/tasks/libero_goal/task_000/trajectories/trial_017.npz
libero_goal,0,18,True,139,79.95789840701036,0,0,True,/mnt/project_eai_hs/zrm2/eval_isolated/dreamzero_feedback_a051933_kp00486968_20260727/runs/formal_libero40_fbfm_kp00486968_20_a051933/shards/gpu4/tasks/libero_goal/task_000/trajectories/trial_018.npz
libero_goal,0,19,True,131,75.48874960001558,0,0,True,/mnt/project_eai_hs/zrm2/eval_isolated/dreamzero_feedback_a051933_kp00486968_20260727/runs/formal_libero40_fbfm_kp00486968_20_a051933/shards/gpu4/tasks/libero_goal/task_000/trajectories/trial_019.npz
libero_goal,1,0,True,92,54.86628329800442,0,0,True,/mnt/project_eai_hs/zrm2/eval_isolated/dreamzero_feedback_a051933_kp00486968_20260727/runs/formal_libero40_fbfm_kp00486968_20_a051933/shards/gpu5/tasks/libero_goal/task_001/trajectories/trial_000.npz
libero_goal,1,1,True,103,60.42116619506851,0,0,True,/mnt/project_eai_hs/zrm2/eval_isolated/dreamzero_feedback_a051933_kp00486968_20260727/runs/formal_libero40_fbfm_kp00486968_20_a051933/shards/gpu5/tasks/libero_goal/task_001/trajectories/trial_001.npz
libero_goal,1,2,True,114,67.7134232519893,0,0,True,/mnt/project_eai_hs/zrm2/eval_isolated/dreamzero_feedback_a051933_kp00486968_20260727/runs/formal_libero40_fbfm_kp00486968_20_a051933/shards/gpu5/tasks/libero_goal/task_001/trajectories/trial_002.npz
libero_goal,1,3,True,95,56.14022953005042,0,0,True,/mnt/project_eai_hs/zrm2/eval_isolated/dreamzero_feedback_a051933_kp00486968_20260727/runs/formal_libero40_fbfm_kp00486968_20_a051933/shards/gpu5/tasks/libero_goal/task_001/trajectories/trial_003.npz
libero_goal,1,4,True,94,57.51266943104565,0,0,True,/mnt/project_eai_hs/zrm2/eval_isolated/dreamzero_feedback_a051933_kp00486968_20260727/runs/formal_libero40_fbfm_kp00486968_20_a051933/shards/gpu5/tasks/libero_goal/task_001/trajectories/trial_004.npz
libero_goal,1,5,True,90,51.99881049594842,0,0,True,/mnt/project_eai_hs/zrm2/eval_isolated/dreamzero_feedback_a051933_kp00486968_20260727/runs/formal_libero40_fbfm_kp00486968_20_a051933/shards/gpu5/tasks/libero_goal/task_001/trajectories/trial_005.npz
libero_goal,1,6,True,98,56.88787728105672,0,0,True,/mnt/project_eai_hs/zrm2/eval_isolated/dreamzero_feedback_a051933_kp00486968_20260727/runs/formal_libero40_fbfm_kp00486968_20_a051933/shards/gpu5/tasks/libero_goal/task_001/trajectories/trial_006.npz
libero_goal,1,7,True,95,57.75638727901969,0,0,True,/mnt/project_eai_hs/zrm2/eval_isolated/dreamzero_feedback_a051933_kp00486968_20260727/runs/formal_libero40_fbfm_kp00486968_20_a051933/shards/gpu5/tasks/libero_goal/task_001/trajectories/trial_007.npz
libero_goal,1,8,True,107,61.81995066301897,0,0,True,/mnt/project_eai_hs/zrm2/eval_isolated/dreamzero_feedback_a051933_kp00486968_20260727/runs/formal_libero40_fbfm_kp00486968_20_a051933/shards/gpu5/tasks/libero_goal/task_001/trajectories/trial_008.npz
libero_goal,1,9,True,92,54.651472190977074,0,0,True,/mnt/project_eai_hs/zrm2/eval_isolated/dreamzero_feedback_a051933_kp00486968_20260727/runs/formal_libero40_fbfm_kp00486968_20_a051933/shards/gpu5/tasks/libero_goal/task_001/trajectories/trial_009.npz
libero_goal,1,10,True,101,58.62542456004303,0,0,True,/mnt/project_eai_hs/zrm2/eval_isolated/dreamzero_feedback_a051933_kp00486968_20260727/runs/formal_libero40_fbfm_kp00486968_20_a051933/shards/gpu5/tasks/libero_goal/task_001/trajectories/trial_010.npz
libero_goal,1,11,True,108,64.16114677593578,0,0,True,/mnt/project_eai_hs/zrm2/eval_isolated/dreamzero_feedback_a051933_kp00486968_20260727/runs/formal_libero40_fbfm_kp00486968_20_a051933/shards/gpu5/tasks/libero_goal/task_001/trajectories/trial_011.npz
libero_goal,1,12,True,92,54.622523842030205,0,0,True,/mnt/project_eai_hs/zrm2/eval_isolated/dreamzero_feedback_a051933_kp00486968_20260727/runs/formal_libero40_fbfm_kp00486968_20_a051933/shards/gpu5/tasks/libero_goal/task_001/trajectories/trial_012.npz
libero_goal,1,13,True,106,62.082871684920974,0,0,True,/mnt/project_eai_hs/zrm2/eval_isolated/dreamzero_feedback_a051933_kp00486968_20260727/runs/formal_libero40_fbfm_kp00486968_20_a051933/shards/gpu5/tasks/libero_goal/task_001/trajectories/trial_013.npz
libero_goal,1,14,True,90,52.67369340301957,0,0,True,/mnt/project_eai_hs/zrm2/eval_isolated/dreamzero_feedback_a051933_kp00486968_20260727/runs/formal_libero40_fbfm_kp00486968_20_a051933/shards/gpu5/tasks/libero_goal/task_001/trajectories/trial_014.npz
libero_goal,1,15,True,105,59.658773926086724,0,0,True,/mnt/project_eai_hs/zrm2/eval_isolated/dreamzero_feedback_a051933_kp00486968_20260727/runs/formal_libero40_fbfm_kp00486968_20_a051933/shards/gpu5/tasks/libero_goal/task_001/trajectories/trial_015.npz
libero_goal,1,16,True,92,53.901796321966685,0,0,True,/mnt/project_eai_hs/zrm2/eval_isolated/dreamzero_feedback_a051933_kp00486968_20260727/runs/formal_libero40_fbfm_kp00486968_20_a051933/shards/gpu5/tasks/libero_goal/task_001/trajectories/trial_016.npz
libero_goal,1,17,True,95,53.083369666012004,0,0,True,/mnt/project_eai_hs/zrm2/eval_isolated/dreamzero_feedback_a051933_kp00486968_20260727/runs/formal_libero40_fbfm_kp00486968_20_a051933/shards/gpu5/tasks/libero_goal/task_001/trajectories/trial_017.npz
libero_goal,1,18,True,107,60.22221606899984,0,0,True,/mnt/project_eai_hs/zrm2/eval_isolated/dreamzero_feedback_a051933_kp00486968_20260727/runs/formal_libero40_fbfm_kp00486968_20_a051933/shards/gpu5/tasks/libero_goal/task_001/trajectories/trial_018.npz
libero_goal,1,19,True,99,57.51754038804211,0,0,True,/mnt/project_eai_hs/zrm2/eval_isolated/dreamzero_feedback_a051933_kp00486968_20260727/runs/formal_libero40_fbfm_kp00486968_20_a051933/shards/gpu5/tasks/libero_goal/task_001/trajectories/trial_019.npz
libero_goal,2,0,True,181,106.86887568898965,0,0,True,/mnt/project_eai_hs/zrm2/eval_isolated/dreamzero_feedback_a051933_kp00486968_20260727/runs/formal_libero40_fbfm_kp00486968_20_a051933/shards/gpu6/tasks/libero_goal/task_002/trajectories/trial_000.npz
libero_goal,2,1,True,92,54.71745206497144,0,0,True,/mnt/project_eai_hs/zrm2/eval_isolated/dreamzero_feedback_a051933_kp00486968_20260727/runs/formal_libero40_fbfm_kp00486968_20_a051933/shards/gpu6/tasks/libero_goal/task_002/trajectories/trial_001.npz
libero_goal,2,2,True,102,61.68638396298047,0,0,True,/mnt/project_eai_hs/zrm2/eval_isolated/dreamzero_feedback_a051933_kp00486968_20260727/runs/formal_libero40_fbfm_kp00486968_20_a051933/shards/gpu6/tasks/libero_goal/task_002/trajectories/trial_002.npz
libero_goal,2,3,True,99,59.21922617289238,0,0,True,/mnt/project_eai_hs/zrm2/eval_isolated/dreamzero_feedback_a051933_kp00486968_20260727/runs/formal_libero40_fbfm_kp00486968_20_a051933/shards/gpu6/tasks/libero_goal/task_002/trajectories/trial_003.npz
libero_goal,2,4,True,91,55.22182316402905,0,0,True,/mnt/project_eai_hs/zrm2/eval_isolated/dreamzero_feedback_a051933_kp00486968_20260727/runs/formal_libero40_fbfm_kp00486968_20_a051933/shards/gpu6/tasks/libero_goal/task_002/trajectories/trial_004.npz
libero_goal,2,5,True,98,58.22400586795993,0,0,True,/mnt/project_eai_hs/zrm2/eval_isolated/dreamzero_feedback_a051933_kp00486968_20260727/runs/formal_libero40_fbfm_kp00486968_20_a051933/shards/gpu6/tasks/libero_goal/task_002/trajectories/trial_005.npz
libero_goal,2,6,True,94,56.6741417319281,0,0,True,/mnt/project_eai_hs/zrm2/eval_isolated/dreamzero_feedback_a051933_kp00486968_20260727/runs/formal_libero40_fbfm_kp00486968_20_a051933/shards/gpu6/tasks/libero_goal/task_002/trajectories/trial_006.npz
libero_goal,2,7,True,92,56.52954033797141,0,0,True,/mnt/project_eai_hs/zrm2/eval_isolated/dreamzero_feedback_a051933_kp00486968_20260727/runs/formal_libero40_fbfm_kp00486968_20_a051933/shards/gpu6/tasks/libero_goal/task_002/trajectories/trial_007.npz
libero_goal,2,8,True,98,60.936323466012254,0,0,True,/mnt/project_eai_hs/zrm2/eval_isolated/dreamzero_feedback_a051933_kp00486968_20260727/runs/formal_libero40_fbfm_kp00486968_20_a051933/shards/gpu6/tasks/libero_goal/task_002/trajectories/trial_008.npz
libero_goal,2,9,True,97,58.21604367904365,0,0,True,/mnt/project_eai_hs/zrm2/eval_isolated/dreamzero_feedback_a051933_kp00486968_20260727/runs/formal_libero40_fbfm_kp00486968_20_a051933/shards/gpu6/tasks/libero_goal/task_002/trajectories/trial_009.npz
libero_goal,2,10,True,96,60.967607632046565,0,0,True,/mnt/project_eai_hs/zrm2/eval_isolated/dreamzero_feedback_a051933_kp00486968_20260727/runs/formal_libero40_fbfm_kp00486968_20_a051933/shards/gpu6/tasks/libero_goal/task_002/trajectories/trial_010.npz
libero_goal,2,11,True,119,70.52554378006607,0,0,True,/mnt/project_eai_hs/zrm2/eval_isolated/dreamzero_feedback_a051933_kp00486968_20260727/runs/formal_libero40_fbfm_kp00486968_20_a051933/shards/gpu6/tasks/libero_goal/task_002/trajectories/trial_011.npz
libero_goal,2,12,True,99,58.61571092705708,0,0,True,/mnt/project_eai_hs/zrm2/eval_isolated/dreamzero_feedback_a051933_kp00486968_20260727/runs/formal_libero40_fbfm_kp00486968_20_a051933/shards/gpu6/tasks/libero_goal/task_002/trajectories/trial_012.npz
libero_goal,2,13,False,480,276.0725080400007,0,0,True,/mnt/project_eai_hs/zrm2/eval_isolated/dreamzero_feedback_a051933_kp00486968_20260727/runs/formal_libero40_fbfm_kp00486968_20_a051933/shards/gpu6/tasks/libero_goal/task_002/trajectories/trial_013.npz
libero_goal,2,14,True,88,53.41154215903953,0,0,True,/mnt/project_eai_hs/zrm2/eval_isolated/dreamzero_feedback_a051933_kp00486968_20260727/runs/formal_libero40_fbfm_kp00486968_20_a051933/shards/gpu6/tasks/libero_goal/task_002/trajectories/trial_014.npz
libero_goal,2,15,True,90,53.29893626202829,0,0,True,/mnt/project_eai_hs/zrm2/eval_isolated/dreamzero_feedback_a051933_kp00486968_20260727/runs/formal_libero40_fbfm_kp00486968_20_a051933/shards/gpu6/tasks/libero_goal/task_002/trajectories/trial_015.npz
libero_goal,2,16,True,91,55.03409199498128,0,0,True,/mnt/project_eai_hs/zrm2/eval_isolated/dreamzero_feedback_a051933_kp00486968_20260727/runs/formal_libero40_fbfm_kp00486968_20_a051933/shards/gpu6/tasks/libero_goal/task_002/trajectories/trial_016.npz
libero_goal,2,17,True,98,58.344202740932815,0,0,True,/mnt/project_eai_hs/zrm2/eval_isolated/dreamzero_feedback_a051933_kp00486968_20260727/runs/formal_libero40_fbfm_kp00486968_20_a051933/shards/gpu6/tasks/libero_goal/task_002/trajectories/trial_017.npz
libero_goal,2,18,False,480,281.48949143104255,0,0,True,/mnt/project_eai_hs/zrm2/eval_isolated/dreamzero_feedback_a051933_kp00486968_20260727/runs/formal_libero40_fbfm_kp00486968_20_a051933/shards/gpu6/tasks/libero_goal/task_002/trajectories/trial_018.npz
libero_goal,2,19,True,95,58.01505745598115,0,0,True,/mnt/project_eai_hs/zrm2/eval_isolated/dreamzero_feedback_a051933_kp00486968_20260727/runs/formal_libero40_fbfm_kp00486968_20_a051933/shards/gpu6/tasks/libero_goal/task_002/trajectories/trial_019.npz
libero_goal,3,0,False,480,270.25995551701635,0,0,True,/mnt/project_eai_hs/zrm2/eval_isolated/dreamzero_feedback_a051933_kp00486968_20260727/runs/formal_libero40_fbfm_kp00486968_20_a051933/shards/gpu7/tasks/libero_goal/task_003/trajectories/trial_000.npz
libero_goal,3,1,False,480,270.9102556130383,0,0,True,/mnt/project_eai_hs/zrm2/eval_isolated/dreamzero_feedback_a051933_kp00486968_20260727/runs/formal_libero40_fbfm_kp00486968_20_a051933/shards/gpu7/tasks/libero_goal/task_003/trajectories/trial_001.npz
libero_goal,3,2,True,222,127.46894404001068,0,0,True,/mnt/project_eai_hs/zrm2/eval_isolated/dreamzero_feedback_a051933_kp00486968_20260727/runs/formal_libero40_fbfm_kp00486968_20_a051933/shards/gpu7/tasks/libero_goal/task_003/trajectories/trial_002.npz
libero_goal,3,3,True,223,129.31295695598237,0,0,True,/mnt/project_eai_hs/zrm2/eval_isolated/dreamzero_feedback_a051933_kp00486968_20260727/runs/formal_libero40_fbfm_kp00486968_20_a051933/shards/gpu7/tasks/libero_goal/task_003/trajectories/trial_003.npz
libero_goal,3,4,False,480,275.08342198003083,0,0,True,/mnt/project_eai_hs/zrm2/eval_isolated/dreamzero_feedback_a051933_kp00486968_20260727/runs/formal_libero40_fbfm_kp00486968_20_a051933/shards/gpu7/tasks/libero_goal/task_003/trajectories/trial_004.npz
libero_goal,3,5,False,480,274.58519903197885,0,0,True,/mnt/project_eai_hs/zrm2/eval_isolated/dreamzero_feedback_a051933_kp00486968_20260727/runs/formal_libero40_fbfm_kp00486968_20_a051933/shards/gpu7/tasks/libero_goal/task_003/trajectories/trial_005.npz
libero_goal,3,6,False,480,279.4461377830012,0,0,True,/mnt/project_eai_hs/zrm2/eval_isolated/dreamzero_feedback_a051933_kp00486968_20260727/runs/formal_libero40_fbfm_kp00486968_20_a051933/shards/gpu7/tasks/libero_goal/task_003/trajectories/trial_006.npz
libero_goal,3,7,True,225,129.38970486202743,0,0,True,/mnt/project_eai_hs/zrm2/eval_isolated/dreamzero_feedback_a051933_kp00486968_20260727/runs/formal_libero40_fbfm_kp00486968_20_a051933/shards/gpu7/tasks/libero_goal/task_003/trajectories/trial_007.npz
libero_goal,3,8,True,221,127.74114259600174,0,0,True,/mnt/project_eai_hs/zrm2/eval_isolated/dreamzero_feedback_a051933_kp00486968_20260727/runs/formal_libero40_fbfm_kp00486968_20_a051933/shards/gpu7/tasks/libero_goal/task_003/trajectories/trial_008.npz
libero_goal,3,9,False,480,275.67027881601825,0,0,True,/mnt/project_eai_hs/zrm2/eval_isolated/dreamzero_feedback_a051933_kp00486968_20260727/runs/formal_libero40_fbfm_kp00486968_20_a051933/shards/gpu7/tasks/libero_goal/task_003/trajectories/trial_009.npz
libero_goal,3,10,False,480,273.2286163599929,0,0,True,/mnt/project_eai_hs/zrm2/eval_isolated/dreamzero_feedback_a051933_kp00486968_20260727/runs/formal_libero40_fbfm_kp00486968_20_a051933/shards/gpu7/tasks/libero_goal/task_003/trajectories/trial_010.npz
libero_goal,3,11,False,480,271.36535253503826,0,0,True,/mnt/project_eai_hs/zrm2/eval_isolated/dreamzero_feedback_a051933_kp00486968_20260727/runs/formal_libero40_fbfm_kp00486968_20_a051933/shards/gpu7/tasks/libero_goal/task_003/trajectories/trial_011.npz
libero_goal,3,12,False,480,275.7111828170018,0,0,True,/mnt/project_eai_hs/zrm2/eval_isolated/dreamzero_feedback_a051933_kp00486968_20260727/runs/formal_libero40_fbfm_kp00486968_20_a051933/shards/gpu7/tasks/libero_goal/task_003/trajectories/trial_012.npz
libero_goal,3,13,True,222,127.18355226691347,0,0,True,/mnt/project_eai_hs/zrm2/eval_isolated/dreamzero_feedback_a051933_kp00486968_20260727/runs/formal_libero40_fbfm_kp00486968_20_a051933/shards/gpu7/tasks/libero_goal/task_003/trajectories/trial_013.npz
libero_goal,3,14,False,480,272.4350347269792,0,0,True,/mnt/project_eai_hs/zrm2/eval_isolated/dreamzero_feedback_a051933_kp00486968_20260727/runs/formal_libero40_fbfm_kp00486968_20_a051933/shards/gpu7/tasks/libero_goal/task_003/trajectories/trial_014.npz
libero_goal,3,15,True,225,131.936542927986,0,0,True,/mnt/project_eai_hs/zrm2/eval_isolated/dreamzero_feedback_a051933_kp00486968_20260727/runs/formal_libero40_fbfm_kp00486968_20_a051933/shards/gpu7/tasks/libero_goal/task_003/trajectories/trial_015.npz
libero_goal,3,16,True,220,128.753647031961,0,0,True,/mnt/project_eai_hs/zrm2/eval_isolated/dreamzero_feedback_a051933_kp00486968_20260727/runs/formal_libero40_fbfm_kp00486968_20_a051933/shards/gpu7/tasks/libero_goal/task_003/trajectories/trial_016.npz
libero_goal,3,17,False,480,272.8761406239355,0,0,True,/mnt/project_eai_hs/zrm2/eval_isolated/dreamzero_feedback_a051933_kp00486968_20260727/runs/formal_libero40_fbfm_kp00486968_20_a051933/shards/gpu7/tasks/libero_goal/task_003/trajectories/trial_017.npz
libero_goal,3,18,True,223,127.96918177395128,0,0,True,/mnt/project_eai_hs/zrm2/eval_isolated/dreamzero_feedback_a051933_kp00486968_20260727/runs/formal_libero40_fbfm_kp00486968_20_a051933/shards/gpu7/tasks/libero_goal/task_003/trajectories/trial_018.npz
libero_goal,3,19,True,221,129.72418161202222,0,0,True,/mnt/project_eai_hs/zrm2/eval_isolated/dreamzero_feedback_a051933_kp00486968_20260727/runs/formal_libero40_fbfm_kp00486968_20_a051933/shards/gpu7/tasks/libero_goal/task_003/trajectories/trial_019.npz
libero_goal,4,0,False,480,274.3350390420528,0,0,True,/mnt/project_eai_hs/zrm2/eval_isolated/dreamzero_feedback_a051933_kp00486968_20260727/runs/formal_libero40_fbfm_kp00486968_20_a051933/shards/gpu0/tasks/libero_goal/task_004/trajectories/trial_000.npz
libero_goal,4,1,True,113,65.23238543595653,0,0,True,/mnt/project_eai_hs/zrm2/eval_isolated/dreamzero_feedback_a051933_kp00486968_20260727/runs/formal_libero40_fbfm_kp00486968_20_a051933/shards/gpu0/tasks/libero_goal/task_004/trajectories/trial_001.npz
libero_goal,4,2,True,110,65.4916136530228,0,0,True,/mnt/project_eai_hs/zrm2/eval_isolated/dreamzero_feedback_a051933_kp00486968_20260727/runs/formal_libero40_fbfm_kp00486968_20_a051933/shards/gpu0/tasks/libero_goal/task_004/trajectories/trial_002.npz
libero_goal,4,3,False,480,274.19171189295594,0,0,True,/mnt/project_eai_hs/zrm2/eval_isolated/dreamzero_feedback_a051933_kp00486968_20260727/runs/formal_libero40_fbfm_kp00486968_20_a051933/shards/gpu0/tasks/libero_goal/task_004/trajectories/trial_003.npz
libero_goal,4,4,False,480,277.0014952190686,0,0,True,/mnt/project_eai_hs/zrm2/eval_isolated/dreamzero_feedback_a051933_kp00486968_20260727/runs/formal_libero40_fbfm_kp00486968_20_a051933/shards/gpu0/tasks/libero_goal/task_004/trajectories/trial_004.npz
libero_goal,4,5,False,480,276.068152652937,0,0,True,/mnt/project_eai_hs/zrm2/eval_isolated/dreamzero_feedback_a051933_kp00486968_20260727/runs/formal_libero40_fbfm_kp00486968_20_a051933/shards/gpu0/tasks/libero_goal/task_004/trajectories/trial_005.npz
libero_goal,4,6,False,480,275.0823789089918,0,0,True,/mnt/project_eai_hs/zrm2/eval_isolated/dreamzero_feedback_a051933_kp00486968_20260727/runs/formal_libero40_fbfm_kp00486968_20_a051933/shards/gpu0/tasks/libero_goal/task_004/trajectories/trial_006.npz
libero_goal,4,7,True,143,83.82509112090338,0,0,True,/mnt/project_eai_hs/zrm2/eval_isolated/dreamzero_feedback_a051933_kp00486968_20260727/runs/formal_libero40_fbfm_kp00486968_20_a051933/shards/gpu0/tasks/libero_goal/task_004/trajectories/trial_007.npz
libero_goal,4,8,False,480,276.2677629949758,0,0,True,/mnt/project_eai_hs/zrm2/eval_isolated/dreamzero_feedback_a051933_kp00486968_20260727/runs/formal_libero40_fbfm_kp00486968_20_a051933/shards/gpu0/tasks/libero_goal/task_004/trajectories/trial_008.npz
libero_goal,4,9,False,480,273.3967792550102,0,0,True,/mnt/project_eai_hs/zrm2/eval_isolated/dreamzero_feedback_a051933_kp00486968_20260727/runs/formal_libero40_fbfm_kp00486968_20_a051933/shards/gpu0/tasks/libero_goal/task_004/trajectories/trial_009.npz
libero_goal,4,10,True,274,158.33559401798993,0,0,True,/mnt/project_eai_hs/zrm2/eval_isolated/dreamzero_feedback_a051933_kp00486968_20260727/runs/formal_libero40_fbfm_kp00486968_20_a051933/shards/gpu0/tasks/libero_goal/task_004/trajectories/trial_010.npz
libero_goal,4,11,True,96,57.843806236982346,0,0,True,/mnt/project_eai_hs/zrm2/eval_isolated/dreamzero_feedback_a051933_kp00486968_20260727/runs/formal_libero40_fbfm_kp00486968_20_a051933/shards/gpu0/tasks/libero_goal/task_004/trajectories/trial_011.npz
libero_goal,4,12,True,129,76.03515091293957,0,0,True,/mnt/project_eai_hs/zrm2/eval_isolated/dreamzero_feedback_a051933_kp00486968_20260727/runs/formal_libero40_fbfm_kp00486968_20_a051933/shards/gpu0/tasks/libero_goal/task_004/trajectories/trial_012.npz
libero_goal,4,13,True,143,84.29004507197533,0,0,True,/mnt/project_eai_hs/zrm2/eval_isolated/dreamzero_feedback_a051933_kp00486968_20260727/runs/formal_libero40_fbfm_kp00486968_20_a051933/shards/gpu0/tasks/libero_goal/task_004/trajectories/trial_013.npz
libero_goal,4,14,False,480,274.17129470699,0,0,True,/mnt/project_eai_hs/zrm2/eval_isolated/dreamzero_feedback_a051933_kp00486968_20260727/runs/formal_libero40_fbfm_kp00486968_20_a051933/shards/gpu0/tasks/libero_goal/task_004/trajectories/trial_014.npz
libero_goal,4,15,True,151,88.25799478101544,0,0,True,/mnt/project_eai_hs/zrm2/eval_isolated/dreamzero_feedback_a051933_kp00486968_20260727/runs/formal_libero40_fbfm_kp00486968_20_a051933/shards/gpu0/tasks/libero_goal/task_004/trajectories/trial_015.npz
libero_goal,4,16,True,111,67.7926053039264,0,0,True,/mnt/project_eai_hs/zrm2/eval_isolated/dreamzero_feedback_a051933_kp00486968_20260727/runs/formal_libero40_fbfm_kp00486968_20_a051933/shards/gpu0/tasks/libero_goal/task_004/trajectories/trial_016.npz
libero_goal,4,17,False,480,274.0592237500241,0,0,True,/mnt/project_eai_hs/zrm2/eval_isolated/dreamzero_feedback_a051933_kp00486968_20260727/runs/formal_libero40_fbfm_kp00486968_20_a051933/shards/gpu0/tasks/libero_goal/task_004/trajectories/trial_017.npz
libero_goal,4,18,False,480,277.15870889707,0,0,True,/mnt/project_eai_hs/zrm2/eval_isolated/dreamzero_feedback_a051933_kp00486968_20260727/runs/formal_libero40_fbfm_kp00486968_20_a051933/shards/gpu0/tasks/libero_goal/task_004/trajectories/trial_018.npz
libero_goal,4,19,False,480,277.1685860210564,0,0,True,/mnt/project_eai_hs/zrm2/eval_isolated/dreamzero_feedback_a051933_kp00486968_20260727/runs/formal_libero40_fbfm_kp00486968_20_a051933/shards/gpu0/tasks/libero_goal/task_004/trajectories/trial_019.npz
libero_goal,5,0,True,258,147.03651047602762,0,0,True,/mnt/project_eai_hs/zrm2/eval_isolated/dreamzero_feedback_a051933_kp00486968_20260727/runs/formal_libero40_fbfm_kp00486968_20_a051933/shards/gpu1/tasks/libero_goal/task_005/trajectories/trial_000.npz
libero_goal,5,1,False,480,263.6809489169391,0,0,True,/mnt/project_eai_hs/zrm2/eval_isolated/dreamzero_feedback_a051933_kp00486968_20260727/runs/formal_libero40_fbfm_kp00486968_20_a051933/shards/gpu1/tasks/libero_goal/task_005/trajectories/trial_001.npz
libero_goal,5,2,True,187,105.72729535703547,0,0,True,/mnt/project_eai_hs/zrm2/eval_isolated/dreamzero_feedback_a051933_kp00486968_20260727/runs/formal_libero40_fbfm_kp00486968_20_a051933/shards/gpu1/tasks/libero_goal/task_005/trajectories/trial_002.npz
libero_goal,5,3,True,260,146.80275638401508,0,0,True,/mnt/project_eai_hs/zrm2/eval_isolated/dreamzero_feedback_a051933_kp00486968_20260727/runs/formal_libero40_fbfm_kp00486968_20_a051933/shards/gpu1/tasks/libero_goal/task_005/trajectories/trial_003.npz
libero_goal,5,4,True,308,171.0998482980067,0,0,True,/mnt/project_eai_hs/zrm2/eval_isolated/dreamzero_feedback_a051933_kp00486968_20260727/runs/formal_libero40_fbfm_kp00486968_20_a051933/shards/gpu1/tasks/libero_goal/task_005/trajectories/trial_004.npz
libero_goal,5,5,False,480,264.1779731879942,0,0,True,/mnt/project_eai_hs/zrm2/eval_isolated/dreamzero_feedback_a051933_kp00486968_20260727/runs/formal_libero40_fbfm_kp00486968_20_a051933/shards/gpu1/tasks/libero_goal/task_005/trajectories/trial_005.npz
libero_goal,5,6,False,480,266.0569110410288,0,0,True,/mnt/project_eai_hs/zrm2/eval_isolated/dreamzero_feedback_a051933_kp00486968_20260727/runs/formal_libero40_fbfm_kp00486968_20_a051933/shards/gpu1/tasks/libero_goal/task_005/trajectories/trial_006.npz
libero_goal,5,7,True,206,115.7506037040148,0,0,True,/mnt/project_eai_hs/zrm2/eval_isolated/dreamzero_feedback_a051933_kp00486968_20260727/runs/formal_libero40_fbfm_kp00486968_20_a051933/shards/gpu1/tasks/libero_goal/task_005/trajectories/trial_007.npz
libero_goal,5,8,True,167,97.40763590706047,0,0,True,/mnt/project_eai_hs/zrm2/eval_isolated/dreamzero_feedback_a051933_kp00486968_20260727/runs/formal_libero40_fbfm_kp00486968_20_a051933/shards/gpu1/tasks/libero_goal/task_005/trajectories/trial_008.npz
libero_goal,5,9,True,273,153.22541769500822,0,0,True,/mnt/project_eai_hs/zrm2/eval_isolated/dreamzero_feedback_a051933_kp00486968_20260727/runs/formal_libero40_fbfm_kp00486968_20_a051933/shards/gpu1/tasks/libero_goal/task_005/trajectories/trial_009.npz
libero_goal,5,10,True,286,159.43155423004646,0,0,True,/mnt/project_eai_hs/zrm2/eval_isolated/dreamzero_feedback_a051933_kp00486968_20260727/runs/formal_libero40_fbfm_kp00486968_20_a051933/shards/gpu1/tasks/libero_goal/task_005/trajectories/trial_010.npz
libero_goal,5,11,True,246,139.62724029901437,0,0,True,/mnt/project_eai_hs/zrm2/eval_isolated/dreamzero_feedback_a051933_kp00486968_20260727/runs/formal_libero40_fbfm_kp00486968_20_a051933/shards/gpu1/tasks/libero_goal/task_005/trajectories/trial_011.npz
libero_goal,5,12,False,480,268.90167367307004,0,0,True,/mnt/project_eai_hs/zrm2/eval_isolated/dreamzero_feedback_a051933_kp00486968_20260727/runs/formal_libero40_fbfm_kp00486968_20_a051933/shards/gpu1/tasks/libero_goal/task_005/trajectories/trial_012.npz
libero_goal,5,13,True,254,144.45088913303334,0,0,True,/mnt/project_eai_hs/zrm2/eval_isolated/dreamzero_feedback_a051933_kp00486968_20260727/runs/formal_libero40_fbfm_kp00486968_20_a051933/shards/gpu1/tasks/libero_goal/task_005/trajectories/trial_013.npz
libero_goal,5,14,False,480,263.544426286011,0,0,True,/mnt/project_eai_hs/zrm2/eval_isolated/dreamzero_feedback_a051933_kp00486968_20260727/runs/formal_libero40_fbfm_kp00486968_20_a051933/shards/gpu1/tasks/libero_goal/task_005/trajectories/trial_014.npz
libero_goal,5,15,True,233,128.403966060956,0,0,True,/mnt/project_eai_hs/zrm2/eval_isolated/dreamzero_feedback_a051933_kp00486968_20260727/runs/formal_libero40_fbfm_kp00486968_20_a051933/shards/gpu1/tasks/libero_goal/task_005/trajectories/trial_015.npz
libero_goal,5,16,True,192,107.94887418905273,0,0,True,/mnt/project_eai_hs/zrm2/eval_isolated/dreamzero_feedback_a051933_kp00486968_20260727/runs/formal_libero40_fbfm_kp00486968_20_a051933/shards/gpu1/tasks/libero_goal/task_005/trajectories/trial_016.npz
libero_goal,5,17,True,185,103.24649078003131,0,0,True,/mnt/project_eai_hs/zrm2/eval_isolated/dreamzero_feedback_a051933_kp00486968_20260727/runs/formal_libero40_fbfm_kp00486968_20_a051933/shards/gpu1/tasks/libero_goal/task_005/trajectories/trial_017.npz
libero_goal,5,18,True,244,136.10689947695937,0,0,True,/mnt/project_eai_hs/zrm2/eval_isolated/dreamzero_feedback_a051933_kp00486968_20260727/runs/formal_libero40_fbfm_kp00486968_20_a051933/shards/gpu1/tasks/libero_goal/task_005/trajectories/trial_018.npz
libero_goal,5,19,True,271,148.81457051995676,0,0,True,/mnt/project_eai_hs/zrm2/eval_isolated/dreamzero_feedback_a051933_kp00486968_20260727/runs/formal_libero40_fbfm_kp00486968_20_a051933/shards/gpu1/tasks/libero_goal/task_005/trajectories/trial_019.npz
libero_goal,6,0,True,91,55.03704764798749,0,0,True,/mnt/project_eai_hs/zrm2/eval_isolated/dreamzero_feedback_a051933_kp00486968_20260727/runs/formal_libero40_fbfm_kp00486968_20_a051933/shards/gpu2/tasks/libero_goal/task_006/trajectories/trial_000.npz
libero_goal,6,1,True,97,57.04122738004662,0,0,True,/mnt/project_eai_hs/zrm2/eval_isolated/dreamzero_feedback_a051933_kp00486968_20260727/runs/formal_libero40_fbfm_kp00486968_20_a051933/shards/gpu2/tasks/libero_goal/task_006/trajectories/trial_001.npz
libero_goal,6,2,True,113,65.94228984194342,0,0,True,/mnt/project_eai_hs/zrm2/eval_isolated/dreamzero_feedback_a051933_kp00486968_20260727/runs/formal_libero40_fbfm_kp00486968_20_a051933/shards/gpu2/tasks/libero_goal/task_006/trajectories/trial_002.npz
libero_goal,6,3,True,103,61.56797684193589,0,0,True,/mnt/project_eai_hs/zrm2/eval_isolated/dreamzero_feedback_a051933_kp00486968_20260727/runs/formal_libero40_fbfm_kp00486968_20_a051933/shards/gpu2/tasks/libero_goal/task_006/trajectories/trial_003.npz
libero_goal,6,4,False,480,271.4262661199318,0,0,True,/mnt/project_eai_hs/zrm2/eval_isolated/dreamzero_feedback_a051933_kp00486968_20260727/runs/formal_libero40_fbfm_kp00486968_20_a051933/shards/gpu2/tasks/libero_goal/task_006/trajectories/trial_004.npz
libero_goal,6,5,True,95,56.07397473207675,0,0,True,/mnt/project_eai_hs/zrm2/eval_isolated/dreamzero_feedback_a051933_kp00486968_20260727/runs/formal_libero40_fbfm_kp00486968_20_a051933/shards/gpu2/tasks/libero_goal/task_006/trajectories/trial_005.npz
libero_goal,6,6,False,480,274.86951242096256,0,0,True,/mnt/project_eai_hs/zrm2/eval_isolated/dreamzero_feedback_a051933_kp00486968_20260727/runs/formal_libero40_fbfm_kp00486968_20_a051933/shards/gpu2/tasks/libero_goal/task_006/trajectories/trial_006.npz
libero_goal,6,7,True,96,56.66741626500152,0,0,True,/mnt/project_eai_hs/zrm2/eval_isolated/dreamzero_feedback_a051933_kp00486968_20260727/runs/formal_libero40_fbfm_kp00486968_20_a051933/shards/gpu2/tasks/libero_goal/task_006/trajectories/trial_007.npz
libero_goal,6,8,True,96,56.76031956402585,0,0,True,/mnt/project_eai_hs/zrm2/eval_isolated/dreamzero_feedback_a051933_kp00486968_20260727/runs/formal_libero40_fbfm_kp00486968_20_a051933/shards/gpu2/tasks/libero_goal/task_006/trajectories/trial_008.npz
libero_goal,6,9,True,97,58.852561787934974,0,0,True,/mnt/project_eai_hs/zrm2/eval_isolated/dreamzero_feedback_a051933_kp00486968_20260727/runs/formal_libero40_fbfm_kp00486968_20_a051933/shards/gpu2/tasks/libero_goal/task_006/trajectories/trial_009.npz
libero_goal,6,10,True,96,56.62126841500867,0,0,True,/mnt/project_eai_hs/zrm2/eval_isolated/dreamzero_feedback_a051933_kp00486968_20260727/runs/formal_libero40_fbfm_kp00486968_20_a051933/shards/gpu2/tasks/libero_goal/task_006/trajectories/trial_010.npz
libero_goal,6,11,True,96,56.56900569505524,0,0,True,/mnt/project_eai_hs/zrm2/eval_isolated/dreamzero_feedback_a051933_kp00486968_20260727/runs/formal_libero40_fbfm_kp00486968_20_a051933/shards/gpu2/tasks/libero_goal/task_006/trajectories/trial_011.npz
libero_goal,6,12,True,96,55.9435082830023,0,0,True,/mnt/project_eai_hs/zrm2/eval_isolated/dreamzero_feedback_a051933_kp00486968_20260727/runs/formal_libero40_fbfm_kp00486968_20_a051933/shards/gpu2/tasks/libero_goal/task_006/trajectories/trial_012.npz
libero_goal,6,13,True,94,54.97159022698179,0,0,True,/mnt/project_eai_hs/zrm2/eval_isolated/dreamzero_feedback_a051933_kp00486968_20260727/runs/formal_libero40_fbfm_kp00486968_20_a051933/shards/gpu2/tasks/libero_goal/task_006/trajectories/trial_013.npz
libero_goal,6,14,True,126,71.7233412140049,0,0,True,/mnt/project_eai_hs/zrm2/eval_isolated/dreamzero_feedback_a051933_kp00486968_20260727/runs/formal_libero40_fbfm_kp00486968_20_a051933/shards/gpu2/tasks/libero_goal/task_006/trajectories/trial_014.npz
libero_goal,6,15,False,480,273.7481749539729,0,0,True,/mnt/project_eai_hs/zrm2/eval_isolated/dreamzero_feedback_a051933_kp00486968_20260727/runs/formal_libero40_fbfm_kp00486968_20_a051933/shards/gpu2/tasks/libero_goal/task_006/trajectories/trial_015.npz
libero_goal,6,16,True,98,58.4386314409785,0,0,True,/mnt/project_eai_hs/zrm2/eval_isolated/dreamzero_feedback_a051933_kp00486968_20260727/runs/formal_libero40_fbfm_kp00486968_20_a051933/shards/gpu2/tasks/libero_goal/task_006/trajectories/trial_016.npz
libero_goal,6,17,False,480,272.1413897150196,0,0,True,/mnt/project_eai_hs/zrm2/eval_isolated/dreamzero_feedback_a051933_kp00486968_20260727/runs/formal_libero40_fbfm_kp00486968_20_a051933/shards/gpu2/tasks/libero_goal/task_006/trajectories/trial_017.npz
libero_goal,6,18,False,480,266.66039744601585,0,0,True,/mnt/project_eai_hs/zrm2/eval_isolated/dreamzero_feedback_a051933_kp00486968_20260727/runs/formal_libero40_fbfm_kp00486968_20_a051933/shards/gpu2/tasks/libero_goal/task_006/trajectories/trial_018.npz
libero_goal,6,19,False,480,263.63775995897595,0,0,True,/mnt/project_eai_hs/zrm2/eval_isolated/dreamzero_feedback_a051933_kp00486968_20260727/runs/formal_libero40_fbfm_kp00486968_20_a051933/shards/gpu2/tasks/libero_goal/task_006/trajectories/trial_019.npz
libero_goal,7,0,True,76,47.39418518997263,0,0,True,/mnt/project_eai_hs/zrm2/eval_isolated/dreamzero_feedback_a051933_kp00486968_20260727/runs/formal_libero40_fbfm_kp00486968_20_a051933/shards/gpu3/tasks/libero_goal/task_007/trajectories/trial_000.npz
libero_goal,7,1,True,89,53.031183343031444,0,0,True,/mnt/project_eai_hs/zrm2/eval_isolated/dreamzero_feedback_a051933_kp00486968_20260727/runs/formal_libero40_fbfm_kp00486968_20_a051933/shards/gpu3/tasks/libero_goal/task_007/trajectories/trial_001.npz
libero_goal,7,2,True,84,50.354131574044004,0,0,True,/mnt/project_eai_hs/zrm2/eval_isolated/dreamzero_feedback_a051933_kp00486968_20260727/runs/formal_libero40_fbfm_kp00486968_20_a051933/shards/gpu3/tasks/libero_goal/task_007/trajectories/trial_002.npz
libero_goal,7,3,True,79,46.823607478057966,0,0,True,/mnt/project_eai_hs/zrm2/eval_isolated/dreamzero_feedback_a051933_kp00486968_20260727/runs/formal_libero40_fbfm_kp00486968_20_a051933/shards/gpu3/tasks/libero_goal/task_007/trajectories/trial_003.npz
libero_goal,7,4,True,81,47.92273962707259,0,0,True,/mnt/project_eai_hs/zrm2/eval_isolated/dreamzero_feedback_a051933_kp00486968_20260727/runs/formal_libero40_fbfm_kp00486968_20_a051933/shards/gpu3/tasks/libero_goal/task_007/trajectories/trial_004.npz
libero_goal,7,5,True,88,52.39028420194518,0,0,True,/mnt/project_eai_hs/zrm2/eval_isolated/dreamzero_feedback_a051933_kp00486968_20260727/runs/formal_libero40_fbfm_kp00486968_20_a051933/shards/gpu3/tasks/libero_goal/task_007/trajectories/trial_005.npz
libero_goal,7,6,True,84,49.93258258304559,0,0,True,/mnt/project_eai_hs/zrm2/eval_isolated/dreamzero_feedback_a051933_kp00486968_20260727/runs/formal_libero40_fbfm_kp00486968_20_a051933/shards/gpu3/tasks/libero_goal/task_007/trajectories/trial_006.npz
libero_goal,7,7,True,88,53.28549678402487,0,0,True,/mnt/project_eai_hs/zrm2/eval_isolated/dreamzero_feedback_a051933_kp00486968_20260727/runs/formal_libero40_fbfm_kp00486968_20_a051933/shards/gpu3/tasks/libero_goal/task_007/trajectories/trial_007.npz
libero_goal,7,8,True,89,52.193816040991805,0,0,True,/mnt/project_eai_hs/zrm2/eval_isolated/dreamzero_feedback_a051933_kp00486968_20260727/runs/formal_libero40_fbfm_kp00486968_20_a051933/shards/gpu3/tasks/libero_goal/task_007/trajectories/trial_008.npz
libero_goal,7,9,True,85,52.46894610207528,0,0,True,/mnt/project_eai_hs/zrm2/eval_isolated/dreamzero_feedback_a051933_kp00486968_20260727/runs/formal_libero40_fbfm_kp00486968_20_a051933/shards/gpu3/tasks/libero_goal/task_007/trajectories/trial_009.npz
libero_goal,7,10,True,77,47.055256928899325,0,0,True,/mnt/project_eai_hs/zrm2/eval_isolated/dreamzero_feedback_a051933_kp00486968_20260727/runs/formal_libero40_fbfm_kp00486968_20_a051933/shards/gpu3/tasks/libero_goal/task_007/trajectories/trial_010.npz
libero_goal,7,11,True,76,44.311840735026635,0,0,True,/mnt/project_eai_hs/zrm2/eval_isolated/dreamzero_feedback_a051933_kp00486968_20260727/runs/formal_libero40_fbfm_kp00486968_20_a051933/shards/gpu3/tasks/libero_goal/task_007/trajectories/trial_011.npz
libero_goal,7,12,True,82,47.245043275062926,0,0,True,/mnt/project_eai_hs/zrm2/eval_isolated/dreamzero_feedback_a051933_kp00486968_20260727/runs/formal_libero40_fbfm_kp00486968_20_a051933/shards/gpu3/tasks/libero_goal/task_007/trajectories/trial_012.npz
libero_goal,7,13,True,82,47.94008024095092,0,0,True,/mnt/project_eai_hs/zrm2/eval_isolated/dreamzero_feedback_a051933_kp00486968_20260727/runs/formal_libero40_fbfm_kp00486968_20_a051933/shards/gpu3/tasks/libero_goal/task_007/trajectories/trial_013.npz
libero_goal,7,14,True,84,51.62204251298681,0,0,True,/mnt/project_eai_hs/zrm2/eval_isolated/dreamzero_feedback_a051933_kp00486968_20260727/runs/formal_libero40_fbfm_kp00486968_20_a051933/shards/gpu3/tasks/libero_goal/task_007/trajectories/trial_014.npz
libero_goal,7,15,True,81,50.274451290024444,0,0,True,/mnt/project_eai_hs/zrm2/eval_isolated/dreamzero_feedback_a051933_kp00486968_20260727/runs/formal_libero40_fbfm_kp00486968_20_a051933/shards/gpu3/tasks/libero_goal/task_007/trajectories/trial_015.npz
libero_goal,7,16,True,95,55.93993272597436,0,0,True,/mnt/project_eai_hs/zrm2/eval_isolated/dreamzero_feedback_a051933_kp00486968_20260727/runs/formal_libero40_fbfm_kp00486968_20_a051933/shards/gpu3/tasks/libero_goal/task_007/trajectories/trial_016.npz
libero_goal,7,17,True,89,52.437913511064835,0,0,True,/mnt/project_eai_hs/zrm2/eval_isolated/dreamzero_feedback_a051933_kp00486968_20260727/runs/formal_libero40_fbfm_kp00486968_20_a051933/shards/gpu3/tasks/libero_goal/task_007/trajectories/trial_017.npz
libero_goal,7,18,True,86,52.319104337948374,0,0,True,/mnt/project_eai_hs/zrm2/eval_isolated/dreamzero_feedback_a051933_kp00486968_20260727/runs/formal_libero40_fbfm_kp00486968_20_a051933/shards/gpu3/tasks/libero_goal/task_007/trajectories/trial_018.npz
libero_goal,7,19,True,83,48.64313115295954,0,0,True,/mnt/project_eai_hs/zrm2/eval_isolated/dreamzero_feedback_a051933_kp00486968_20260727/runs/formal_libero40_fbfm_kp00486968_20_a051933/shards/gpu3/tasks/libero_goal/task_007/trajectories/trial_019.npz
libero_goal,8,0,True,170,97.53657189302612,0,0,True,/mnt/project_eai_hs/zrm2/eval_isolated/dreamzero_feedback_a051933_kp00486968_20260727/runs/formal_libero40_fbfm_kp00486968_20_a051933/shards/gpu4/tasks/libero_goal/task_008/trajectories/trial_000.npz
libero_goal,8,1,True,202,116.64851414097939,0,0,True,/mnt/project_eai_hs/zrm2/eval_isolated/dreamzero_feedback_a051933_kp00486968_20260727/runs/formal_libero40_fbfm_kp00486968_20_a051933/shards/gpu4/tasks/libero_goal/task_008/trajectories/trial_001.npz
libero_goal,8,2,True,141,82.11476769892033,0,0,True,/mnt/project_eai_hs/zrm2/eval_isolated/dreamzero_feedback_a051933_kp00486968_20260727/runs/formal_libero40_fbfm_kp00486968_20_a051933/shards/gpu4/tasks/libero_goal/task_008/trajectories/trial_002.npz
libero_goal,8,3,True,233,131.38964492292143,0,0,True,/mnt/project_eai_hs/zrm2/eval_isolated/dreamzero_feedback_a051933_kp00486968_20260727/runs/formal_libero40_fbfm_kp00486968_20_a051933/shards/gpu4/tasks/libero_goal/task_008/trajectories/trial_003.npz
libero_goal,8,4,True,111,63.732966667972505,0,0,True,/mnt/project_eai_hs/zrm2/eval_isolated/dreamzero_feedback_a051933_kp00486968_20260727/runs/formal_libero40_fbfm_kp00486968_20_a051933/shards/gpu4/tasks/libero_goal/task_008/trajectories/trial_004.npz
libero_goal,8,5,True,104,61.27121503301896,0,0,True,/mnt/project_eai_hs/zrm2/eval_isolated/dreamzero_feedback_a051933_kp00486968_20260727/runs/formal_libero40_fbfm_kp00486968_20_a051933/shards/gpu4/tasks/libero_goal/task_008/trajectories/trial_005.npz
libero_goal,8,6,True,283,162.09136931004468,0,0,True,/mnt/project_eai_hs/zrm2/eval_isolated/dreamzero_feedback_a051933_kp00486968_20260727/runs/formal_libero40_fbfm_kp00486968_20_a051933/shards/gpu4/tasks/libero_goal/task_008/trajectories/trial_006.npz
libero_goal,8,7,True,114,66.94298419705592,0,0,True,/mnt/project_eai_hs/zrm2/eval_isolated/dreamzero_feedback_a051933_kp00486968_20260727/runs/formal_libero40_fbfm_kp00486968_20_a051933/shards/gpu4/tasks/libero_goal/task_008/trajectories/trial_007.npz
libero_goal,8,8,True,166,95.13946730503812,0,0,True,/mnt/project_eai_hs/zrm2/eval_isolated/dreamzero_feedback_a051933_kp00486968_20260727/runs/formal_libero40_fbfm_kp00486968_20_a051933/shards/gpu4/tasks/libero_goal/task_008/trajectories/trial_008.npz
libero_goal,8,9,True,86,50.60154835996218,0,0,True,/mnt/project_eai_hs/zrm2/eval_isolated/dreamzero_feedback_a051933_kp00486968_20260727/runs/formal_libero40_fbfm_kp00486968_20_a051933/shards/gpu4/tasks/libero_goal/task_008/trajectories/trial_009.npz
libero_goal,8,10,True,87,52.041522986022756,0,0,True,/mnt/project_eai_hs/zrm2/eval_isolated/dreamzero_feedback_a051933_kp00486968_20260727/runs/formal_libero40_fbfm_kp00486968_20_a051933/shards/gpu4/tasks/libero_goal/task_008/trajectories/trial_010.npz
libero_goal,8,11,True,86,50.365302902064286,0,0,True,/mnt/project_eai_hs/zrm2/eval_isolated/dreamzero_feedback_a051933_kp00486968_20260727/runs/formal_libero40_fbfm_kp00486968_20_a051933/shards/gpu4/tasks/libero_goal/task_008/trajectories/trial_011.npz
libero_goal,8,12,True,111,64.3560300420504,0,0,True,/mnt/project_eai_hs/zrm2/eval_isolated/dreamzero_feedback_a051933_kp00486968_20260727/runs/formal_libero40_fbfm_kp00486968_20_a051933/shards/gpu4/tasks/libero_goal/task_008/trajectories/trial_012.npz
libero_goal,8,13,True,192,109.90604965598322,0,0,True,/mnt/project_eai_hs/zrm2/eval_isolated/dreamzero_feedback_a051933_kp00486968_20260727/runs/formal_libero40_fbfm_kp00486968_20_a051933/shards/gpu4/tasks/libero_goal/task_008/trajectories/trial_013.npz
libero_goal,8,14,True,229,130.82405276200734,0,0,True,/mnt/project_eai_hs/zrm2/eval_isolated/dreamzero_feedback_a051933_kp00486968_20260727/runs/formal_libero40_fbfm_kp00486968_20_a051933/shards/gpu4/tasks/libero_goal/task_008/trajectories/trial_014.npz
libero_goal,8,15,True,101,59.41196429904085,0,0,True,/mnt/project_eai_hs/zrm2/eval_isolated/dreamzero_feedback_a051933_kp00486968_20260727/runs/formal_libero40_fbfm_kp00486968_20_a051933/shards/gpu4/tasks/libero_goal/task_008/trajectories/trial_015.npz
libero_goal,8,16,True,147,85.59597111598123,0,0,True,/mnt/project_eai_hs/zrm2/eval_isolated/dreamzero_feedback_a051933_kp00486968_20260727/runs/formal_libero40_fbfm_kp00486968_20_a051933/shards/gpu4/tasks/libero_goal/task_008/trajectories/trial_016.npz
libero_goal,8,17,True,87,51.36435932700988,0,0,True,/mnt/project_eai_hs/zrm2/eval_isolated/dreamzero_feedback_a051933_kp00486968_20260727/runs/formal_libero40_fbfm_kp00486968_20_a051933/shards/gpu4/tasks/libero_goal/task_008/trajectories/trial_017.npz
libero_goal,8,18,True,161,92.21587918209843,0,0,True,/mnt/project_eai_hs/zrm2/eval_isolated/dreamzero_feedback_a051933_kp00486968_20260727/runs/formal_libero40_fbfm_kp00486968_20_a051933/shards/gpu4/tasks/libero_goal/task_008/trajectories/trial_018.npz
libero_goal,8,19,True,94,55.08807417296339,0,0,True,/mnt/project_eai_hs/zrm2/eval_isolated/dreamzero_feedback_a051933_kp00486968_20260727/runs/formal_libero40_fbfm_kp00486968_20_a051933/shards/gpu4/tasks/libero_goal/task_008/trajectories/trial_019.npz
libero_goal,9,0,False,480,272.3326941670384,0,0,True,/mnt/project_eai_hs/zrm2/eval_isolated/dreamzero_feedback_a051933_kp00486968_20260727/runs/formal_libero40_fbfm_kp00486968_20_a051933/shards/gpu5/tasks/libero_goal/task_009/trajectories/trial_000.npz
libero_goal,9,1,False,480,267.94176219403744,0,0,True,/mnt/project_eai_hs/zrm2/eval_isolated/dreamzero_feedback_a051933_kp00486968_20260727/runs/formal_libero40_fbfm_kp00486968_20_a051933/shards/gpu5/tasks/libero_goal/task_009/trajectories/trial_001.npz
libero_goal,9,2,False,480,265.5410529739456,0,0,True,/mnt/project_eai_hs/zrm2/eval_isolated/dreamzero_feedback_a051933_kp00486968_20260727/runs/formal_libero40_fbfm_kp00486968_20_a051933/shards/gpu5/tasks/libero_goal/task_009/trajectories/trial_002.npz
libero_goal,9,3,False,480,264.2387117029866,0,0,True,/mnt/project_eai_hs/zrm2/eval_isolated/dreamzero_feedback_a051933_kp00486968_20260727/runs/formal_libero40_fbfm_kp00486968_20_a051933/shards/gpu5/tasks/libero_goal/task_009/trajectories/trial_003.npz
libero_goal,9,4,False,480,264.89195050497074,0,0,True,/mnt/project_eai_hs/zrm2/eval_isolated/dreamzero_feedback_a051933_kp00486968_20260727/runs/formal_libero40_fbfm_kp00486968_20_a051933/shards/gpu5/tasks/libero_goal/task_009/trajectories/trial_004.npz
libero_goal,9,5,False,480,262.1948837740347,0,0,True,/mnt/project_eai_hs/zrm2/eval_isolated/dreamzero_feedback_a051933_kp00486968_20260727/runs/formal_libero40_fbfm_kp00486968_20_a051933/shards/gpu5/tasks/libero_goal/task_009/trajectories/trial_005.npz
libero_goal,9,6,False,480,261.5664539349964,0,0,True,/mnt/project_eai_hs/zrm2/eval_isolated/dreamzero_feedback_a051933_kp00486968_20260727/runs/formal_libero40_fbfm_kp00486968_20_a051933/shards/gpu5/tasks/libero_goal/task_009/trajectories/trial_006.npz
libero_goal,9,7,False,480,260.33015466004144,0,0,True,/mnt/project_eai_hs/zrm2/eval_isolated/dreamzero_feedback_a051933_kp00486968_20260727/runs/formal_libero40_fbfm_kp00486968_20_a051933/shards/gpu5/tasks/libero_goal/task_009/trajectories/trial_007.npz
libero_goal,9,8,False,480,258.9169464679435,0,0,True,/mnt/project_eai_hs/zrm2/eval_isolated/dreamzero_feedback_a051933_kp00486968_20260727/runs/formal_libero40_fbfm_kp00486968_20_a051933/shards/gpu5/tasks/libero_goal/task_009/trajectories/trial_008.npz
libero_goal,9,9,False,480,261.81727396300994,0,0,True,/mnt/project_eai_hs/zrm2/eval_isolated/dreamzero_feedback_a051933_kp00486968_20260727/runs/formal_libero40_fbfm_kp00486968_20_a051933/shards/gpu5/tasks/libero_goal/task_009/trajectories/trial_009.npz
libero_goal,9,10,False,480,258.97030525503214,0,0,True,/mnt/project_eai_hs/zrm2/eval_isolated/dreamzero_feedback_a051933_kp00486968_20260727/runs/formal_libero40_fbfm_kp00486968_20_a051933/shards/gpu5/tasks/libero_goal/task_009/trajectories/trial_010.npz
libero_goal,9,11,False,480,258.68991479999386,0,0,True,/mnt/project_eai_hs/zrm2/eval_isolated/dreamzero_feedback_a051933_kp00486968_20260727/runs/formal_libero40_fbfm_kp00486968_20_a051933/shards/gpu5/tasks/libero_goal/task_009/trajectories/trial_011.npz
libero_goal,9,12,False,480,261.44210028101224,0,0,True,/mnt/project_eai_hs/zrm2/eval_isolated/dreamzero_feedback_a051933_kp00486968_20260727/runs/formal_libero40_fbfm_kp00486968_20_a051933/shards/gpu5/tasks/libero_goal/task_009/trajectories/trial_012.npz
libero_goal,9,13,False,480,259.33363405195996,0,0,True,/mnt/project_eai_hs/zrm2/eval_isolated/dreamzero_feedback_a051933_kp00486968_20260727/runs/formal_libero40_fbfm_kp00486968_20_a051933/shards/gpu5/tasks/libero_goal/task_009/trajectories/trial_013.npz
libero_goal,9,14,False,480,265.0711067529628,0,0,True,/mnt/project_eai_hs/zrm2/eval_isolated/dreamzero_feedback_a051933_kp00486968_20260727/runs/formal_libero40_fbfm_kp00486968_20_a051933/shards/gpu5/tasks/libero_goal/task_009/trajectories/trial_014.npz
libero_goal,9,15,False,480,262.07894530601334,0,0,True,/mnt/project_eai_hs/zrm2/eval_isolated/dreamzero_feedback_a051933_kp00486968_20260727/runs/formal_libero40_fbfm_kp00486968_20_a051933/shards/gpu5/tasks/libero_goal/task_009/trajectories/trial_015.npz
libero_goal,9,16,False,480,257.6173086659983,0,0,True,/mnt/project_eai_hs/zrm2/eval_isolated/dreamzero_feedback_a051933_kp00486968_20260727/runs/formal_libero40_fbfm_kp00486968_20_a051933/shards/gpu5/tasks/libero_goal/task_009/trajectories/trial_016.npz
libero_goal,9,17,False,480,255.88827639597002,0,0,True,/mnt/project_eai_hs/zrm2/eval_isolated/dreamzero_feedback_a051933_kp00486968_20260727/runs/formal_libero40_fbfm_kp00486968_20_a051933/shards/gpu5/tasks/libero_goal/task_009/trajectories/trial_017.npz
libero_goal,9,18,False,480,256.5535464310087,0,0,True,/mnt/project_eai_hs/zrm2/eval_isolated/dreamzero_feedback_a051933_kp00486968_20260727/runs/formal_libero40_fbfm_kp00486968_20_a051933/shards/gpu5/tasks/libero_goal/task_009/trajectories/trial_018.npz
libero_goal,9,19,False,480,256.8561661570566,0,0,True,/mnt/project_eai_hs/zrm2/eval_isolated/dreamzero_feedback_a051933_kp00486968_20260727/runs/formal_libero40_fbfm_kp00486968_20_a051933/shards/gpu5/tasks/libero_goal/task_009/trajectories/trial_019.npz
libero_10,0,0,True,323,191.61946429603267,0,0,True,/mnt/project_eai_hs/zrm2/eval_isolated/dreamzero_feedback_a051933_kp00486968_20260727/runs/formal_libero40_fbfm_kp00486968_20_a051933/shards/gpu6/tasks/libero_10/task_000/trajectories/trial_000.npz
libero_10,0,1,True,391,227.83648342092056,0,0,True,/mnt/project_eai_hs/zrm2/eval_isolated/dreamzero_feedback_a051933_kp00486968_20260727/runs/formal_libero40_fbfm_kp00486968_20_a051933/shards/gpu6/tasks/libero_10/task_000/trajectories/trial_001.npz
libero_10,0,2,False,480,282.10750928497873,0,0,True,/mnt/project_eai_hs/zrm2/eval_isolated/dreamzero_feedback_a051933_kp00486968_20260727/runs/formal_libero40_fbfm_kp00486968_20_a051933/shards/gpu6/tasks/libero_10/task_000/trajectories/trial_002.npz
libero_10,0,3,True,290,171.37234989798162,0,0,True,/mnt/project_eai_hs/zrm2/eval_isolated/dreamzero_feedback_a051933_kp00486968_20260727/runs/formal_libero40_fbfm_kp00486968_20_a051933/shards/gpu6/tasks/libero_10/task_000/trajectories/trial_003.npz
libero_10,0,4,False,480,284.50366809102707,0,0,True,/mnt/project_eai_hs/zrm2/eval_isolated/dreamzero_feedback_a051933_kp00486968_20260727/runs/formal_libero40_fbfm_kp00486968_20_a051933/shards/gpu6/tasks/libero_10/task_000/trajectories/trial_004.npz
libero_10,0,5,False,480,279.66034598404076,0,0,True,/mnt/project_eai_hs/zrm2/eval_isolated/dreamzero_feedback_a051933_kp00486968_20260727/runs/formal_libero40_fbfm_kp00486968_20_a051933/shards/gpu6/tasks/libero_10/task_000/trajectories/trial_005.npz
libero_10,0,6,False,480,286.47350549697876,0,0,True,/mnt/project_eai_hs/zrm2/eval_isolated/dreamzero_feedback_a051933_kp00486968_20260727/runs/formal_libero40_fbfm_kp00486968_20_a051933/shards/gpu6/tasks/libero_10/task_000/trajectories/trial_006.npz
libero_10,0,7,False,480,275.72099106304813,0,0,True,/mnt/project_eai_hs/zrm2/eval_isolated/dreamzero_feedback_a051933_kp00486968_20260727/runs/formal_libero40_fbfm_kp00486968_20_a051933/shards/gpu6/tasks/libero_10/task_000/trajectories/trial_007.npz
libero_10,0,8,True,423,251.15750256099273,0,0,True,/mnt/project_eai_hs/zrm2/eval_isolated/dreamzero_feedback_a051933_kp00486968_20260727/runs/formal_libero40_fbfm_kp00486968_20_a051933/shards/gpu6/tasks/libero_10/task_000/trajectories/trial_008.npz
libero_10,0,9,True,439,252.25555825210176,0,0,True,/mnt/project_eai_hs/zrm2/eval_isolated/dreamzero_feedback_a051933_kp00486968_20260727/runs/formal_libero40_fbfm_kp00486968_20_a051933/shards/gpu6/tasks/libero_10/task_000/trajectories/trial_009.npz
libero_10,0,10,True,313,180.38410845096223,0,0,True,/mnt/project_eai_hs/zrm2/eval_isolated/dreamzero_feedback_a051933_kp00486968_20260727/runs/formal_libero40_fbfm_kp00486968_20_a051933/shards/gpu6/tasks/libero_10/task_000/trajectories/trial_010.npz
libero_10,0,11,False,480,275.59502555499785,0,0,True,/mnt/project_eai_hs/zrm2/eval_isolated/dreamzero_feedback_a051933_kp00486968_20260727/runs/formal_libero40_fbfm_kp00486968_20_a051933/shards/gpu6/tasks/libero_10/task_000/trajectories/trial_011.npz
libero_10,0,12,False,480,274.72544996999204,0,0,True,/mnt/project_eai_hs/zrm2/eval_isolated/dreamzero_feedback_a051933_kp00486968_20260727/runs/formal_libero40_fbfm_kp00486968_20_a051933/shards/gpu6/tasks/libero_10/task_000/trajectories/trial_012.npz
libero_10,0,13,True,308,177.83296373300254,0,0,True,/mnt/project_eai_hs/zrm2/eval_isolated/dreamzero_feedback_a051933_kp00486968_20260727/runs/formal_libero40_fbfm_kp00486968_20_a051933/shards/gpu6/tasks/libero_10/task_000/trajectories/trial_013.npz
libero_10,0,14,True,299,174.42734299693257,0,0,True,/mnt/project_eai_hs/zrm2/eval_isolated/dreamzero_feedback_a051933_kp00486968_20260727/runs/formal_libero40_fbfm_kp00486968_20_a051933/shards/gpu6/tasks/libero_10/task_000/trajectories/trial_014.npz
libero_10,0,15,False,480,272.5005768199917,0,0,True,/mnt/project_eai_hs/zrm2/eval_isolated/dreamzero_feedback_a051933_kp00486968_20260727/runs/formal_libero40_fbfm_kp00486968_20_a051933/shards/gpu6/tasks/libero_10/task_000/trajectories/trial_015.npz
libero_10,0,16,False,480,274.09769820899237,0,0,True,/mnt/project_eai_hs/zrm2/eval_isolated/dreamzero_feedback_a051933_kp00486968_20260727/runs/formal_libero40_fbfm_kp00486968_20_a051933/shards/gpu6/tasks/libero_10/task_000/trajectories/trial_016.npz
libero_10,0,17,True,341,197.92934416991193,0,0,True,/mnt/project_eai_hs/zrm2/eval_isolated/dreamzero_feedback_a051933_kp00486968_20260727/runs/formal_libero40_fbfm_kp00486968_20_a051933/shards/gpu6/tasks/libero_10/task_000/trajectories/trial_017.npz
libero_10,0,18,False,480,273.69340276089497,0,0,True,/mnt/project_eai_hs/zrm2/eval_isolated/dreamzero_feedback_a051933_kp00486968_20260727/runs/formal_libero40_fbfm_kp00486968_20_a051933/shards/gpu6/tasks/libero_10/task_000/trajectories/trial_018.npz
libero_10,0,19,True,312,178.05390648497269,0,0,True,/mnt/project_eai_hs/zrm2/eval_isolated/dreamzero_feedback_a051933_kp00486968_20260727/runs/formal_libero40_fbfm_kp00486968_20_a051933/shards/gpu6/tasks/libero_10/task_000/trajectories/trial_019.npz
libero_10,1,0,False,480,273.6230660240399,0,0,True,/mnt/project_eai_hs/zrm2/eval_isolated/dreamzero_feedback_a051933_kp00486968_20260727/runs/formal_libero40_fbfm_kp00486968_20_a051933/shards/gpu7/tasks/libero_10/task_001/trajectories/trial_000.npz
libero_10,1,1,False,480,275.2145709770266,0,0,True,/mnt/project_eai_hs/zrm2/eval_isolated/dreamzero_feedback_a051933_kp00486968_20260727/runs/formal_libero40_fbfm_kp00486968_20_a051933/shards/gpu7/tasks/libero_10/task_001/trajectories/trial_001.npz
libero_10,1,2,False,480,274.2298290929757,0,0,True,/mnt/project_eai_hs/zrm2/eval_isolated/dreamzero_feedback_a051933_kp00486968_20260727/runs/formal_libero40_fbfm_kp00486968_20_a051933/shards/gpu7/tasks/libero_10/task_001/trajectories/trial_002.npz
libero_10,1,3,False,480,270.63434752705507,0,0,True,/mnt/project_eai_hs/zrm2/eval_isolated/dreamzero_feedback_a051933_kp00486968_20260727/runs/formal_libero40_fbfm_kp00486968_20_a051933/shards/gpu7/tasks/libero_10/task_001/trajectories/trial_003.npz
libero_10,1,4,True,319,181.22626582393423,0,0,True,/mnt/project_eai_hs/zrm2/eval_isolated/dreamzero_feedback_a051933_kp00486968_20260727/runs/formal_libero40_fbfm_kp00486968_20_a051933/shards/gpu7/tasks/libero_10/task_001/trajectories/trial_004.npz
libero_10,1,5,True,342,197.446382682072,0,0,True,/mnt/project_eai_hs/zrm2/eval_isolated/dreamzero_feedback_a051933_kp00486968_20260727/runs/formal_libero40_fbfm_kp00486968_20_a051933/shards/gpu7/tasks/libero_10/task_001/trajectories/trial_005.npz
libero_10,1,6,True,415,235.8037868370302,0,0,True,/mnt/project_eai_hs/zrm2/eval_isolated/dreamzero_feedback_a051933_kp00486968_20260727/runs/formal_libero40_fbfm_kp00486968_20_a051933/shards/gpu7/tasks/libero_10/task_001/trajectories/trial_006.npz
libero_10,1,7,False,480,272.927250156994,0,0,True,/mnt/project_eai_hs/zrm2/eval_isolated/dreamzero_feedback_a051933_kp00486968_20260727/runs/formal_libero40_fbfm_kp00486968_20_a051933/shards/gpu7/tasks/libero_10/task_001/trajectories/trial_007.npz
libero_10,1,8,False,480,273.3751136499923,0,0,True,/mnt/project_eai_hs/zrm2/eval_isolated/dreamzero_feedback_a051933_kp00486968_20260727/runs/formal_libero40_fbfm_kp00486968_20_a051933/shards/gpu7/tasks/libero_10/task_001/trajectories/trial_008.npz
libero_10,1,9,True,391,221.17917922197375,0,0,True,/mnt/project_eai_hs/zrm2/eval_isolated/dreamzero_feedback_a051933_kp00486968_20260727/runs/formal_libero40_fbfm_kp00486968_20_a051933/shards/gpu7/tasks/libero_10/task_001/trajectories/trial_009.npz
libero_10,1,10,False,480,267.43318424897734,0,0,True,/mnt/project_eai_hs/zrm2/eval_isolated/dreamzero_feedback_a051933_kp00486968_20260727/runs/formal_libero40_fbfm_kp00486968_20_a051933/shards/gpu7/tasks/libero_10/task_001/trajectories/trial_010.npz
libero_10,1,11,True,330,187.50284173199907,0,0,True,/mnt/project_eai_hs/zrm2/eval_isolated/dreamzero_feedback_a051933_kp00486968_20260727/runs/formal_libero40_fbfm_kp00486968_20_a051933/shards/gpu7/tasks/libero_10/task_001/trajectories/trial_011.npz
libero_10,1,12,True,403,224.5785592070315,0,0,True,/mnt/project_eai_hs/zrm2/eval_isolated/dreamzero_feedback_a051933_kp00486968_20260727/runs/formal_libero40_fbfm_kp00486968_20_a051933/shards/gpu7/tasks/libero_10/task_001/trajectories/trial_012.npz
libero_10,1,13,True,322,178.66039783600718,0,0,True,/mnt/project_eai_hs/zrm2/eval_isolated/dreamzero_feedback_a051933_kp00486968_20260727/runs/formal_libero40_fbfm_kp00486968_20_a051933/shards/gpu7/tasks/libero_10/task_001/trajectories/trial_013.npz
libero_10,1,14,True,464,258.7892868280178,0,0,True,/mnt/project_eai_hs/zrm2/eval_isolated/dreamzero_feedback_a051933_kp00486968_20260727/runs/formal_libero40_fbfm_kp00486968_20_a051933/shards/gpu7/tasks/libero_10/task_001/trajectories/trial_014.npz
libero_10,1,15,True,324,182.12736316898372,0,0,True,/mnt/project_eai_hs/zrm2/eval_isolated/dreamzero_feedback_a051933_kp00486968_20260727/runs/formal_libero40_fbfm_kp00486968_20_a051933/shards/gpu7/tasks/libero_10/task_001/trajectories/trial_015.npz
libero_10,1,16,True,402,226.39238005003426,0,0,True,/mnt/project_eai_hs/zrm2/eval_isolated/dreamzero_feedback_a051933_kp00486968_20260727/runs/formal_libero40_fbfm_kp00486968_20_a051933/shards/gpu7/tasks/libero_10/task_001/trajectories/trial_016.npz
libero_10,1,17,True,472,261.7208951540524,0,0,True,/mnt/project_eai_hs/zrm2/eval_isolated/dreamzero_feedback_a051933_kp00486968_20260727/runs/formal_libero40_fbfm_kp00486968_20_a051933/shards/gpu7/tasks/libero_10/task_001/trajectories/trial_017.npz
libero_10,1,18,False,480,271.80235613300465,0,0,True,/mnt/project_eai_hs/zrm2/eval_isolated/dreamzero_feedback_a051933_kp00486968_20260727/runs/formal_libero40_fbfm_kp00486968_20_a051933/shards/gpu7/tasks/libero_10/task_001/trajectories/trial_018.npz
libero_10,1,19,True,305,174.39207628404256,0,0,True,/mnt/project_eai_hs/zrm2/eval_isolated/dreamzero_feedback_a051933_kp00486968_20260727/runs/formal_libero40_fbfm_kp00486968_20_a051933/shards/gpu7/tasks/libero_10/task_001/trajectories/trial_019.npz
libero_10,2,0,False,480,274.8773153020302,0,0,True,/mnt/project_eai_hs/zrm2/eval_isolated/dreamzero_feedback_a051933_kp00486968_20260727/runs/formal_libero40_fbfm_kp00486968_20_a051933/shards/gpu0/tasks/libero_10/task_002/trajectories/trial_000.npz
libero_10,2,1,True,261,152.1125762220472,0,0,True,/mnt/project_eai_hs/zrm2/eval_isolated/dreamzero_feedback_a051933_kp00486968_20260727/runs/formal_libero40_fbfm_kp00486968_20_a051933/shards/gpu0/tasks/libero_10/task_002/trajectories/trial_001.npz
libero_10,2,2,False,480,274.6935253839474,0,0,True,/mnt/project_eai_hs/zrm2/eval_isolated/dreamzero_feedback_a051933_kp00486968_20260727/runs/formal_libero40_fbfm_kp00486968_20_a051933/shards/gpu0/tasks/libero_10/task_002/trajectories/trial_002.npz
libero_10,2,3,True,260,150.075235904078,0,0,True,/mnt/project_eai_hs/zrm2/eval_isolated/dreamzero_feedback_a051933_kp00486968_20260727/runs/formal_libero40_fbfm_kp00486968_20_a051933/shards/gpu0/tasks/libero_10/task_002/trajectories/trial_003.npz
libero_10,2,4,True,270,157.6114278549794,0,0,True,/mnt/project_eai_hs/zrm2/eval_isolated/dreamzero_feedback_a051933_kp00486968_20260727/runs/formal_libero40_fbfm_kp00486968_20_a051933/shards/gpu0/tasks/libero_10/task_002/trajectories/trial_004.npz
libero_10,2,5,True,255,150.2390509590041,0,0,True,/mnt/project_eai_hs/zrm2/eval_isolated/dreamzero_feedback_a051933_kp00486968_20260727/runs/formal_libero40_fbfm_kp00486968_20_a051933/shards/gpu0/tasks/libero_10/task_002/trajectories/trial_005.npz
libero_10,2,6,False,480,276.9070060590748,0,0,True,/mnt/project_eai_hs/zrm2/eval_isolated/dreamzero_feedback_a051933_kp00486968_20260727/runs/formal_libero40_fbfm_kp00486968_20_a051933/shards/gpu0/tasks/libero_10/task_002/trajectories/trial_006.npz
libero_10,2,7,False,480,272.39073833904695,0,0,True,/mnt/project_eai_hs/zrm2/eval_isolated/dreamzero_feedback_a051933_kp00486968_20260727/runs/formal_libero40_fbfm_kp00486968_20_a051933/shards/gpu0/tasks/libero_10/task_002/trajectories/trial_007.npz
libero_10,2,8,True,263,152.15079130907543,0,0,True,/mnt/project_eai_hs/zrm2/eval_isolated/dreamzero_feedback_a051933_kp00486968_20260727/runs/formal_libero40_fbfm_kp00486968_20_a051933/shards/gpu0/tasks/libero_10/task_002/trajectories/trial_008.npz
libero_10,2,9,True,254,146.4328308890108,0,0,True,/mnt/project_eai_hs/zrm2/eval_isolated/dreamzero_feedback_a051933_kp00486968_20260727/runs/formal_libero40_fbfm_kp00486968_20_a051933/shards/gpu0/tasks/libero_10/task_002/trajectories/trial_009.npz
libero_10,2,10,False,480,277.3918388390448,0,0,True,/mnt/project_eai_hs/zrm2/eval_isolated/dreamzero_feedback_a051933_kp00486968_20260727/runs/formal_libero40_fbfm_kp00486968_20_a051933/shards/gpu0/tasks/libero_10/task_002/trajectories/trial_010.npz
libero_10,2,11,True,253,146.47845339798369,0,0,True,/mnt/project_eai_hs/zrm2/eval_isolated/dreamzero_feedback_a051933_kp00486968_20260727/runs/formal_libero40_fbfm_kp00486968_20_a051933/shards/gpu0/tasks/libero_10/task_002/trajectories/trial_011.npz
libero_10,2,12,True,251,144.04378504795022,0,0,True,/mnt/project_eai_hs/zrm2/eval_isolated/dreamzero_feedback_a051933_kp00486968_20260727/runs/formal_libero40_fbfm_kp00486968_20_a051933/shards/gpu0/tasks/libero_10/task_002/trajectories/trial_012.npz
libero_10,2,13,True,260,153.57933789596427,0,0,True,/mnt/project_eai_hs/zrm2/eval_isolated/dreamzero_feedback_a051933_kp00486968_20260727/runs/formal_libero40_fbfm_kp00486968_20_a051933/shards/gpu0/tasks/libero_10/task_002/trajectories/trial_013.npz
libero_10,2,14,True,249,142.77719502907712,0,0,True,/mnt/project_eai_hs/zrm2/eval_isolated/dreamzero_feedback_a051933_kp00486968_20260727/runs/formal_libero40_fbfm_kp00486968_20_a051933/shards/gpu0/tasks/libero_10/task_002/trajectories/trial_014.npz
libero_10,2,15,True,265,149.3841734409798,0,0,True,/mnt/project_eai_hs/zrm2/eval_isolated/dreamzero_feedback_a051933_kp00486968_20260727/runs/formal_libero40_fbfm_kp00486968_20_a051933/shards/gpu0/tasks/libero_10/task_002/trajectories/trial_015.npz
libero_10,2,16,True,255,146.41935934894718,0,0,True,/mnt/project_eai_hs/zrm2/eval_isolated/dreamzero_feedback_a051933_kp00486968_20260727/runs/formal_libero40_fbfm_kp00486968_20_a051933/shards/gpu0/tasks/libero_10/task_002/trajectories/trial_016.npz
libero_10,2,17,True,266,150.50140970596112,0,0,True,/mnt/project_eai_hs/zrm2/eval_isolated/dreamzero_feedback_a051933_kp00486968_20260727/runs/formal_libero40_fbfm_kp00486968_20_a051933/shards/gpu0/tasks/libero_10/task_002/trajectories/trial_017.npz
libero_10,2,18,True,267,153.8243675470585,0,0,True,/mnt/project_eai_hs/zrm2/eval_isolated/dreamzero_feedback_a051933_kp00486968_20260727/runs/formal_libero40_fbfm_kp00486968_20_a051933/shards/gpu0/tasks/libero_10/task_002/trajectories/trial_018.npz
libero_10,2,19,False,480,271.7631298940396,0,0,True,/mnt/project_eai_hs/zrm2/eval_isolated/dreamzero_feedback_a051933_kp00486968_20260727/runs/formal_libero40_fbfm_kp00486968_20_a051933/shards/gpu0/tasks/libero_10/task_002/trajectories/trial_019.npz
libero_10,3,0,True,284,155.64485654199962,0,0,True,/mnt/project_eai_hs/zrm2/eval_isolated/dreamzero_feedback_a051933_kp00486968_20260727/runs/formal_libero40_fbfm_kp00486968_20_a051933/shards/gpu1/tasks/libero_10/task_003/trajectories/trial_000.npz
libero_10,3,1,False,480,265.3673983119661,0,0,True,/mnt/project_eai_hs/zrm2/eval_isolated/dreamzero_feedback_a051933_kp00486968_20260727/runs/formal_libero40_fbfm_kp00486968_20_a051933/shards/gpu1/tasks/libero_10/task_003/trajectories/trial_001.npz
libero_10,3,2,False,480,258.2058319989592,0,0,True,/mnt/project_eai_hs/zrm2/eval_isolated/dreamzero_feedback_a051933_kp00486968_20260727/runs/formal_libero40_fbfm_kp00486968_20_a051933/shards/gpu1/tasks/libero_10/task_003/trajectories/trial_002.npz
libero_10,3,3,True,225,123.09332737897057,0,0,True,/mnt/project_eai_hs/zrm2/eval_isolated/dreamzero_feedback_a051933_kp00486968_20260727/runs/formal_libero40_fbfm_kp00486968_20_a051933/shards/gpu1/tasks/libero_10/task_003/trajectories/trial_003.npz
libero_10,3,4,False,480,259.2884101009695,0,0,True,/mnt/project_eai_hs/zrm2/eval_isolated/dreamzero_feedback_a051933_kp00486968_20260727/runs/formal_libero40_fbfm_kp00486968_20_a051933/shards/gpu1/tasks/libero_10/task_003/trajectories/trial_004.npz
libero_10,3,5,True,230,125.55507420795038,0,0,True,/mnt/project_eai_hs/zrm2/eval_isolated/dreamzero_feedback_a051933_kp00486968_20260727/runs/formal_libero40_fbfm_kp00486968_20_a051933/shards/gpu1/tasks/libero_10/task_003/trajectories/trial_005.npz
libero_10,3,6,True,230,128.2246652978938,0,0,True,/mnt/project_eai_hs/zrm2/eval_isolated/dreamzero_feedback_a051933_kp00486968_20260727/runs/formal_libero40_fbfm_kp00486968_20_a051933/shards/gpu1/tasks/libero_10/task_003/trajectories/trial_006.npz
libero_10,3,7,True,226,122.66345787607133,0,0,True,/mnt/project_eai_hs/zrm2/eval_isolated/dreamzero_feedback_a051933_kp00486968_20260727/runs/formal_libero40_fbfm_kp00486968_20_a051933/shards/gpu1/tasks/libero_10/task_003/trajectories/trial_007.npz
libero_10,3,8,True,255,139.8773692100076,0,0,True,/mnt/project_eai_hs/zrm2/eval_isolated/dreamzero_feedback_a051933_kp00486968_20260727/runs/formal_libero40_fbfm_kp00486968_20_a051933/shards/gpu1/tasks/libero_10/task_003/trajectories/trial_008.npz
libero_10,3,9,False,480,259.89450670895167,0,0,True,/mnt/project_eai_hs/zrm2/eval_isolated/dreamzero_feedback_a051933_kp00486968_20260727/runs/formal_libero40_fbfm_kp00486968_20_a051933/shards/gpu1/tasks/libero_10/task_003/trajectories/trial_009.npz
libero_10,3,10,True,257,140.11404654104263,0,0,True,/mnt/project_eai_hs/zrm2/eval_isolated/dreamzero_feedback_a051933_kp00486968_20260727/runs/formal_libero40_fbfm_kp00486968_20_a051933/shards/gpu1/tasks/libero_10/task_003/trajectories/trial_010.npz
libero_10,3,11,False,480,257.7257184929913,0,0,True,/mnt/project_eai_hs/zrm2/eval_isolated/dreamzero_feedback_a051933_kp00486968_20260727/runs/formal_libero40_fbfm_kp00486968_20_a051933/shards/gpu1/tasks/libero_10/task_003/trajectories/trial_011.npz
libero_10,3,12,False,480,256.35413382493425,0,0,True,/mnt/project_eai_hs/zrm2/eval_isolated/dreamzero_feedback_a051933_kp00486968_20260727/runs/formal_libero40_fbfm_kp00486968_20_a051933/shards/gpu1/tasks/libero_10/task_003/trajectories/trial_012.npz
libero_10,3,13,True,366,197.28784345602617,0,0,True,/mnt/project_eai_hs/zrm2/eval_isolated/dreamzero_feedback_a051933_kp00486968_20260727/runs/formal_libero40_fbfm_kp00486968_20_a051933/shards/gpu1/tasks/libero_10/task_003/trajectories/trial_013.npz
libero_10,3,14,True,223,120.43804920802359,0,0,True,/mnt/project_eai_hs/zrm2/eval_isolated/dreamzero_feedback_a051933_kp00486968_20260727/runs/formal_libero40_fbfm_kp00486968_20_a051933/shards/gpu1/tasks/libero_10/task_003/trajectories/trial_014.npz
libero_10,3,15,True,228,122.57304018293507,0,0,True,/mnt/project_eai_hs/zrm2/eval_isolated/dreamzero_feedback_a051933_kp00486968_20260727/runs/formal_libero40_fbfm_kp00486968_20_a051933/shards/gpu1/tasks/libero_10/task_003/trajectories/trial_015.npz
libero_10,3,16,False,480,255.877523685107,0,0,True,/mnt/project_eai_hs/zrm2/eval_isolated/dreamzero_feedback_a051933_kp00486968_20260727/runs/formal_libero40_fbfm_kp00486968_20_a051933/shards/gpu1/tasks/libero_10/task_003/trajectories/trial_016.npz
libero_10,3,17,True,225,120.86452691291925,0,0,True,/mnt/project_eai_hs/zrm2/eval_isolated/dreamzero_feedback_a051933_kp00486968_20260727/runs/formal_libero40_fbfm_kp00486968_20_a051933/shards/gpu1/tasks/libero_10/task_003/trajectories/trial_017.npz
libero_10,3,18,True,242,130.69074716500472,0,0,True,/mnt/project_eai_hs/zrm2/eval_isolated/dreamzero_feedback_a051933_kp00486968_20260727/runs/formal_libero40_fbfm_kp00486968_20_a051933/shards/gpu1/tasks/libero_10/task_003/trajectories/trial_018.npz
libero_10,3,19,False,480,255.34534877398983,0,0,True,/mnt/project_eai_hs/zrm2/eval_isolated/dreamzero_feedback_a051933_kp00486968_20260727/runs/formal_libero40_fbfm_kp00486968_20_a051933/shards/gpu1/tasks/libero_10/task_003/trajectories/trial_019.npz
libero_10,4,0,False,480,266.40777036198415,0,0,True,/mnt/project_eai_hs/zrm2/eval_isolated/dreamzero_feedback_a051933_kp00486968_20260727/runs/formal_libero40_fbfm_kp00486968_20_a051933/shards/gpu2/tasks/libero_10/task_004/trajectories/trial_000.npz
libero_10,4,1,True,252,142.37949393701274,0,0,True,/mnt/project_eai_hs/zrm2/eval_isolated/dreamzero_feedback_a051933_kp00486968_20260727/runs/formal_libero40_fbfm_kp00486968_20_a051933/shards/gpu2/tasks/libero_10/task_004/trajectories/trial_001.npz
libero_10,4,2,True,259,144.58683536900207,0,0,True,/mnt/project_eai_hs/zrm2/eval_isolated/dreamzero_feedback_a051933_kp00486968_20260727/runs/formal_libero40_fbfm_kp00486968_20_a051933/shards/gpu2/tasks/libero_10/task_004/trajectories/trial_002.npz
libero_10,4,3,True,305,171.93474721803796,0,0,True,/mnt/project_eai_hs/zrm2/eval_isolated/dreamzero_feedback_a051933_kp00486968_20260727/runs/formal_libero40_fbfm_kp00486968_20_a051933/shards/gpu2/tasks/libero_10/task_004/trajectories/trial_003.npz
libero_10,4,4,True,285,160.3195257190382,0,0,True,/mnt/project_eai_hs/zrm2/eval_isolated/dreamzero_feedback_a051933_kp00486968_20260727/runs/formal_libero40_fbfm_kp00486968_20_a051933/shards/gpu2/tasks/libero_10/task_004/trajectories/trial_004.npz
libero_10,4,5,True,252,140.76576628605835,0,0,True,/mnt/project_eai_hs/zrm2/eval_isolated/dreamzero_feedback_a051933_kp00486968_20260727/runs/formal_libero40_fbfm_kp00486968_20_a051933/shards/gpu2/tasks/libero_10/task_004/trajectories/trial_005.npz
libero_10,4,6,True,273,154.8911950730253,0,0,True,/mnt/project_eai_hs/zrm2/eval_isolated/dreamzero_feedback_a051933_kp00486968_20260727/runs/formal_libero40_fbfm_kp00486968_20_a051933/shards/gpu2/tasks/libero_10/task_004/trajectories/trial_006.npz
libero_10,4,7,True,334,185.37302903097589,0,0,True,/mnt/project_eai_hs/zrm2/eval_isolated/dreamzero_feedback_a051933_kp00486968_20260727/runs/formal_libero40_fbfm_kp00486968_20_a051933/shards/gpu2/tasks/libero_10/task_004/trajectories/trial_007.npz
libero_10,4,8,True,246,138.629058776889,0,0,True,/mnt/project_eai_hs/zrm2/eval_isolated/dreamzero_feedback_a051933_kp00486968_20260727/runs/formal_libero40_fbfm_kp00486968_20_a051933/shards/gpu2/tasks/libero_10/task_004/trajectories/trial_008.npz
libero_10,4,9,True,357,201.2486456159968,0,0,True,/mnt/project_eai_hs/zrm2/eval_isolated/dreamzero_feedback_a051933_kp00486968_20260727/runs/formal_libero40_fbfm_kp00486968_20_a051933/shards/gpu2/tasks/libero_10/task_004/trajectories/trial_009.npz
libero_10,4,10,True,273,153.42913672805298,0,0,True,/mnt/project_eai_hs/zrm2/eval_isolated/dreamzero_feedback_a051933_kp00486968_20260727/runs/formal_libero40_fbfm_kp00486968_20_a051933/shards/gpu2/tasks/libero_10/task_004/trajectories/trial_010.npz
libero_10,4,11,True,255,144.02122350397985,0,0,True,/mnt/project_eai_hs/zrm2/eval_isolated/dreamzero_feedback_a051933_kp00486968_20260727/runs/formal_libero40_fbfm_kp00486968_20_a051933/shards/gpu2/tasks/libero_10/task_004/trajectories/trial_011.npz
libero_10,4,12,True,239,134.74116978200618,0,0,True,/mnt/project_eai_hs/zrm2/eval_isolated/dreamzero_feedback_a051933_kp00486968_20260727/runs/formal_libero40_fbfm_kp00486968_20_a051933/shards/gpu2/tasks/libero_10/task_004/trajectories/trial_012.npz
libero_10,4,13,True,282,157.25558994302992,0,0,True,/mnt/project_eai_hs/zrm2/eval_isolated/dreamzero_feedback_a051933_kp00486968_20260727/runs/formal_libero40_fbfm_kp00486968_20_a051933/shards/gpu2/tasks/libero_10/task_004/trajectories/trial_013.npz
libero_10,4,14,True,279,156.8552373170387,0,0,True,/mnt/project_eai_hs/zrm2/eval_isolated/dreamzero_feedback_a051933_kp00486968_20260727/runs/formal_libero40_fbfm_kp00486968_20_a051933/shards/gpu2/tasks/libero_10/task_004/trajectories/trial_014.npz
libero_10,4,15,True,248,138.80162718403153,0,0,True,/mnt/project_eai_hs/zrm2/eval_isolated/dreamzero_feedback_a051933_kp00486968_20260727/runs/formal_libero40_fbfm_kp00486968_20_a051933/shards/gpu2/tasks/libero_10/task_004/trajectories/trial_015.npz
libero_10,4,16,False,480,263.6750848449301,0,0,True,/mnt/project_eai_hs/zrm2/eval_isolated/dreamzero_feedback_a051933_kp00486968_20260727/runs/formal_libero40_fbfm_kp00486968_20_a051933/shards/gpu2/tasks/libero_10/task_004/trajectories/trial_016.npz
libero_10,4,17,True,247,136.1482414980419,0,0,True,/mnt/project_eai_hs/zrm2/eval_isolated/dreamzero_feedback_a051933_kp00486968_20260727/runs/formal_libero40_fbfm_kp00486968_20_a051933/shards/gpu2/tasks/libero_10/task_004/trajectories/trial_017.npz
libero_10,4,18,True,311,172.37643864296842,0,0,True,/mnt/project_eai_hs/zrm2/eval_isolated/dreamzero_feedback_a051933_kp00486968_20260727/runs/formal_libero40_fbfm_kp00486968_20_a051933/shards/gpu2/tasks/libero_10/task_004/trajectories/trial_018.npz
libero_10,4,19,True,307,172.20885015197564,0,0,True,/mnt/project_eai_hs/zrm2/eval_isolated/dreamzero_feedback_a051933_kp00486968_20260727/runs/formal_libero40_fbfm_kp00486968_20_a051933/shards/gpu2/tasks/libero_10/task_004/trajectories/trial_019.npz
libero_10,5,0,True,159,92.27079486602452,0,0,True,/mnt/project_eai_hs/zrm2/eval_isolated/dreamzero_feedback_a051933_kp00486968_20260727/runs/formal_libero40_fbfm_kp00486968_20_a051933/shards/gpu3/tasks/libero_10/task_005/trajectories/trial_000.npz
libero_10,5,1,True,208,120.4128229029011,0,0,True,/mnt/project_eai_hs/zrm2/eval_isolated/dreamzero_feedback_a051933_kp00486968_20260727/runs/formal_libero40_fbfm_kp00486968_20_a051933/shards/gpu3/tasks/libero_10/task_005/trajectories/trial_001.npz
libero_10,5,2,True,211,119.70361732505262,0,0,True,/mnt/project_eai_hs/zrm2/eval_isolated/dreamzero_feedback_a051933_kp00486968_20260727/runs/formal_libero40_fbfm_kp00486968_20_a051933/shards/gpu3/tasks/libero_10/task_005/trajectories/trial_002.npz
libero_10,5,3,True,232,133.1341586599592,0,0,True,/mnt/project_eai_hs/zrm2/eval_isolated/dreamzero_feedback_a051933_kp00486968_20260727/runs/formal_libero40_fbfm_kp00486968_20_a051933/shards/gpu3/tasks/libero_10/task_005/trajectories/trial_003.npz
libero_10,5,4,True,208,118.11697575100698,0,0,True,/mnt/project_eai_hs/zrm2/eval_isolated/dreamzero_feedback_a051933_kp00486968_20260727/runs/formal_libero40_fbfm_kp00486968_20_a051933/shards/gpu3/tasks/libero_10/task_005/trajectories/trial_004.npz
libero_10,5,5,True,205,114.4914169490803,0,0,True,/mnt/project_eai_hs/zrm2/eval_isolated/dreamzero_feedback_a051933_kp00486968_20260727/runs/formal_libero40_fbfm_kp00486968_20_a051933/shards/gpu3/tasks/libero_10/task_005/trajectories/trial_005.npz
libero_10,5,6,True,201,116.04431953595486,0,0,True,/mnt/project_eai_hs/zrm2/eval_isolated/dreamzero_feedback_a051933_kp00486968_20260727/runs/formal_libero40_fbfm_kp00486968_20_a051933/shards/gpu3/tasks/libero_10/task_005/trajectories/trial_006.npz
libero_10,5,7,True,207,116.73203394096345,0,0,True,/mnt/project_eai_hs/zrm2/eval_isolated/dreamzero_feedback_a051933_kp00486968_20260727/runs/formal_libero40_fbfm_kp00486968_20_a051933/shards/gpu3/tasks/libero_10/task_005/trajectories/trial_007.npz
libero_10,5,8,True,192,109.3084784130333,0,0,True,/mnt/project_eai_hs/zrm2/eval_isolated/dreamzero_feedback_a051933_kp00486968_20260727/runs/formal_libero40_fbfm_kp00486968_20_a051933/shards/gpu3/tasks/libero_10/task_005/trajectories/trial_008.npz
libero_10,5,9,True,201,115.17251047200989,0,0,True,/mnt/project_eai_hs/zrm2/eval_isolated/dreamzero_feedback_a051933_kp00486968_20260727/runs/formal_libero40_fbfm_kp00486968_20_a051933/shards/gpu3/tasks/libero_10/task_005/trajectories/trial_009.npz
libero_10,5,10,True,231,129.77825169602875,0,0,True,/mnt/project_eai_hs/zrm2/eval_isolated/dreamzero_feedback_a051933_kp00486968_20260727/runs/formal_libero40_fbfm_kp00486968_20_a051933/shards/gpu3/tasks/libero_10/task_005/trajectories/trial_010.npz
libero_10,5,11,True,165,93.08816564199515,0,0,True,/mnt/project_eai_hs/zrm2/eval_isolated/dreamzero_feedback_a051933_kp00486968_20260727/runs/formal_libero40_fbfm_kp00486968_20_a051933/shards/gpu3/tasks/libero_10/task_005/trajectories/trial_011.npz
libero_10,5,12,True,208,120.34899690409657,0,0,True,/mnt/project_eai_hs/zrm2/eval_isolated/dreamzero_feedback_a051933_kp00486968_20260727/runs/formal_libero40_fbfm_kp00486968_20_a051933/shards/gpu3/tasks/libero_10/task_005/trajectories/trial_012.npz
libero_10,5,13,True,207,115.7136272629723,0,0,True,/mnt/project_eai_hs/zrm2/eval_isolated/dreamzero_feedback_a051933_kp00486968_20260727/runs/formal_libero40_fbfm_kp00486968_20_a051933/shards/gpu3/tasks/libero_10/task_005/trajectories/trial_013.npz
libero_10,5,14,False,480,271.18848637503106,0,0,True,/mnt/project_eai_hs/zrm2/eval_isolated/dreamzero_feedback_a051933_kp00486968_20260727/runs/formal_libero40_fbfm_kp00486968_20_a051933/shards/gpu3/tasks/libero_10/task_005/trajectories/trial_014.npz
libero_10,5,15,True,204,115.18161378998775,0,0,True,/mnt/project_eai_hs/zrm2/eval_isolated/dreamzero_feedback_a051933_kp00486968_20260727/runs/formal_libero40_fbfm_kp00486968_20_a051933/shards/gpu3/tasks/libero_10/task_005/trajectories/trial_015.npz
libero_10,5,16,True,209,119.77812866005115,0,0,True,/mnt/project_eai_hs/zrm2/eval_isolated/dreamzero_feedback_a051933_kp00486968_20260727/runs/formal_libero40_fbfm_kp00486968_20_a051933/shards/gpu3/tasks/libero_10/task_005/trajectories/trial_016.npz
libero_10,5,17,True,201,112.1242482420057,0,0,True,/mnt/project_eai_hs/zrm2/eval_isolated/dreamzero_feedback_a051933_kp00486968_20260727/runs/formal_libero40_fbfm_kp00486968_20_a051933/shards/gpu3/tasks/libero_10/task_005/trajectories/trial_017.npz
libero_10,5,18,True,158,88.25933902594261,0,0,True,/mnt/project_eai_hs/zrm2/eval_isolated/dreamzero_feedback_a051933_kp00486968_20260727/runs/formal_libero40_fbfm_kp00486968_20_a051933/shards/gpu3/tasks/libero_10/task_005/trajectories/trial_018.npz
libero_10,5,19,True,211,122.34127526800148,0,0,True,/mnt/project_eai_hs/zrm2/eval_isolated/dreamzero_feedback_a051933_kp00486968_20260727/runs/formal_libero40_fbfm_kp00486968_20_a051933/shards/gpu3/tasks/libero_10/task_005/trajectories/trial_019.npz
libero_10,6,0,True,225,128.59621680702548,0,0,True,/mnt/project_eai_hs/zrm2/eval_isolated/dreamzero_feedback_a051933_kp00486968_20260727/runs/formal_libero40_fbfm_kp00486968_20_a051933/shards/gpu4/tasks/libero_10/task_006/trajectories/trial_000.npz
libero_10,6,1,True,229,131.56266876298469,0,0,True,/mnt/project_eai_hs/zrm2/eval_isolated/dreamzero_feedback_a051933_kp00486968_20260727/runs/formal_libero40_fbfm_kp00486968_20_a051933/shards/gpu4/tasks/libero_10/task_006/trajectories/trial_001.npz
libero_10,6,2,False,480,273.6080647050403,0,0,True,/mnt/project_eai_hs/zrm2/eval_isolated/dreamzero_feedback_a051933_kp00486968_20260727/runs/formal_libero40_fbfm_kp00486968_20_a051933/shards/gpu4/tasks/libero_10/task_006/trajectories/trial_002.npz
libero_10,6,3,True,227,130.14611048193183,0,0,True,/mnt/project_eai_hs/zrm2/eval_isolated/dreamzero_feedback_a051933_kp00486968_20260727/runs/formal_libero40_fbfm_kp00486968_20_a051933/shards/gpu4/tasks/libero_10/task_006/trajectories/trial_003.npz
libero_10,6,4,True,411,233.3408529770095,0,0,True,/mnt/project_eai_hs/zrm2/eval_isolated/dreamzero_feedback_a051933_kp00486968_20260727/runs/formal_libero40_fbfm_kp00486968_20_a051933/shards/gpu4/tasks/libero_10/task_006/trajectories/trial_004.npz
libero_10,6,5,True,292,165.80764648795594,0,0,True,/mnt/project_eai_hs/zrm2/eval_isolated/dreamzero_feedback_a051933_kp00486968_20260727/runs/formal_libero40_fbfm_kp00486968_20_a051933/shards/gpu4/tasks/libero_10/task_006/trajectories/trial_005.npz
libero_10,6,6,False,480,268.39518016099464,0,0,True,/mnt/project_eai_hs/zrm2/eval_isolated/dreamzero_feedback_a051933_kp00486968_20260727/runs/formal_libero40_fbfm_kp00486968_20_a051933/shards/gpu4/tasks/libero_10/task_006/trajectories/trial_006.npz
libero_10,6,7,True,240,138.01856553496327,0,0,True,/mnt/project_eai_hs/zrm2/eval_isolated/dreamzero_feedback_a051933_kp00486968_20260727/runs/formal_libero40_fbfm_kp00486968_20_a051933/shards/gpu4/tasks/libero_10/task_006/trajectories/trial_007.npz
libero_10,6,8,False,480,274.427570185042,0,0,True,/mnt/project_eai_hs/zrm2/eval_isolated/dreamzero_feedback_a051933_kp00486968_20260727/runs/formal_libero40_fbfm_kp00486968_20_a051933/shards/gpu4/tasks/libero_10/task_006/trajectories/trial_008.npz
libero_10,6,9,True,305,174.19630632398184,0,0,True,/mnt/project_eai_hs/zrm2/eval_isolated/dreamzero_feedback_a051933_kp00486968_20260727/runs/formal_libero40_fbfm_kp00486968_20_a051933/shards/gpu4/tasks/libero_10/task_006/trajectories/trial_009.npz
libero_10,6,10,True,227,129.8225674929563,0,0,True,/mnt/project_eai_hs/zrm2/eval_isolated/dreamzero_feedback_a051933_kp00486968_20260727/runs/formal_libero40_fbfm_kp00486968_20_a051933/shards/gpu4/tasks/libero_10/task_006/trajectories/trial_010.npz
libero_10,6,11,False,480,272.18887814111076,0,0,True,/mnt/project_eai_hs/zrm2/eval_isolated/dreamzero_feedback_a051933_kp00486968_20260727/runs/formal_libero40_fbfm_kp00486968_20_a051933/shards/gpu4/tasks/libero_10/task_006/trajectories/trial_011.npz
libero_10,6,12,True,230,130.74236607400235,0,0,True,/mnt/project_eai_hs/zrm2/eval_isolated/dreamzero_feedback_a051933_kp00486968_20260727/runs/formal_libero40_fbfm_kp00486968_20_a051933/shards/gpu4/tasks/libero_10/task_006/trajectories/trial_012.npz
libero_10,6,13,True,340,194.72714213992003,0,0,True,/mnt/project_eai_hs/zrm2/eval_isolated/dreamzero_feedback_a051933_kp00486968_20260727/runs/formal_libero40_fbfm_kp00486968_20_a051933/shards/gpu4/tasks/libero_10/task_006/trajectories/trial_013.npz
libero_10,6,14,False,480,268.7070397149073,0,0,True,/mnt/project_eai_hs/zrm2/eval_isolated/dreamzero_feedback_a051933_kp00486968_20260727/runs/formal_libero40_fbfm_kp00486968_20_a051933/shards/gpu4/tasks/libero_10/task_006/trajectories/trial_014.npz
libero_10,6,15,True,230,130.55267379898578,0,0,True,/mnt/project_eai_hs/zrm2/eval_isolated/dreamzero_feedback_a051933_kp00486968_20260727/runs/formal_libero40_fbfm_kp00486968_20_a051933/shards/gpu4/tasks/libero_10/task_006/trajectories/trial_015.npz
libero_10,6,16,False,480,267.874031352927,0,0,True,/mnt/project_eai_hs/zrm2/eval_isolated/dreamzero_feedback_a051933_kp00486968_20260727/runs/formal_libero40_fbfm_kp00486968_20_a051933/shards/gpu4/tasks/libero_10/task_006/trajectories/trial_016.npz
libero_10,6,17,True,278,157.66758735803887,0,0,True,/mnt/project_eai_hs/zrm2/eval_isolated/dreamzero_feedback_a051933_kp00486968_20260727/runs/formal_libero40_fbfm_kp00486968_20_a051933/shards/gpu4/tasks/libero_10/task_006/trajectories/trial_017.npz
libero_10,6,18,True,263,150.11028141295537,0,0,True,/mnt/project_eai_hs/zrm2/eval_isolated/dreamzero_feedback_a051933_kp00486968_20260727/runs/formal_libero40_fbfm_kp00486968_20_a051933/shards/gpu4/tasks/libero_10/task_006/trajectories/trial_018.npz
libero_10,6,19,True,292,164.27333395497408,0,0,True,/mnt/project_eai_hs/zrm2/eval_isolated/dreamzero_feedback_a051933_kp00486968_20260727/runs/formal_libero40_fbfm_kp00486968_20_a051933/shards/gpu4/tasks/libero_10/task_006/trajectories/trial_019.npz
libero_10,7,0,False,480,259.2042799979681,0,0,True,/mnt/project_eai_hs/zrm2/eval_isolated/dreamzero_feedback_a051933_kp00486968_20260727/runs/formal_libero40_fbfm_kp00486968_20_a051933/shards/gpu5/tasks/libero_10/task_007/trajectories/trial_000.npz
libero_10,7,1,True,263,141.4501840439625,0,0,True,/mnt/project_eai_hs/zrm2/eval_isolated/dreamzero_feedback_a051933_kp00486968_20260727/runs/formal_libero40_fbfm_kp00486968_20_a051933/shards/gpu5/tasks/libero_10/task_007/trajectories/trial_001.npz
libero_10,7,2,True,295,155.99349935003556,0,0,True,/mnt/project_eai_hs/zrm2/eval_isolated/dreamzero_feedback_a051933_kp00486968_20260727/runs/formal_libero40_fbfm_kp00486968_20_a051933/shards/gpu5/tasks/libero_10/task_007/trajectories/trial_002.npz
libero_10,7,3,False,480,255.87873792101163,0,0,True,/mnt/project_eai_hs/zrm2/eval_isolated/dreamzero_feedback_a051933_kp00486968_20260727/runs/formal_libero40_fbfm_kp00486968_20_a051933/shards/gpu5/tasks/libero_10/task_007/trajectories/trial_003.npz
libero_10,7,4,False,480,253.44878237100784,0,0,True,/mnt/project_eai_hs/zrm2/eval_isolated/dreamzero_feedback_a051933_kp00486968_20260727/runs/formal_libero40_fbfm_kp00486968_20_a051933/shards/gpu5/tasks/libero_10/task_007/trajectories/trial_004.npz
libero_10,7,5,True,308,165.1980955969775,0,0,True,/mnt/project_eai_hs/zrm2/eval_isolated/dreamzero_feedback_a051933_kp00486968_20260727/runs/formal_libero40_fbfm_kp00486968_20_a051933/shards/gpu5/tasks/libero_10/task_007/trajectories/trial_005.npz
libero_10,7,6,True,412,218.39836621796712,0,0,True,/mnt/project_eai_hs/zrm2/eval_isolated/dreamzero_feedback_a051933_kp00486968_20260727/runs/formal_libero40_fbfm_kp00486968_20_a051933/shards/gpu5/tasks/libero_10/task_007/trajectories/trial_006.npz
libero_10,7,7,False,480,252.77341428992804,0,0,True,/mnt/project_eai_hs/zrm2/eval_isolated/dreamzero_feedback_a051933_kp00486968_20260727/runs/formal_libero40_fbfm_kp00486968_20_a051933/shards/gpu5/tasks/libero_10/task_007/trajectories/trial_007.npz
libero_10,7,8,False,480,251.37344825302716,0,0,True,/mnt/project_eai_hs/zrm2/eval_isolated/dreamzero_feedback_a051933_kp00486968_20260727/runs/formal_libero40_fbfm_kp00486968_20_a051933/shards/gpu5/tasks/libero_10/task_007/trajectories/trial_008.npz
libero_10,7,9,False,480,251.49545656109694,0,0,True,/mnt/project_eai_hs/zrm2/eval_isolated/dreamzero_feedback_a051933_kp00486968_20260727/runs/formal_libero40_fbfm_kp00486968_20_a051933/shards/gpu5/tasks/libero_10/task_007/trajectories/trial_009.npz
libero_10,7,10,True,313,165.4340020189993,0,0,True,/mnt/project_eai_hs/zrm2/eval_isolated/dreamzero_feedback_a051933_kp00486968_20260727/runs/formal_libero40_fbfm_kp00486968_20_a051933/shards/gpu5/tasks/libero_10/task_007/trajectories/trial_010.npz
libero_10,7,11,True,289,152.98002542403992,0,0,True,/mnt/project_eai_hs/zrm2/eval_isolated/dreamzero_feedback_a051933_kp00486968_20260727/runs/formal_libero40_fbfm_kp00486968_20_a051933/shards/gpu5/tasks/libero_10/task_007/trajectories/trial_011.npz
libero_10,7,12,True,295,155.26139218895696,0,0,True,/mnt/project_eai_hs/zrm2/eval_isolated/dreamzero_feedback_a051933_kp00486968_20260727/runs/formal_libero40_fbfm_kp00486968_20_a051933/shards/gpu5/tasks/libero_10/task_007/trajectories/trial_012.npz
libero_10,7,13,True,295,155.68203904095571,0,0,True,/mnt/project_eai_hs/zrm2/eval_isolated/dreamzero_feedback_a051933_kp00486968_20260727/runs/formal_libero40_fbfm_kp00486968_20_a051933/shards/gpu5/tasks/libero_10/task_007/trajectories/trial_013.npz
libero_10,7,14,True,294,156.1464862099383,0,0,True,/mnt/project_eai_hs/zrm2/eval_isolated/dreamzero_feedback_a051933_kp00486968_20260727/runs/formal_libero40_fbfm_kp00486968_20_a051933/shards/gpu5/tasks/libero_10/task_007/trajectories/trial_014.npz
libero_10,7,15,True,258,136.71628442790825,0,0,True,/mnt/project_eai_hs/zrm2/eval_isolated/dreamzero_feedback_a051933_kp00486968_20260727/runs/formal_libero40_fbfm_kp00486968_20_a051933/shards/gpu5/tasks/libero_10/task_007/trajectories/trial_015.npz
libero_10,7,16,True,291,152.96897048898973,0,0,True,/mnt/project_eai_hs/zrm2/eval_isolated/dreamzero_feedback_a051933_kp00486968_20260727/runs/formal_libero40_fbfm_kp00486968_20_a051933/shards/gpu5/tasks/libero_10/task_007/trajectories/trial_016.npz
libero_10,7,17,True,295,156.11147563694976,0,0,True,/mnt/project_eai_hs/zrm2/eval_isolated/dreamzero_feedback_a051933_kp00486968_20260727/runs/formal_libero40_fbfm_kp00486968_20_a051933/shards/gpu5/tasks/libero_10/task_007/trajectories/trial_017.npz
libero_10,7,18,True,388,201.47881105006672,0,0,True,/mnt/project_eai_hs/zrm2/eval_isolated/dreamzero_feedback_a051933_kp00486968_20260727/runs/formal_libero40_fbfm_kp00486968_20_a051933/shards/gpu5/tasks/libero_10/task_007/trajectories/trial_018.npz
libero_10,7,19,False,480,247.62026154703926,0,0,True,/mnt/project_eai_hs/zrm2/eval_isolated/dreamzero_feedback_a051933_kp00486968_20260727/runs/formal_libero40_fbfm_kp00486968_20_a051933/shards/gpu5/tasks/libero_10/task_007/trajectories/trial_019.npz
libero_10,8,0,False,480,265.93056454497855,0,0,True,/mnt/project_eai_hs/zrm2/eval_isolated/dreamzero_feedback_a051933_kp00486968_20260727/runs/formal_libero40_fbfm_kp00486968_20_a051933/shards/gpu6/tasks/libero_10/task_008/trajectories/trial_000.npz
libero_10,8,1,False,480,264.07292984600645,0,0,True,/mnt/project_eai_hs/zrm2/eval_isolated/dreamzero_feedback_a051933_kp00486968_20260727/runs/formal_libero40_fbfm_kp00486968_20_a051933/shards/gpu6/tasks/libero_10/task_008/trajectories/trial_001.npz
libero_10,8,2,False,480,265.20427349803504,0,0,True,/mnt/project_eai_hs/zrm2/eval_isolated/dreamzero_feedback_a051933_kp00486968_20260727/runs/formal_libero40_fbfm_kp00486968_20_a051933/shards/gpu6/tasks/libero_10/task_008/trajectories/trial_002.npz
libero_10,8,3,False,480,261.14197959494777,0,0,True,/mnt/project_eai_hs/zrm2/eval_isolated/dreamzero_feedback_a051933_kp00486968_20260727/runs/formal_libero40_fbfm_kp00486968_20_a051933/shards/gpu6/tasks/libero_10/task_008/trajectories/trial_003.npz
libero_10,8,4,False,480,265.27295153192244,0,0,True,/mnt/project_eai_hs/zrm2/eval_isolated/dreamzero_feedback_a051933_kp00486968_20260727/runs/formal_libero40_fbfm_kp00486968_20_a051933/shards/gpu6/tasks/libero_10/task_008/trajectories/trial_004.npz
libero_10,8,5,False,480,262.28243580600247,0,0,True,/mnt/project_eai_hs/zrm2/eval_isolated/dreamzero_feedback_a051933_kp00486968_20260727/runs/formal_libero40_fbfm_kp00486968_20_a051933/shards/gpu6/tasks/libero_10/task_008/trajectories/trial_005.npz
libero_10,8,6,False,480,265.1981393570313,0,0,True,/mnt/project_eai_hs/zrm2/eval_isolated/dreamzero_feedback_a051933_kp00486968_20260727/runs/formal_libero40_fbfm_kp00486968_20_a051933/shards/gpu6/tasks/libero_10/task_008/trajectories/trial_006.npz
libero_10,8,7,False,480,262.6470934750978,0,0,True,/mnt/project_eai_hs/zrm2/eval_isolated/dreamzero_feedback_a051933_kp00486968_20260727/runs/formal_libero40_fbfm_kp00486968_20_a051933/shards/gpu6/tasks/libero_10/task_008/trajectories/trial_007.npz
libero_10,8,8,True,432,235.57483958196826,0,0,True,/mnt/project_eai_hs/zrm2/eval_isolated/dreamzero_feedback_a051933_kp00486968_20260727/runs/formal_libero40_fbfm_kp00486968_20_a051933/shards/gpu6/tasks/libero_10/task_008/trajectories/trial_008.npz
libero_10,8,9,True,440,245.08943875599653,0,0,True,/mnt/project_eai_hs/zrm2/eval_isolated/dreamzero_feedback_a051933_kp00486968_20260727/runs/formal_libero40_fbfm_kp00486968_20_a051933/shards/gpu6/tasks/libero_10/task_008/trajectories/trial_009.npz
libero_10,8,10,True,434,235.57180979195982,0,0,True,/mnt/project_eai_hs/zrm2/eval_isolated/dreamzero_feedback_a051933_kp00486968_20260727/runs/formal_libero40_fbfm_kp00486968_20_a051933/shards/gpu6/tasks/libero_10/task_008/trajectories/trial_010.npz
libero_10,8,11,False,480,261.8485001969384,0,0,True,/mnt/project_eai_hs/zrm2/eval_isolated/dreamzero_feedback_a051933_kp00486968_20260727/runs/formal_libero40_fbfm_kp00486968_20_a051933/shards/gpu6/tasks/libero_10/task_008/trajectories/trial_011.npz
libero_10,8,12,False,480,258.36706804297864,0,0,True,/mnt/project_eai_hs/zrm2/eval_isolated/dreamzero_feedback_a051933_kp00486968_20260727/runs/formal_libero40_fbfm_kp00486968_20_a051933/shards/gpu6/tasks/libero_10/task_008/trajectories/trial_012.npz
libero_10,8,13,True,398,213.1054899089504,0,0,True,/mnt/project_eai_hs/zrm2/eval_isolated/dreamzero_feedback_a051933_kp00486968_20260727/runs/formal_libero40_fbfm_kp00486968_20_a051933/shards/gpu6/tasks/libero_10/task_008/trajectories/trial_013.npz
libero_10,8,14,False,480,260.4735890259035,0,0,True,/mnt/project_eai_hs/zrm2/eval_isolated/dreamzero_feedback_a051933_kp00486968_20260727/runs/formal_libero40_fbfm_kp00486968_20_a051933/shards/gpu6/tasks/libero_10/task_008/trajectories/trial_014.npz
libero_10,8,15,False,480,256.62207955599297,0,0,True,/mnt/project_eai_hs/zrm2/eval_isolated/dreamzero_feedback_a051933_kp00486968_20260727/runs/formal_libero40_fbfm_kp00486968_20_a051933/shards/gpu6/tasks/libero_10/task_008/trajectories/trial_015.npz
libero_10,8,16,True,397,212.3870848149527,0,0,True,/mnt/project_eai_hs/zrm2/eval_isolated/dreamzero_feedback_a051933_kp00486968_20260727/runs/formal_libero40_fbfm_kp00486968_20_a051933/shards/gpu6/tasks/libero_10/task_008/trajectories/trial_016.npz
libero_10,8,17,False,480,263.86582626600284,0,0,True,/mnt/project_eai_hs/zrm2/eval_isolated/dreamzero_feedback_a051933_kp00486968_20260727/runs/formal_libero40_fbfm_kp00486968_20_a051933/shards/gpu6/tasks/libero_10/task_008/trajectories/trial_017.npz
libero_10,8,18,False,480,261.368264356046,0,0,True,/mnt/project_eai_hs/zrm2/eval_isolated/dreamzero_feedback_a051933_kp00486968_20260727/runs/formal_libero40_fbfm_kp00486968_20_a051933/shards/gpu6/tasks/libero_10/task_008/trajectories/trial_018.npz
libero_10,8,19,False,480,255.23379864601884,0,0,True,/mnt/project_eai_hs/zrm2/eval_isolated/dreamzero_feedback_a051933_kp00486968_20260727/runs/formal_libero40_fbfm_kp00486968_20_a051933/shards/gpu6/tasks/libero_10/task_008/trajectories/trial_019.npz
libero_10,9,0,True,250,145.48725601297338,0,0,True,/mnt/project_eai_hs/zrm2/eval_isolated/dreamzero_feedback_a051933_kp00486968_20260727/runs/formal_libero40_fbfm_kp00486968_20_a051933/shards/gpu7/tasks/libero_10/task_009/trajectories/trial_000.npz
libero_10,9,1,True,400,225.30764266301412,0,0,True,/mnt/project_eai_hs/zrm2/eval_isolated/dreamzero_feedback_a051933_kp00486968_20260727/runs/formal_libero40_fbfm_kp00486968_20_a051933/shards/gpu7/tasks/libero_10/task_009/trajectories/trial_001.npz
libero_10,9,2,True,336,188.44701497396454,0,0,True,/mnt/project_eai_hs/zrm2/eval_isolated/dreamzero_feedback_a051933_kp00486968_20260727/runs/formal_libero40_fbfm_kp00486968_20_a051933/shards/gpu7/tasks/libero_10/task_009/trajectories/trial_002.npz
libero_10,9,3,False,480,272.41082969796844,0,0,True,/mnt/project_eai_hs/zrm2/eval_isolated/dreamzero_feedback_a051933_kp00486968_20260727/runs/formal_libero40_fbfm_kp00486968_20_a051933/shards/gpu7/tasks/libero_10/task_009/trajectories/trial_003.npz
libero_10,9,4,True,396,226.96582462196238,0,0,True,/mnt/project_eai_hs/zrm2/eval_isolated/dreamzero_feedback_a051933_kp00486968_20260727/runs/formal_libero40_fbfm_kp00486968_20_a051933/shards/gpu7/tasks/libero_10/task_009/trajectories/trial_004.npz
libero_10,9,5,False,480,269.24172793491744,0,0,True,/mnt/project_eai_hs/zrm2/eval_isolated/dreamzero_feedback_a051933_kp00486968_20260727/runs/formal_libero40_fbfm_kp00486968_20_a051933/shards/gpu7/tasks/libero_10/task_009/trajectories/trial_005.npz
libero_10,9,6,False,480,267.8274254560238,0,0,True,/mnt/project_eai_hs/zrm2/eval_isolated/dreamzero_feedback_a051933_kp00486968_20260727/runs/formal_libero40_fbfm_kp00486968_20_a051933/shards/gpu7/tasks/libero_10/task_009/trajectories/trial_006.npz
libero_10,9,7,False,480,269.47526106401347,0,0,True,/mnt/project_eai_hs/zrm2/eval_isolated/dreamzero_feedback_a051933_kp00486968_20260727/runs/formal_libero40_fbfm_kp00486968_20_a051933/shards/gpu7/tasks/libero_10/task_009/trajectories/trial_007.npz
libero_10,9,8,True,340,188.82221024297178,0,0,True,/mnt/project_eai_hs/zrm2/eval_isolated/dreamzero_feedback_a051933_kp00486968_20260727/runs/formal_libero40_fbfm_kp00486968_20_a051933/shards/gpu7/tasks/libero_10/task_009/trajectories/trial_008.npz
libero_10,9,9,True,333,185.28559472202323,0,0,True,/mnt/project_eai_hs/zrm2/eval_isolated/dreamzero_feedback_a051933_kp00486968_20260727/runs/formal_libero40_fbfm_kp00486968_20_a051933/shards/gpu7/tasks/libero_10/task_009/trajectories/trial_009.npz
libero_10,9,10,False,480,268.63079978199676,0,0,True,/mnt/project_eai_hs/zrm2/eval_isolated/dreamzero_feedback_a051933_kp00486968_20260727/runs/formal_libero40_fbfm_kp00486968_20_a051933/shards/gpu7/tasks/libero_10/task_009/trajectories/trial_010.npz
libero_10,9,11,False,480,268.2240381849697,0,0,True,/mnt/project_eai_hs/zrm2/eval_isolated/dreamzero_feedback_a051933_kp00486968_20260727/runs/formal_libero40_fbfm_kp00486968_20_a051933/shards/gpu7/tasks/libero_10/task_009/trajectories/trial_011.npz
libero_10,9,12,True,342,191.90540519310161,0,0,True,/mnt/project_eai_hs/zrm2/eval_isolated/dreamzero_feedback_a051933_kp00486968_20260727/runs/formal_libero40_fbfm_kp00486968_20_a051933/shards/gpu7/tasks/libero_10/task_009/trajectories/trial_012.npz
libero_10,9,13,False,480,262.6109213300515,0,0,True,/mnt/project_eai_hs/zrm2/eval_isolated/dreamzero_feedback_a051933_kp00486968_20260727/runs/formal_libero40_fbfm_kp00486968_20_a051933/shards/gpu7/tasks/libero_10/task_009/trajectories/trial_013.npz
libero_10,9,14,False,480,262.13071387598757,0,0,True,/mnt/project_eai_hs/zrm2/eval_isolated/dreamzero_feedback_a051933_kp00486968_20260727/runs/formal_libero40_fbfm_kp00486968_20_a051933/shards/gpu7/tasks/libero_10/task_009/trajectories/trial_014.npz
libero_10,9,15,False,480,263.2219830920221,0,0,True,/mnt/project_eai_hs/zrm2/eval_isolated/dreamzero_feedback_a051933_kp00486968_20260727/runs/formal_libero40_fbfm_kp00486968_20_a051933/shards/gpu7/tasks/libero_10/task_009/trajectories/trial_015.npz
libero_10,9,16,True,389,213.9277978220489,0,0,True,/mnt/project_eai_hs/zrm2/eval_isolated/dreamzero_feedback_a051933_kp00486968_20260727/runs/formal_libero40_fbfm_kp00486968_20_a051933/shards/gpu7/tasks/libero_10/task_009/trajectories/trial_016.npz
libero_10,9,17,False,480,262.98392213799525,0,0,True,/mnt/project_eai_hs/zrm2/eval_isolated/dreamzero_feedback_a051933_kp00486968_20260727/runs/formal_libero40_fbfm_kp00486968_20_a051933/shards/gpu7/tasks/libero_10/task_009/trajectories/trial_017.npz
libero_10,9,18,False,480,261.69319230900146,0,0,True,/mnt/project_eai_hs/zrm2/eval_isolated/dreamzero_feedback_a051933_kp00486968_20260727/runs/formal_libero40_fbfm_kp00486968_20_a051933/shards/gpu7/tasks/libero_10/task_009/trajectories/trial_018.npz
libero_10,9,19,True,348,189.225049231085,0,0,True,/mnt/project_eai_hs/zrm2/eval_isolated/dreamzero_feedback_a051933_kp00486968_20260727/runs/formal_libero40_fbfm_kp00486968_20_a051933/shards/gpu7/tasks/libero_10/task_009/trajectories/trial_019.npz
