suite,task_id,trial_id,success,executed_steps,elapsed_seconds,environment_seed,model_seed,actions_finite,trajectory
libero_spatial,0,0,True,86,63.54742633202113,0,0,True,/mnt/project_eai_hs/zrm2/eval_isolated/dreamzero_feedback_cb08c9e_20260726/runs/formal_libero40_fbfm_l1mass_20_cb08c9e/shards/gpu0/tasks/libero_spatial/task_000/trajectories/trial_000.npz
libero_spatial,0,1,True,84,51.08406185498461,0,0,True,/mnt/project_eai_hs/zrm2/eval_isolated/dreamzero_feedback_cb08c9e_20260726/runs/formal_libero40_fbfm_l1mass_20_cb08c9e/shards/gpu0/tasks/libero_spatial/task_000/trajectories/trial_001.npz
libero_spatial,0,2,True,96,56.25427071598824,0,0,True,/mnt/project_eai_hs/zrm2/eval_isolated/dreamzero_feedback_cb08c9e_20260726/runs/formal_libero40_fbfm_l1mass_20_cb08c9e/shards/gpu0/tasks/libero_spatial/task_000/trajectories/trial_002.npz
libero_spatial,0,3,True,235,134.10164220700972,0,0,True,/mnt/project_eai_hs/zrm2/eval_isolated/dreamzero_feedback_cb08c9e_20260726/runs/formal_libero40_fbfm_l1mass_20_cb08c9e/shards/gpu0/tasks/libero_spatial/task_000/trajectories/trial_003.npz
libero_spatial,0,4,False,480,269.34648903203197,0,0,True,/mnt/project_eai_hs/zrm2/eval_isolated/dreamzero_feedback_cb08c9e_20260726/runs/formal_libero40_fbfm_l1mass_20_cb08c9e/shards/gpu0/tasks/libero_spatial/task_000/trajectories/trial_004.npz
libero_spatial,0,5,False,480,266.05618141999,0,0,True,/mnt/project_eai_hs/zrm2/eval_isolated/dreamzero_feedback_cb08c9e_20260726/runs/formal_libero40_fbfm_l1mass_20_cb08c9e/shards/gpu0/tasks/libero_spatial/task_000/trajectories/trial_005.npz
libero_spatial,0,6,True,199,113.72832630900666,0,0,True,/mnt/project_eai_hs/zrm2/eval_isolated/dreamzero_feedback_cb08c9e_20260726/runs/formal_libero40_fbfm_l1mass_20_cb08c9e/shards/gpu0/tasks/libero_spatial/task_000/trajectories/trial_006.npz
libero_spatial,0,7,True,100,58.41169658198487,0,0,True,/mnt/project_eai_hs/zrm2/eval_isolated/dreamzero_feedback_cb08c9e_20260726/runs/formal_libero40_fbfm_l1mass_20_cb08c9e/shards/gpu0/tasks/libero_spatial/task_000/trajectories/trial_007.npz
libero_spatial,0,8,True,84,49.84546499606222,0,0,True,/mnt/project_eai_hs/zrm2/eval_isolated/dreamzero_feedback_cb08c9e_20260726/runs/formal_libero40_fbfm_l1mass_20_cb08c9e/shards/gpu0/tasks/libero_spatial/task_000/trajectories/trial_008.npz
libero_spatial,0,9,True,184,103.38394748198334,0,0,True,/mnt/project_eai_hs/zrm2/eval_isolated/dreamzero_feedback_cb08c9e_20260726/runs/formal_libero40_fbfm_l1mass_20_cb08c9e/shards/gpu0/tasks/libero_spatial/task_000/trajectories/trial_009.npz
libero_spatial,0,10,True,87,51.72287099296227,0,0,True,/mnt/project_eai_hs/zrm2/eval_isolated/dreamzero_feedback_cb08c9e_20260726/runs/formal_libero40_fbfm_l1mass_20_cb08c9e/shards/gpu0/tasks/libero_spatial/task_000/trajectories/trial_010.npz
libero_spatial,0,11,True,107,63.00379411701579,0,0,True,/mnt/project_eai_hs/zrm2/eval_isolated/dreamzero_feedback_cb08c9e_20260726/runs/formal_libero40_fbfm_l1mass_20_cb08c9e/shards/gpu0/tasks/libero_spatial/task_000/trajectories/trial_011.npz
libero_spatial,0,12,True,87,50.555862089036964,0,0,True,/mnt/project_eai_hs/zrm2/eval_isolated/dreamzero_feedback_cb08c9e_20260726/runs/formal_libero40_fbfm_l1mass_20_cb08c9e/shards/gpu0/tasks/libero_spatial/task_000/trajectories/trial_012.npz
libero_spatial,0,13,False,480,269.5120373390382,0,0,True,/mnt/project_eai_hs/zrm2/eval_isolated/dreamzero_feedback_cb08c9e_20260726/runs/formal_libero40_fbfm_l1mass_20_cb08c9e/shards/gpu0/tasks/libero_spatial/task_000/trajectories/trial_013.npz
libero_spatial,0,14,True,166,97.67049881897401,0,0,True,/mnt/project_eai_hs/zrm2/eval_isolated/dreamzero_feedback_cb08c9e_20260726/runs/formal_libero40_fbfm_l1mass_20_cb08c9e/shards/gpu0/tasks/libero_spatial/task_000/trajectories/trial_014.npz
libero_spatial,0,15,True,88,53.56493475905154,0,0,True,/mnt/project_eai_hs/zrm2/eval_isolated/dreamzero_feedback_cb08c9e_20260726/runs/formal_libero40_fbfm_l1mass_20_cb08c9e/shards/gpu0/tasks/libero_spatial/task_000/trajectories/trial_015.npz
libero_spatial,0,16,True,86,50.10294074204285,0,0,True,/mnt/project_eai_hs/zrm2/eval_isolated/dreamzero_feedback_cb08c9e_20260726/runs/formal_libero40_fbfm_l1mass_20_cb08c9e/shards/gpu0/tasks/libero_spatial/task_000/trajectories/trial_016.npz
libero_spatial,0,17,True,189,107.7944761000108,0,0,True,/mnt/project_eai_hs/zrm2/eval_isolated/dreamzero_feedback_cb08c9e_20260726/runs/formal_libero40_fbfm_l1mass_20_cb08c9e/shards/gpu0/tasks/libero_spatial/task_000/trajectories/trial_017.npz
libero_spatial,0,18,True,88,51.37087562598754,0,0,True,/mnt/project_eai_hs/zrm2/eval_isolated/dreamzero_feedback_cb08c9e_20260726/runs/formal_libero40_fbfm_l1mass_20_cb08c9e/shards/gpu0/tasks/libero_spatial/task_000/trajectories/trial_018.npz
libero_spatial,0,19,True,109,63.4498469249811,0,0,True,/mnt/project_eai_hs/zrm2/eval_isolated/dreamzero_feedback_cb08c9e_20260726/runs/formal_libero40_fbfm_l1mass_20_cb08c9e/shards/gpu0/tasks/libero_spatial/task_000/trajectories/trial_019.npz
libero_spatial,1,0,True,172,111.52588919608388,0,0,True,/mnt/project_eai_hs/zrm2/eval_isolated/dreamzero_feedback_cb08c9e_20260726/runs/formal_libero40_fbfm_l1mass_20_cb08c9e/shards/gpu1/tasks/libero_spatial/task_001/trajectories/trial_000.npz
libero_spatial,1,1,True,166,96.57177129504271,0,0,True,/mnt/project_eai_hs/zrm2/eval_isolated/dreamzero_feedback_cb08c9e_20260726/runs/formal_libero40_fbfm_l1mass_20_cb08c9e/shards/gpu1/tasks/libero_spatial/task_001/trajectories/trial_001.npz
libero_spatial,1,2,True,179,104.16269925795496,0,0,True,/mnt/project_eai_hs/zrm2/eval_isolated/dreamzero_feedback_cb08c9e_20260726/runs/formal_libero40_fbfm_l1mass_20_cb08c9e/shards/gpu1/tasks/libero_spatial/task_001/trajectories/trial_002.npz
libero_spatial,1,3,True,163,93.3401727520395,0,0,True,/mnt/project_eai_hs/zrm2/eval_isolated/dreamzero_feedback_cb08c9e_20260726/runs/formal_libero40_fbfm_l1mass_20_cb08c9e/shards/gpu1/tasks/libero_spatial/task_001/trajectories/trial_003.npz
libero_spatial,1,4,True,138,78.65805542399175,0,0,True,/mnt/project_eai_hs/zrm2/eval_isolated/dreamzero_feedback_cb08c9e_20260726/runs/formal_libero40_fbfm_l1mass_20_cb08c9e/shards/gpu1/tasks/libero_spatial/task_001/trajectories/trial_004.npz
libero_spatial,1,5,True,337,190.24133349605836,0,0,True,/mnt/project_eai_hs/zrm2/eval_isolated/dreamzero_feedback_cb08c9e_20260726/runs/formal_libero40_fbfm_l1mass_20_cb08c9e/shards/gpu1/tasks/libero_spatial/task_001/trajectories/trial_005.npz
libero_spatial,1,6,True,165,94.67097382596694,0,0,True,/mnt/project_eai_hs/zrm2/eval_isolated/dreamzero_feedback_cb08c9e_20260726/runs/formal_libero40_fbfm_l1mass_20_cb08c9e/shards/gpu1/tasks/libero_spatial/task_001/trajectories/trial_006.npz
libero_spatial,1,7,True,362,200.94457446003798,0,0,True,/mnt/project_eai_hs/zrm2/eval_isolated/dreamzero_feedback_cb08c9e_20260726/runs/formal_libero40_fbfm_l1mass_20_cb08c9e/shards/gpu1/tasks/libero_spatial/task_001/trajectories/trial_007.npz
libero_spatial,1,8,True,139,79.74873286497314,0,0,True,/mnt/project_eai_hs/zrm2/eval_isolated/dreamzero_feedback_cb08c9e_20260726/runs/formal_libero40_fbfm_l1mass_20_cb08c9e/shards/gpu1/tasks/libero_spatial/task_001/trajectories/trial_008.npz
libero_spatial,1,9,False,480,266.34217545902357,0,0,True,/mnt/project_eai_hs/zrm2/eval_isolated/dreamzero_feedback_cb08c9e_20260726/runs/formal_libero40_fbfm_l1mass_20_cb08c9e/shards/gpu1/tasks/libero_spatial/task_001/trajectories/trial_009.npz
libero_spatial,1,10,True,189,107.34676274901722,0,0,True,/mnt/project_eai_hs/zrm2/eval_isolated/dreamzero_feedback_cb08c9e_20260726/runs/formal_libero40_fbfm_l1mass_20_cb08c9e/shards/gpu1/tasks/libero_spatial/task_001/trajectories/trial_010.npz
libero_spatial,1,11,True,144,82.05796316894703,0,0,True,/mnt/project_eai_hs/zrm2/eval_isolated/dreamzero_feedback_cb08c9e_20260726/runs/formal_libero40_fbfm_l1mass_20_cb08c9e/shards/gpu1/tasks/libero_spatial/task_001/trajectories/trial_011.npz
libero_spatial,1,12,True,139,81.81073725607712,0,0,True,/mnt/project_eai_hs/zrm2/eval_isolated/dreamzero_feedback_cb08c9e_20260726/runs/formal_libero40_fbfm_l1mass_20_cb08c9e/shards/gpu1/tasks/libero_spatial/task_001/trajectories/trial_012.npz
libero_spatial,1,13,True,138,79.5993082060013,0,0,True,/mnt/project_eai_hs/zrm2/eval_isolated/dreamzero_feedback_cb08c9e_20260726/runs/formal_libero40_fbfm_l1mass_20_cb08c9e/shards/gpu1/tasks/libero_spatial/task_001/trajectories/trial_013.npz
libero_spatial,1,14,True,137,79.69156711199321,0,0,True,/mnt/project_eai_hs/zrm2/eval_isolated/dreamzero_feedback_cb08c9e_20260726/runs/formal_libero40_fbfm_l1mass_20_cb08c9e/shards/gpu1/tasks/libero_spatial/task_001/trajectories/trial_014.npz
libero_spatial,1,15,True,163,91.90736280696001,0,0,True,/mnt/project_eai_hs/zrm2/eval_isolated/dreamzero_feedback_cb08c9e_20260726/runs/formal_libero40_fbfm_l1mass_20_cb08c9e/shards/gpu1/tasks/libero_spatial/task_001/trajectories/trial_015.npz
libero_spatial,1,16,True,232,130.03735992207658,0,0,True,/mnt/project_eai_hs/zrm2/eval_isolated/dreamzero_feedback_cb08c9e_20260726/runs/formal_libero40_fbfm_l1mass_20_cb08c9e/shards/gpu1/tasks/libero_spatial/task_001/trajectories/trial_016.npz
libero_spatial,1,17,False,480,268.73041739407927,0,0,True,/mnt/project_eai_hs/zrm2/eval_isolated/dreamzero_feedback_cb08c9e_20260726/runs/formal_libero40_fbfm_l1mass_20_cb08c9e/shards/gpu1/tasks/libero_spatial/task_001/trajectories/trial_017.npz
libero_spatial,1,18,True,132,75.31180486595258,0,0,True,/mnt/project_eai_hs/zrm2/eval_isolated/dreamzero_feedback_cb08c9e_20260726/runs/formal_libero40_fbfm_l1mass_20_cb08c9e/shards/gpu1/tasks/libero_spatial/task_001/trajectories/trial_018.npz
libero_spatial,1,19,True,168,97.39297012600582,0,0,True,/mnt/project_eai_hs/zrm2/eval_isolated/dreamzero_feedback_cb08c9e_20260726/runs/formal_libero40_fbfm_l1mass_20_cb08c9e/shards/gpu1/tasks/libero_spatial/task_001/trajectories/trial_019.npz
libero_spatial,2,0,True,115,79.63343654002529,0,0,True,/mnt/project_eai_hs/zrm2/eval_isolated/dreamzero_feedback_cb08c9e_20260726/runs/formal_libero40_fbfm_l1mass_20_cb08c9e/shards/gpu2/tasks/libero_spatial/task_002/trajectories/trial_000.npz
libero_spatial,2,1,True,114,67.25864707794972,0,0,True,/mnt/project_eai_hs/zrm2/eval_isolated/dreamzero_feedback_cb08c9e_20260726/runs/formal_libero40_fbfm_l1mass_20_cb08c9e/shards/gpu2/tasks/libero_spatial/task_002/trajectories/trial_001.npz
libero_spatial,2,2,True,104,60.74858137499541,0,0,True,/mnt/project_eai_hs/zrm2/eval_isolated/dreamzero_feedback_cb08c9e_20260726/runs/formal_libero40_fbfm_l1mass_20_cb08c9e/shards/gpu2/tasks/libero_spatial/task_002/trajectories/trial_002.npz
libero_spatial,2,3,True,108,63.005153135047294,0,0,True,/mnt/project_eai_hs/zrm2/eval_isolated/dreamzero_feedback_cb08c9e_20260726/runs/formal_libero40_fbfm_l1mass_20_cb08c9e/shards/gpu2/tasks/libero_spatial/task_002/trajectories/trial_003.npz
libero_spatial,2,4,True,105,61.58995805901941,0,0,True,/mnt/project_eai_hs/zrm2/eval_isolated/dreamzero_feedback_cb08c9e_20260726/runs/formal_libero40_fbfm_l1mass_20_cb08c9e/shards/gpu2/tasks/libero_spatial/task_002/trajectories/trial_004.npz
libero_spatial,2,5,True,108,62.833060859004036,0,0,True,/mnt/project_eai_hs/zrm2/eval_isolated/dreamzero_feedback_cb08c9e_20260726/runs/formal_libero40_fbfm_l1mass_20_cb08c9e/shards/gpu2/tasks/libero_spatial/task_002/trajectories/trial_005.npz
libero_spatial,2,6,True,117,67.41489817691036,0,0,True,/mnt/project_eai_hs/zrm2/eval_isolated/dreamzero_feedback_cb08c9e_20260726/runs/formal_libero40_fbfm_l1mass_20_cb08c9e/shards/gpu2/tasks/libero_spatial/task_002/trajectories/trial_006.npz
libero_spatial,2,7,True,113,66.14717751496937,0,0,True,/mnt/project_eai_hs/zrm2/eval_isolated/dreamzero_feedback_cb08c9e_20260726/runs/formal_libero40_fbfm_l1mass_20_cb08c9e/shards/gpu2/tasks/libero_spatial/task_002/trajectories/trial_007.npz
libero_spatial,2,8,True,127,73.4486486519454,0,0,True,/mnt/project_eai_hs/zrm2/eval_isolated/dreamzero_feedback_cb08c9e_20260726/runs/formal_libero40_fbfm_l1mass_20_cb08c9e/shards/gpu2/tasks/libero_spatial/task_002/trajectories/trial_008.npz
libero_spatial,2,9,True,113,65.03470886603463,0,0,True,/mnt/project_eai_hs/zrm2/eval_isolated/dreamzero_feedback_cb08c9e_20260726/runs/formal_libero40_fbfm_l1mass_20_cb08c9e/shards/gpu2/tasks/libero_spatial/task_002/trajectories/trial_009.npz
libero_spatial,2,10,True,110,64.23488623904996,0,0,True,/mnt/project_eai_hs/zrm2/eval_isolated/dreamzero_feedback_cb08c9e_20260726/runs/formal_libero40_fbfm_l1mass_20_cb08c9e/shards/gpu2/tasks/libero_spatial/task_002/trajectories/trial_010.npz
libero_spatial,2,11,False,480,270.54776127799414,0,0,True,/mnt/project_eai_hs/zrm2/eval_isolated/dreamzero_feedback_cb08c9e_20260726/runs/formal_libero40_fbfm_l1mass_20_cb08c9e/shards/gpu2/tasks/libero_spatial/task_002/trajectories/trial_011.npz
libero_spatial,2,12,True,115,66.39044573099818,0,0,True,/mnt/project_eai_hs/zrm2/eval_isolated/dreamzero_feedback_cb08c9e_20260726/runs/formal_libero40_fbfm_l1mass_20_cb08c9e/shards/gpu2/tasks/libero_spatial/task_002/trajectories/trial_012.npz
libero_spatial,2,13,True,107,62.64559809397906,0,0,True,/mnt/project_eai_hs/zrm2/eval_isolated/dreamzero_feedback_cb08c9e_20260726/runs/formal_libero40_fbfm_l1mass_20_cb08c9e/shards/gpu2/tasks/libero_spatial/task_002/trajectories/trial_013.npz
libero_spatial,2,14,True,106,61.88466906407848,0,0,True,/mnt/project_eai_hs/zrm2/eval_isolated/dreamzero_feedback_cb08c9e_20260726/runs/formal_libero40_fbfm_l1mass_20_cb08c9e/shards/gpu2/tasks/libero_spatial/task_002/trajectories/trial_014.npz
libero_spatial,2,15,True,106,61.75805338099599,0,0,True,/mnt/project_eai_hs/zrm2/eval_isolated/dreamzero_feedback_cb08c9e_20260726/runs/formal_libero40_fbfm_l1mass_20_cb08c9e/shards/gpu2/tasks/libero_spatial/task_002/trajectories/trial_015.npz
libero_spatial,2,16,True,105,61.5225156910019,0,0,True,/mnt/project_eai_hs/zrm2/eval_isolated/dreamzero_feedback_cb08c9e_20260726/runs/formal_libero40_fbfm_l1mass_20_cb08c9e/shards/gpu2/tasks/libero_spatial/task_002/trajectories/trial_016.npz
libero_spatial,2,17,True,116,68.04883741901722,0,0,True,/mnt/project_eai_hs/zrm2/eval_isolated/dreamzero_feedback_cb08c9e_20260726/runs/formal_libero40_fbfm_l1mass_20_cb08c9e/shards/gpu2/tasks/libero_spatial/task_002/trajectories/trial_017.npz
libero_spatial,2,18,True,109,63.66097217903007,0,0,True,/mnt/project_eai_hs/zrm2/eval_isolated/dreamzero_feedback_cb08c9e_20260726/runs/formal_libero40_fbfm_l1mass_20_cb08c9e/shards/gpu2/tasks/libero_spatial/task_002/trajectories/trial_018.npz
libero_spatial,2,19,True,103,60.408430253039114,0,0,True,/mnt/project_eai_hs/zrm2/eval_isolated/dreamzero_feedback_cb08c9e_20260726/runs/formal_libero40_fbfm_l1mass_20_cb08c9e/shards/gpu2/tasks/libero_spatial/task_002/trajectories/trial_019.npz
libero_spatial,3,0,True,250,154.56514255190268,0,0,True,/mnt/project_eai_hs/zrm2/eval_isolated/dreamzero_feedback_cb08c9e_20260726/runs/formal_libero40_fbfm_l1mass_20_cb08c9e/shards/gpu3/tasks/libero_spatial/task_003/trajectories/trial_000.npz
libero_spatial,3,1,True,429,240.2838598670205,0,0,True,/mnt/project_eai_hs/zrm2/eval_isolated/dreamzero_feedback_cb08c9e_20260726/runs/formal_libero40_fbfm_l1mass_20_cb08c9e/shards/gpu3/tasks/libero_spatial/task_003/trajectories/trial_001.npz
libero_spatial,3,2,True,425,237.76634680910502,0,0,True,/mnt/project_eai_hs/zrm2/eval_isolated/dreamzero_feedback_cb08c9e_20260726/runs/formal_libero40_fbfm_l1mass_20_cb08c9e/shards/gpu3/tasks/libero_spatial/task_003/trajectories/trial_002.npz
libero_spatial,3,3,False,480,266.82187797501683,0,0,True,/mnt/project_eai_hs/zrm2/eval_isolated/dreamzero_feedback_cb08c9e_20260726/runs/formal_libero40_fbfm_l1mass_20_cb08c9e/shards/gpu3/tasks/libero_spatial/task_003/trajectories/trial_003.npz
libero_spatial,3,4,False,480,267.92754848196637,0,0,True,/mnt/project_eai_hs/zrm2/eval_isolated/dreamzero_feedback_cb08c9e_20260726/runs/formal_libero40_fbfm_l1mass_20_cb08c9e/shards/gpu3/tasks/libero_spatial/task_003/trajectories/trial_004.npz
libero_spatial,3,5,True,186,104.92257176304702,0,0,True,/mnt/project_eai_hs/zrm2/eval_isolated/dreamzero_feedback_cb08c9e_20260726/runs/formal_libero40_fbfm_l1mass_20_cb08c9e/shards/gpu3/tasks/libero_spatial/task_003/trajectories/trial_005.npz
libero_spatial,3,6,True,164,94.13027603900991,0,0,True,/mnt/project_eai_hs/zrm2/eval_isolated/dreamzero_feedback_cb08c9e_20260726/runs/formal_libero40_fbfm_l1mass_20_cb08c9e/shards/gpu3/tasks/libero_spatial/task_003/trajectories/trial_006.npz
libero_spatial,3,7,True,140,80.37308663595468,0,0,True,/mnt/project_eai_hs/zrm2/eval_isolated/dreamzero_feedback_cb08c9e_20260726/runs/formal_libero40_fbfm_l1mass_20_cb08c9e/shards/gpu3/tasks/libero_spatial/task_003/trajectories/trial_007.npz
libero_spatial,3,8,True,139,79.11001504899468,0,0,True,/mnt/project_eai_hs/zrm2/eval_isolated/dreamzero_feedback_cb08c9e_20260726/runs/formal_libero40_fbfm_l1mass_20_cb08c9e/shards/gpu3/tasks/libero_spatial/task_003/trajectories/trial_008.npz
libero_spatial,3,9,True,248,140.12948820902966,0,0,True,/mnt/project_eai_hs/zrm2/eval_isolated/dreamzero_feedback_cb08c9e_20260726/runs/formal_libero40_fbfm_l1mass_20_cb08c9e/shards/gpu3/tasks/libero_spatial/task_003/trajectories/trial_009.npz
libero_spatial,3,10,True,152,89.45411318307742,0,0,True,/mnt/project_eai_hs/zrm2/eval_isolated/dreamzero_feedback_cb08c9e_20260726/runs/formal_libero40_fbfm_l1mass_20_cb08c9e/shards/gpu3/tasks/libero_spatial/task_003/trajectories/trial_010.npz
libero_spatial,3,11,True,159,89.97441604197957,0,0,True,/mnt/project_eai_hs/zrm2/eval_isolated/dreamzero_feedback_cb08c9e_20260726/runs/formal_libero40_fbfm_l1mass_20_cb08c9e/shards/gpu3/tasks/libero_spatial/task_003/trajectories/trial_011.npz
libero_spatial,3,12,True,203,115.11254989600275,0,0,True,/mnt/project_eai_hs/zrm2/eval_isolated/dreamzero_feedback_cb08c9e_20260726/runs/formal_libero40_fbfm_l1mass_20_cb08c9e/shards/gpu3/tasks/libero_spatial/task_003/trajectories/trial_012.npz
libero_spatial,3,13,True,103,58.76215817499906,0,0,True,/mnt/project_eai_hs/zrm2/eval_isolated/dreamzero_feedback_cb08c9e_20260726/runs/formal_libero40_fbfm_l1mass_20_cb08c9e/shards/gpu3/tasks/libero_spatial/task_003/trajectories/trial_013.npz
libero_spatial,3,14,True,118,68.93540122604463,0,0,True,/mnt/project_eai_hs/zrm2/eval_isolated/dreamzero_feedback_cb08c9e_20260726/runs/formal_libero40_fbfm_l1mass_20_cb08c9e/shards/gpu3/tasks/libero_spatial/task_003/trajectories/trial_014.npz
libero_spatial,3,15,True,370,204.69492625596467,0,0,True,/mnt/project_eai_hs/zrm2/eval_isolated/dreamzero_feedback_cb08c9e_20260726/runs/formal_libero40_fbfm_l1mass_20_cb08c9e/shards/gpu3/tasks/libero_spatial/task_003/trajectories/trial_015.npz
libero_spatial,3,16,True,156,88.3498635579599,0,0,True,/mnt/project_eai_hs/zrm2/eval_isolated/dreamzero_feedback_cb08c9e_20260726/runs/formal_libero40_fbfm_l1mass_20_cb08c9e/shards/gpu3/tasks/libero_spatial/task_003/trajectories/trial_016.npz
libero_spatial,3,17,True,169,98.55249673896469,0,0,True,/mnt/project_eai_hs/zrm2/eval_isolated/dreamzero_feedback_cb08c9e_20260726/runs/formal_libero40_fbfm_l1mass_20_cb08c9e/shards/gpu3/tasks/libero_spatial/task_003/trajectories/trial_017.npz
libero_spatial,3,18,True,103,61.45796337304637,0,0,True,/mnt/project_eai_hs/zrm2/eval_isolated/dreamzero_feedback_cb08c9e_20260726/runs/formal_libero40_fbfm_l1mass_20_cb08c9e/shards/gpu3/tasks/libero_spatial/task_003/trajectories/trial_018.npz
libero_spatial,3,19,True,111,66.6545889050467,0,0,True,/mnt/project_eai_hs/zrm2/eval_isolated/dreamzero_feedback_cb08c9e_20260726/runs/formal_libero40_fbfm_l1mass_20_cb08c9e/shards/gpu3/tasks/libero_spatial/task_003/trajectories/trial_019.npz
libero_spatial,4,0,False,480,294.6993514880305,0,0,True,/mnt/project_eai_hs/zrm2/eval_isolated/dreamzero_feedback_cb08c9e_20260726/runs/formal_libero40_fbfm_l1mass_20_cb08c9e/shards/gpu4/tasks/libero_spatial/task_004/trajectories/trial_000.npz
libero_spatial,4,1,False,480,281.558381752111,0,0,True,/mnt/project_eai_hs/zrm2/eval_isolated/dreamzero_feedback_cb08c9e_20260726/runs/formal_libero40_fbfm_l1mass_20_cb08c9e/shards/gpu4/tasks/libero_spatial/task_004/trajectories/trial_001.npz
libero_spatial,4,2,True,160,94.11473097407725,0,0,True,/mnt/project_eai_hs/zrm2/eval_isolated/dreamzero_feedback_cb08c9e_20260726/runs/formal_libero40_fbfm_l1mass_20_cb08c9e/shards/gpu4/tasks/libero_spatial/task_004/trajectories/trial_002.npz
libero_spatial,4,3,False,480,279.6195010880474,0,0,True,/mnt/project_eai_hs/zrm2/eval_isolated/dreamzero_feedback_cb08c9e_20260726/runs/formal_libero40_fbfm_l1mass_20_cb08c9e/shards/gpu4/tasks/libero_spatial/task_004/trajectories/trial_003.npz
libero_spatial,4,4,False,480,280.3113755909726,0,0,True,/mnt/project_eai_hs/zrm2/eval_isolated/dreamzero_feedback_cb08c9e_20260726/runs/formal_libero40_fbfm_l1mass_20_cb08c9e/shards/gpu4/tasks/libero_spatial/task_004/trajectories/trial_004.npz
libero_spatial,4,5,True,431,252.82894641999155,0,0,True,/mnt/project_eai_hs/zrm2/eval_isolated/dreamzero_feedback_cb08c9e_20260726/runs/formal_libero40_fbfm_l1mass_20_cb08c9e/shards/gpu4/tasks/libero_spatial/task_004/trajectories/trial_005.npz
libero_spatial,4,6,False,480,282.707220760989,0,0,True,/mnt/project_eai_hs/zrm2/eval_isolated/dreamzero_feedback_cb08c9e_20260726/runs/formal_libero40_fbfm_l1mass_20_cb08c9e/shards/gpu4/tasks/libero_spatial/task_004/trajectories/trial_006.npz
libero_spatial,4,7,True,179,106.78159659495577,0,0,True,/mnt/project_eai_hs/zrm2/eval_isolated/dreamzero_feedback_cb08c9e_20260726/runs/formal_libero40_fbfm_l1mass_20_cb08c9e/shards/gpu4/tasks/libero_spatial/task_004/trajectories/trial_007.npz
libero_spatial,4,8,True,139,83.7872229780769,0,0,True,/mnt/project_eai_hs/zrm2/eval_isolated/dreamzero_feedback_cb08c9e_20260726/runs/formal_libero40_fbfm_l1mass_20_cb08c9e/shards/gpu4/tasks/libero_spatial/task_004/trajectories/trial_008.npz
libero_spatial,4,9,False,480,281.7871612139279,0,0,True,/mnt/project_eai_hs/zrm2/eval_isolated/dreamzero_feedback_cb08c9e_20260726/runs/formal_libero40_fbfm_l1mass_20_cb08c9e/shards/gpu4/tasks/libero_spatial/task_004/trajectories/trial_009.npz
libero_spatial,4,10,True,189,111.3217070120154,0,0,True,/mnt/project_eai_hs/zrm2/eval_isolated/dreamzero_feedback_cb08c9e_20260726/runs/formal_libero40_fbfm_l1mass_20_cb08c9e/shards/gpu4/tasks/libero_spatial/task_004/trajectories/trial_010.npz
libero_spatial,4,11,False,480,284.7243739669211,0,0,True,/mnt/project_eai_hs/zrm2/eval_isolated/dreamzero_feedback_cb08c9e_20260726/runs/formal_libero40_fbfm_l1mass_20_cb08c9e/shards/gpu4/tasks/libero_spatial/task_004/trajectories/trial_011.npz
libero_spatial,4,12,False,480,279.18706168199424,0,0,True,/mnt/project_eai_hs/zrm2/eval_isolated/dreamzero_feedback_cb08c9e_20260726/runs/formal_libero40_fbfm_l1mass_20_cb08c9e/shards/gpu4/tasks/libero_spatial/task_004/trajectories/trial_012.npz
libero_spatial,4,13,True,148,88.8776712649269,0,0,True,/mnt/project_eai_hs/zrm2/eval_isolated/dreamzero_feedback_cb08c9e_20260726/runs/formal_libero40_fbfm_l1mass_20_cb08c9e/shards/gpu4/tasks/libero_spatial/task_004/trajectories/trial_013.npz
libero_spatial,4,14,False,480,284.69783873390406,0,0,True,/mnt/project_eai_hs/zrm2/eval_isolated/dreamzero_feedback_cb08c9e_20260726/runs/formal_libero40_fbfm_l1mass_20_cb08c9e/shards/gpu4/tasks/libero_spatial/task_004/trajectories/trial_014.npz
libero_spatial,4,15,True,221,133.24482954503037,0,0,True,/mnt/project_eai_hs/zrm2/eval_isolated/dreamzero_feedback_cb08c9e_20260726/runs/formal_libero40_fbfm_l1mass_20_cb08c9e/shards/gpu4/tasks/libero_spatial/task_004/trajectories/trial_015.npz
libero_spatial,4,16,True,195,115.38322482001968,0,0,True,/mnt/project_eai_hs/zrm2/eval_isolated/dreamzero_feedback_cb08c9e_20260726/runs/formal_libero40_fbfm_l1mass_20_cb08c9e/shards/gpu4/tasks/libero_spatial/task_004/trajectories/trial_016.npz
libero_spatial,4,17,True,207,122.22688813693821,0,0,True,/mnt/project_eai_hs/zrm2/eval_isolated/dreamzero_feedback_cb08c9e_20260726/runs/formal_libero40_fbfm_l1mass_20_cb08c9e/shards/gpu4/tasks/libero_spatial/task_004/trajectories/trial_017.npz
libero_spatial,4,18,False,480,280.32583605509717,0,0,True,/mnt/project_eai_hs/zrm2/eval_isolated/dreamzero_feedback_cb08c9e_20260726/runs/formal_libero40_fbfm_l1mass_20_cb08c9e/shards/gpu4/tasks/libero_spatial/task_004/trajectories/trial_018.npz
libero_spatial,4,19,False,480,284.57816283998545,0,0,True,/mnt/project_eai_hs/zrm2/eval_isolated/dreamzero_feedback_cb08c9e_20260726/runs/formal_libero40_fbfm_l1mass_20_cb08c9e/shards/gpu4/tasks/libero_spatial/task_004/trajectories/trial_019.npz
libero_spatial,5,0,False,480,293.94332043395843,0,0,True,/mnt/project_eai_hs/zrm2/eval_isolated/dreamzero_feedback_cb08c9e_20260726/runs/formal_libero40_fbfm_l1mass_20_cb08c9e/shards/gpu5/tasks/libero_spatial/task_005/trajectories/trial_000.npz
libero_spatial,5,1,True,255,150.49783599900547,0,0,True,/mnt/project_eai_hs/zrm2/eval_isolated/dreamzero_feedback_cb08c9e_20260726/runs/formal_libero40_fbfm_l1mass_20_cb08c9e/shards/gpu5/tasks/libero_spatial/task_005/trajectories/trial_001.npz
libero_spatial,5,2,False,480,278.3634656619979,0,0,True,/mnt/project_eai_hs/zrm2/eval_isolated/dreamzero_feedback_cb08c9e_20260726/runs/formal_libero40_fbfm_l1mass_20_cb08c9e/shards/gpu5/tasks/libero_spatial/task_005/trajectories/trial_002.npz
libero_spatial,5,3,False,480,276.8940862920135,0,0,True,/mnt/project_eai_hs/zrm2/eval_isolated/dreamzero_feedback_cb08c9e_20260726/runs/formal_libero40_fbfm_l1mass_20_cb08c9e/shards/gpu5/tasks/libero_spatial/task_005/trajectories/trial_003.npz
libero_spatial,5,4,False,480,273.8900169210974,0,0,True,/mnt/project_eai_hs/zrm2/eval_isolated/dreamzero_feedback_cb08c9e_20260726/runs/formal_libero40_fbfm_l1mass_20_cb08c9e/shards/gpu5/tasks/libero_spatial/task_005/trajectories/trial_004.npz
libero_spatial,5,5,False,480,277.64098015101627,0,0,True,/mnt/project_eai_hs/zrm2/eval_isolated/dreamzero_feedback_cb08c9e_20260726/runs/formal_libero40_fbfm_l1mass_20_cb08c9e/shards/gpu5/tasks/libero_spatial/task_005/trajectories/trial_005.npz
libero_spatial,5,6,False,480,279.7646300069755,0,0,True,/mnt/project_eai_hs/zrm2/eval_isolated/dreamzero_feedback_cb08c9e_20260726/runs/formal_libero40_fbfm_l1mass_20_cb08c9e/shards/gpu5/tasks/libero_spatial/task_005/trajectories/trial_006.npz
libero_spatial,5,7,False,480,276.6322743949713,0,0,True,/mnt/project_eai_hs/zrm2/eval_isolated/dreamzero_feedback_cb08c9e_20260726/runs/formal_libero40_fbfm_l1mass_20_cb08c9e/shards/gpu5/tasks/libero_spatial/task_005/trajectories/trial_007.npz
libero_spatial,5,8,False,480,274.72653758199885,0,0,True,/mnt/project_eai_hs/zrm2/eval_isolated/dreamzero_feedback_cb08c9e_20260726/runs/formal_libero40_fbfm_l1mass_20_cb08c9e/shards/gpu5/tasks/libero_spatial/task_005/trajectories/trial_008.npz
libero_spatial,5,9,True,390,228.51959139702376,0,0,True,/mnt/project_eai_hs/zrm2/eval_isolated/dreamzero_feedback_cb08c9e_20260726/runs/formal_libero40_fbfm_l1mass_20_cb08c9e/shards/gpu5/tasks/libero_spatial/task_005/trajectories/trial_009.npz
libero_spatial,5,10,False,480,278.1066939010052,0,0,True,/mnt/project_eai_hs/zrm2/eval_isolated/dreamzero_feedback_cb08c9e_20260726/runs/formal_libero40_fbfm_l1mass_20_cb08c9e/shards/gpu5/tasks/libero_spatial/task_005/trajectories/trial_010.npz
libero_spatial,5,11,True,224,131.8801606980851,0,0,True,/mnt/project_eai_hs/zrm2/eval_isolated/dreamzero_feedback_cb08c9e_20260726/runs/formal_libero40_fbfm_l1mass_20_cb08c9e/shards/gpu5/tasks/libero_spatial/task_005/trajectories/trial_011.npz
libero_spatial,5,12,False,480,277.5679406549316,0,0,True,/mnt/project_eai_hs/zrm2/eval_isolated/dreamzero_feedback_cb08c9e_20260726/runs/formal_libero40_fbfm_l1mass_20_cb08c9e/shards/gpu5/tasks/libero_spatial/task_005/trajectories/trial_012.npz
libero_spatial,5,13,False,480,277.8063353250036,0,0,True,/mnt/project_eai_hs/zrm2/eval_isolated/dreamzero_feedback_cb08c9e_20260726/runs/formal_libero40_fbfm_l1mass_20_cb08c9e/shards/gpu5/tasks/libero_spatial/task_005/trajectories/trial_013.npz
libero_spatial,5,14,False,480,275.4993103269953,0,0,True,/mnt/project_eai_hs/zrm2/eval_isolated/dreamzero_feedback_cb08c9e_20260726/runs/formal_libero40_fbfm_l1mass_20_cb08c9e/shards/gpu5/tasks/libero_spatial/task_005/trajectories/trial_014.npz
libero_spatial,5,15,False,480,286.98784840502776,0,0,True,/mnt/project_eai_hs/zrm2/eval_isolated/dreamzero_feedback_cb08c9e_20260726/runs/formal_libero40_fbfm_l1mass_20_cb08c9e/shards/gpu5/tasks/libero_spatial/task_005/trajectories/trial_015.npz
libero_spatial,5,16,False,480,276.7733303849818,0,0,True,/mnt/project_eai_hs/zrm2/eval_isolated/dreamzero_feedback_cb08c9e_20260726/runs/formal_libero40_fbfm_l1mass_20_cb08c9e/shards/gpu5/tasks/libero_spatial/task_005/trajectories/trial_016.npz
libero_spatial,5,17,False,480,278.0837795899715,0,0,True,/mnt/project_eai_hs/zrm2/eval_isolated/dreamzero_feedback_cb08c9e_20260726/runs/formal_libero40_fbfm_l1mass_20_cb08c9e/shards/gpu5/tasks/libero_spatial/task_005/trajectories/trial_017.npz
libero_spatial,5,18,False,480,277.3018295459915,0,0,True,/mnt/project_eai_hs/zrm2/eval_isolated/dreamzero_feedback_cb08c9e_20260726/runs/formal_libero40_fbfm_l1mass_20_cb08c9e/shards/gpu5/tasks/libero_spatial/task_005/trajectories/trial_018.npz
libero_spatial,5,19,False,480,277.81809792190325,0,0,True,/mnt/project_eai_hs/zrm2/eval_isolated/dreamzero_feedback_cb08c9e_20260726/runs/formal_libero40_fbfm_l1mass_20_cb08c9e/shards/gpu5/tasks/libero_spatial/task_005/trajectories/trial_019.npz
libero_spatial,6,0,True,110,77.49389013403561,0,0,True,/mnt/project_eai_hs/zrm2/eval_isolated/dreamzero_feedback_cb08c9e_20260726/runs/formal_libero40_fbfm_l1mass_20_cb08c9e/shards/gpu6/tasks/libero_spatial/task_006/trajectories/trial_000.npz
libero_spatial,6,1,True,107,63.46266490302514,0,0,True,/mnt/project_eai_hs/zrm2/eval_isolated/dreamzero_feedback_cb08c9e_20260726/runs/formal_libero40_fbfm_l1mass_20_cb08c9e/shards/gpu6/tasks/libero_spatial/task_006/trajectories/trial_001.npz
libero_spatial,6,2,True,107,62.462449677987024,0,0,True,/mnt/project_eai_hs/zrm2/eval_isolated/dreamzero_feedback_cb08c9e_20260726/runs/formal_libero40_fbfm_l1mass_20_cb08c9e/shards/gpu6/tasks/libero_spatial/task_006/trajectories/trial_002.npz
libero_spatial,6,3,True,108,62.429133155965246,0,0,True,/mnt/project_eai_hs/zrm2/eval_isolated/dreamzero_feedback_cb08c9e_20260726/runs/formal_libero40_fbfm_l1mass_20_cb08c9e/shards/gpu6/tasks/libero_spatial/task_006/trajectories/trial_003.npz
libero_spatial,6,4,True,113,65.39648031396791,0,0,True,/mnt/project_eai_hs/zrm2/eval_isolated/dreamzero_feedback_cb08c9e_20260726/runs/formal_libero40_fbfm_l1mass_20_cb08c9e/shards/gpu6/tasks/libero_spatial/task_006/trajectories/trial_004.npz
libero_spatial,6,5,True,153,86.11824290303048,0,0,True,/mnt/project_eai_hs/zrm2/eval_isolated/dreamzero_feedback_cb08c9e_20260726/runs/formal_libero40_fbfm_l1mass_20_cb08c9e/shards/gpu6/tasks/libero_spatial/task_006/trajectories/trial_005.npz
libero_spatial,6,6,True,114,65.70406189607456,0,0,True,/mnt/project_eai_hs/zrm2/eval_isolated/dreamzero_feedback_cb08c9e_20260726/runs/formal_libero40_fbfm_l1mass_20_cb08c9e/shards/gpu6/tasks/libero_spatial/task_006/trajectories/trial_006.npz
libero_spatial,6,7,True,108,63.23980232491158,0,0,True,/mnt/project_eai_hs/zrm2/eval_isolated/dreamzero_feedback_cb08c9e_20260726/runs/formal_libero40_fbfm_l1mass_20_cb08c9e/shards/gpu6/tasks/libero_spatial/task_006/trajectories/trial_007.npz
libero_spatial,6,8,True,118,68.02718533296138,0,0,True,/mnt/project_eai_hs/zrm2/eval_isolated/dreamzero_feedback_cb08c9e_20260726/runs/formal_libero40_fbfm_l1mass_20_cb08c9e/shards/gpu6/tasks/libero_spatial/task_006/trajectories/trial_008.npz
libero_spatial,6,9,True,111,64.09369576093741,0,0,True,/mnt/project_eai_hs/zrm2/eval_isolated/dreamzero_feedback_cb08c9e_20260726/runs/formal_libero40_fbfm_l1mass_20_cb08c9e/shards/gpu6/tasks/libero_spatial/task_006/trajectories/trial_009.npz
libero_spatial,6,10,True,123,71.23165829502977,0,0,True,/mnt/project_eai_hs/zrm2/eval_isolated/dreamzero_feedback_cb08c9e_20260726/runs/formal_libero40_fbfm_l1mass_20_cb08c9e/shards/gpu6/tasks/libero_spatial/task_006/trajectories/trial_010.npz
libero_spatial,6,11,True,367,205.38850048102904,0,0,True,/mnt/project_eai_hs/zrm2/eval_isolated/dreamzero_feedback_cb08c9e_20260726/runs/formal_libero40_fbfm_l1mass_20_cb08c9e/shards/gpu6/tasks/libero_spatial/task_006/trajectories/trial_011.npz
libero_spatial,6,12,True,112,65.36640795704443,0,0,True,/mnt/project_eai_hs/zrm2/eval_isolated/dreamzero_feedback_cb08c9e_20260726/runs/formal_libero40_fbfm_l1mass_20_cb08c9e/shards/gpu6/tasks/libero_spatial/task_006/trajectories/trial_012.npz
libero_spatial,6,13,True,112,64.1689261830179,0,0,True,/mnt/project_eai_hs/zrm2/eval_isolated/dreamzero_feedback_cb08c9e_20260726/runs/formal_libero40_fbfm_l1mass_20_cb08c9e/shards/gpu6/tasks/libero_spatial/task_006/trajectories/trial_013.npz
libero_spatial,6,14,True,116,66.6503834950272,0,0,True,/mnt/project_eai_hs/zrm2/eval_isolated/dreamzero_feedback_cb08c9e_20260726/runs/formal_libero40_fbfm_l1mass_20_cb08c9e/shards/gpu6/tasks/libero_spatial/task_006/trajectories/trial_014.npz
libero_spatial,6,15,True,113,65.90402944304515,0,0,True,/mnt/project_eai_hs/zrm2/eval_isolated/dreamzero_feedback_cb08c9e_20260726/runs/formal_libero40_fbfm_l1mass_20_cb08c9e/shards/gpu6/tasks/libero_spatial/task_006/trajectories/trial_015.npz
libero_spatial,6,16,True,110,64.70632948400453,0,0,True,/mnt/project_eai_hs/zrm2/eval_isolated/dreamzero_feedback_cb08c9e_20260726/runs/formal_libero40_fbfm_l1mass_20_cb08c9e/shards/gpu6/tasks/libero_spatial/task_006/trajectories/trial_016.npz
libero_spatial,6,17,True,219,124.74333138891961,0,0,True,/mnt/project_eai_hs/zrm2/eval_isolated/dreamzero_feedback_cb08c9e_20260726/runs/formal_libero40_fbfm_l1mass_20_cb08c9e/shards/gpu6/tasks/libero_spatial/task_006/trajectories/trial_017.npz
libero_spatial,6,18,True,110,64.16941899107769,0,0,True,/mnt/project_eai_hs/zrm2/eval_isolated/dreamzero_feedback_cb08c9e_20260726/runs/formal_libero40_fbfm_l1mass_20_cb08c9e/shards/gpu6/tasks/libero_spatial/task_006/trajectories/trial_018.npz
libero_spatial,6,19,True,107,62.532452933024615,0,0,True,/mnt/project_eai_hs/zrm2/eval_isolated/dreamzero_feedback_cb08c9e_20260726/runs/formal_libero40_fbfm_l1mass_20_cb08c9e/shards/gpu6/tasks/libero_spatial/task_006/trajectories/trial_019.npz
libero_spatial,7,0,True,121,81.81776198709849,0,0,True,/mnt/project_eai_hs/zrm2/eval_isolated/dreamzero_feedback_cb08c9e_20260726/runs/formal_libero40_fbfm_l1mass_20_cb08c9e/shards/gpu7/tasks/libero_spatial/task_007/trajectories/trial_000.npz
libero_spatial,7,1,True,114,67.27608344191685,0,0,True,/mnt/project_eai_hs/zrm2/eval_isolated/dreamzero_feedback_cb08c9e_20260726/runs/formal_libero40_fbfm_l1mass_20_cb08c9e/shards/gpu7/tasks/libero_spatial/task_007/trajectories/trial_001.npz
libero_spatial,7,2,True,161,91.42909734800924,0,0,True,/mnt/project_eai_hs/zrm2/eval_isolated/dreamzero_feedback_cb08c9e_20260726/runs/formal_libero40_fbfm_l1mass_20_cb08c9e/shards/gpu7/tasks/libero_spatial/task_007/trajectories/trial_002.npz
libero_spatial,7,3,True,113,65.56859519996215,0,0,True,/mnt/project_eai_hs/zrm2/eval_isolated/dreamzero_feedback_cb08c9e_20260726/runs/formal_libero40_fbfm_l1mass_20_cb08c9e/shards/gpu7/tasks/libero_spatial/task_007/trajectories/trial_003.npz
libero_spatial,7,4,True,116,66.26706922403537,0,0,True,/mnt/project_eai_hs/zrm2/eval_isolated/dreamzero_feedback_cb08c9e_20260726/runs/formal_libero40_fbfm_l1mass_20_cb08c9e/shards/gpu7/tasks/libero_spatial/task_007/trajectories/trial_004.npz
libero_spatial,7,5,True,111,63.279699268052354,0,0,True,/mnt/project_eai_hs/zrm2/eval_isolated/dreamzero_feedback_cb08c9e_20260726/runs/formal_libero40_fbfm_l1mass_20_cb08c9e/shards/gpu7/tasks/libero_spatial/task_007/trajectories/trial_005.npz
libero_spatial,7,6,True,131,75.9359412699705,0,0,True,/mnt/project_eai_hs/zrm2/eval_isolated/dreamzero_feedback_cb08c9e_20260726/runs/formal_libero40_fbfm_l1mass_20_cb08c9e/shards/gpu7/tasks/libero_spatial/task_007/trajectories/trial_006.npz
libero_spatial,7,7,True,111,64.00233406992629,0,0,True,/mnt/project_eai_hs/zrm2/eval_isolated/dreamzero_feedback_cb08c9e_20260726/runs/formal_libero40_fbfm_l1mass_20_cb08c9e/shards/gpu7/tasks/libero_spatial/task_007/trajectories/trial_007.npz
libero_spatial,7,8,True,149,85.11671677289996,0,0,True,/mnt/project_eai_hs/zrm2/eval_isolated/dreamzero_feedback_cb08c9e_20260726/runs/formal_libero40_fbfm_l1mass_20_cb08c9e/shards/gpu7/tasks/libero_spatial/task_007/trajectories/trial_008.npz
libero_spatial,7,9,True,115,66.04972113191616,0,0,True,/mnt/project_eai_hs/zrm2/eval_isolated/dreamzero_feedback_cb08c9e_20260726/runs/formal_libero40_fbfm_l1mass_20_cb08c9e/shards/gpu7/tasks/libero_spatial/task_007/trajectories/trial_009.npz
libero_spatial,7,10,False,480,264.3342297980562,0,0,True,/mnt/project_eai_hs/zrm2/eval_isolated/dreamzero_feedback_cb08c9e_20260726/runs/formal_libero40_fbfm_l1mass_20_cb08c9e/shards/gpu7/tasks/libero_spatial/task_007/trajectories/trial_010.npz
libero_spatial,7,11,True,118,68.64324544405099,0,0,True,/mnt/project_eai_hs/zrm2/eval_isolated/dreamzero_feedback_cb08c9e_20260726/runs/formal_libero40_fbfm_l1mass_20_cb08c9e/shards/gpu7/tasks/libero_spatial/task_007/trajectories/trial_011.npz
libero_spatial,7,12,True,144,82.633954926976,0,0,True,/mnt/project_eai_hs/zrm2/eval_isolated/dreamzero_feedback_cb08c9e_20260726/runs/formal_libero40_fbfm_l1mass_20_cb08c9e/shards/gpu7/tasks/libero_spatial/task_007/trajectories/trial_012.npz
libero_spatial,7,13,True,110,64.7661576399114,0,0,True,/mnt/project_eai_hs/zrm2/eval_isolated/dreamzero_feedback_cb08c9e_20260726/runs/formal_libero40_fbfm_l1mass_20_cb08c9e/shards/gpu7/tasks/libero_spatial/task_007/trajectories/trial_013.npz
libero_spatial,7,14,True,114,65.23324210499413,0,0,True,/mnt/project_eai_hs/zrm2/eval_isolated/dreamzero_feedback_cb08c9e_20260726/runs/formal_libero40_fbfm_l1mass_20_cb08c9e/shards/gpu7/tasks/libero_spatial/task_007/trajectories/trial_014.npz
libero_spatial,7,15,True,115,67.47122031904291,0,0,True,/mnt/project_eai_hs/zrm2/eval_isolated/dreamzero_feedback_cb08c9e_20260726/runs/formal_libero40_fbfm_l1mass_20_cb08c9e/shards/gpu7/tasks/libero_spatial/task_007/trajectories/trial_015.npz
libero_spatial,7,16,True,116,67.6107630050974,0,0,True,/mnt/project_eai_hs/zrm2/eval_isolated/dreamzero_feedback_cb08c9e_20260726/runs/formal_libero40_fbfm_l1mass_20_cb08c9e/shards/gpu7/tasks/libero_spatial/task_007/trajectories/trial_016.npz
libero_spatial,7,17,True,111,64.34047493699472,0,0,True,/mnt/project_eai_hs/zrm2/eval_isolated/dreamzero_feedback_cb08c9e_20260726/runs/formal_libero40_fbfm_l1mass_20_cb08c9e/shards/gpu7/tasks/libero_spatial/task_007/trajectories/trial_017.npz
libero_spatial,7,18,True,108,63.75934873404913,0,0,True,/mnt/project_eai_hs/zrm2/eval_isolated/dreamzero_feedback_cb08c9e_20260726/runs/formal_libero40_fbfm_l1mass_20_cb08c9e/shards/gpu7/tasks/libero_spatial/task_007/trajectories/trial_018.npz
libero_spatial,7,19,True,111,63.686461156001315,0,0,True,/mnt/project_eai_hs/zrm2/eval_isolated/dreamzero_feedback_cb08c9e_20260726/runs/formal_libero40_fbfm_l1mass_20_cb08c9e/shards/gpu7/tasks/libero_spatial/task_007/trajectories/trial_019.npz
libero_spatial,8,0,True,109,64.82448833598755,0,0,True,/mnt/project_eai_hs/zrm2/eval_isolated/dreamzero_feedback_cb08c9e_20260726/runs/formal_libero40_fbfm_l1mass_20_cb08c9e/shards/gpu0/tasks/libero_spatial/task_008/trajectories/trial_000.npz
libero_spatial,8,1,True,106,61.020812003989704,0,0,True,/mnt/project_eai_hs/zrm2/eval_isolated/dreamzero_feedback_cb08c9e_20260726/runs/formal_libero40_fbfm_l1mass_20_cb08c9e/shards/gpu0/tasks/libero_spatial/task_008/trajectories/trial_001.npz
libero_spatial,8,2,True,204,116.49757792195305,0,0,True,/mnt/project_eai_hs/zrm2/eval_isolated/dreamzero_feedback_cb08c9e_20260726/runs/formal_libero40_fbfm_l1mass_20_cb08c9e/shards/gpu0/tasks/libero_spatial/task_008/trajectories/trial_002.npz
libero_spatial,8,3,True,110,63.803954756003805,0,0,True,/mnt/project_eai_hs/zrm2/eval_isolated/dreamzero_feedback_cb08c9e_20260726/runs/formal_libero40_fbfm_l1mass_20_cb08c9e/shards/gpu0/tasks/libero_spatial/task_008/trajectories/trial_003.npz
libero_spatial,8,4,False,480,272.62393252400216,0,0,True,/mnt/project_eai_hs/zrm2/eval_isolated/dreamzero_feedback_cb08c9e_20260726/runs/formal_libero40_fbfm_l1mass_20_cb08c9e/shards/gpu0/tasks/libero_spatial/task_008/trajectories/trial_004.npz
libero_spatial,8,5,True,110,65.12060454091989,0,0,True,/mnt/project_eai_hs/zrm2/eval_isolated/dreamzero_feedback_cb08c9e_20260726/runs/formal_libero40_fbfm_l1mass_20_cb08c9e/shards/gpu0/tasks/libero_spatial/task_008/trajectories/trial_005.npz
libero_spatial,8,6,True,120,69.52256824204233,0,0,True,/mnt/project_eai_hs/zrm2/eval_isolated/dreamzero_feedback_cb08c9e_20260726/runs/formal_libero40_fbfm_l1mass_20_cb08c9e/shards/gpu0/tasks/libero_spatial/task_008/trajectories/trial_006.npz
libero_spatial,8,7,True,199,112.44706759811379,0,0,True,/mnt/project_eai_hs/zrm2/eval_isolated/dreamzero_feedback_cb08c9e_20260726/runs/formal_libero40_fbfm_l1mass_20_cb08c9e/shards/gpu0/tasks/libero_spatial/task_008/trajectories/trial_007.npz
libero_spatial,8,8,True,101,60.78838287200779,0,0,True,/mnt/project_eai_hs/zrm2/eval_isolated/dreamzero_feedback_cb08c9e_20260726/runs/formal_libero40_fbfm_l1mass_20_cb08c9e/shards/gpu0/tasks/libero_spatial/task_008/trajectories/trial_008.npz
libero_spatial,8,9,True,110,63.890384324942715,0,0,True,/mnt/project_eai_hs/zrm2/eval_isolated/dreamzero_feedback_cb08c9e_20260726/runs/formal_libero40_fbfm_l1mass_20_cb08c9e/shards/gpu0/tasks/libero_spatial/task_008/trajectories/trial_009.npz
libero_spatial,8,10,True,232,130.49832318595145,0,0,True,/mnt/project_eai_hs/zrm2/eval_isolated/dreamzero_feedback_cb08c9e_20260726/runs/formal_libero40_fbfm_l1mass_20_cb08c9e/shards/gpu0/tasks/libero_spatial/task_008/trajectories/trial_010.npz
libero_spatial,8,11,True,166,92.76092975097708,0,0,True,/mnt/project_eai_hs/zrm2/eval_isolated/dreamzero_feedback_cb08c9e_20260726/runs/formal_libero40_fbfm_l1mass_20_cb08c9e/shards/gpu0/tasks/libero_spatial/task_008/trajectories/trial_011.npz
libero_spatial,8,12,True,105,60.828945928951725,0,0,True,/mnt/project_eai_hs/zrm2/eval_isolated/dreamzero_feedback_cb08c9e_20260726/runs/formal_libero40_fbfm_l1mass_20_cb08c9e/shards/gpu0/tasks/libero_spatial/task_008/trajectories/trial_012.npz
libero_spatial,8,13,True,108,64.96322780707851,0,0,True,/mnt/project_eai_hs/zrm2/eval_isolated/dreamzero_feedback_cb08c9e_20260726/runs/formal_libero40_fbfm_l1mass_20_cb08c9e/shards/gpu0/tasks/libero_spatial/task_008/trajectories/trial_013.npz
libero_spatial,8,14,False,480,265.2904042659793,0,0,True,/mnt/project_eai_hs/zrm2/eval_isolated/dreamzero_feedback_cb08c9e_20260726/runs/formal_libero40_fbfm_l1mass_20_cb08c9e/shards/gpu0/tasks/libero_spatial/task_008/trajectories/trial_014.npz
libero_spatial,8,15,True,189,107.45784602605272,0,0,True,/mnt/project_eai_hs/zrm2/eval_isolated/dreamzero_feedback_cb08c9e_20260726/runs/formal_libero40_fbfm_l1mass_20_cb08c9e/shards/gpu0/tasks/libero_spatial/task_008/trajectories/trial_015.npz
libero_spatial,8,16,True,109,64.09412391902879,0,0,True,/mnt/project_eai_hs/zrm2/eval_isolated/dreamzero_feedback_cb08c9e_20260726/runs/formal_libero40_fbfm_l1mass_20_cb08c9e/shards/gpu0/tasks/libero_spatial/task_008/trajectories/trial_016.npz
libero_spatial,8,17,False,480,271.0241658729501,0,0,True,/mnt/project_eai_hs/zrm2/eval_isolated/dreamzero_feedback_cb08c9e_20260726/runs/formal_libero40_fbfm_l1mass_20_cb08c9e/shards/gpu0/tasks/libero_spatial/task_008/trajectories/trial_017.npz
libero_spatial,8,18,True,111,63.833593902993016,0,0,True,/mnt/project_eai_hs/zrm2/eval_isolated/dreamzero_feedback_cb08c9e_20260726/runs/formal_libero40_fbfm_l1mass_20_cb08c9e/shards/gpu0/tasks/libero_spatial/task_008/trajectories/trial_018.npz
libero_spatial,8,19,True,109,65.1502686709864,0,0,True,/mnt/project_eai_hs/zrm2/eval_isolated/dreamzero_feedback_cb08c9e_20260726/runs/formal_libero40_fbfm_l1mass_20_cb08c9e/shards/gpu0/tasks/libero_spatial/task_008/trajectories/trial_019.npz
libero_spatial,9,0,True,146,84.88500631903298,0,0,True,/mnt/project_eai_hs/zrm2/eval_isolated/dreamzero_feedback_cb08c9e_20260726/runs/formal_libero40_fbfm_l1mass_20_cb08c9e/shards/gpu1/tasks/libero_spatial/task_009/trajectories/trial_000.npz
libero_spatial,9,1,False,480,270.5861587659456,0,0,True,/mnt/project_eai_hs/zrm2/eval_isolated/dreamzero_feedback_cb08c9e_20260726/runs/formal_libero40_fbfm_l1mass_20_cb08c9e/shards/gpu1/tasks/libero_spatial/task_009/trajectories/trial_001.npz
libero_spatial,9,2,True,157,89.68122964003123,0,0,True,/mnt/project_eai_hs/zrm2/eval_isolated/dreamzero_feedback_cb08c9e_20260726/runs/formal_libero40_fbfm_l1mass_20_cb08c9e/shards/gpu1/tasks/libero_spatial/task_009/trajectories/trial_002.npz
libero_spatial,9,3,False,480,269.47693305800203,0,0,True,/mnt/project_eai_hs/zrm2/eval_isolated/dreamzero_feedback_cb08c9e_20260726/runs/formal_libero40_fbfm_l1mass_20_cb08c9e/shards/gpu1/tasks/libero_spatial/task_009/trajectories/trial_003.npz
libero_spatial,9,4,True,148,85.07756442797836,0,0,True,/mnt/project_eai_hs/zrm2/eval_isolated/dreamzero_feedback_cb08c9e_20260726/runs/formal_libero40_fbfm_l1mass_20_cb08c9e/shards/gpu1/tasks/libero_spatial/task_009/trajectories/trial_004.npz
libero_spatial,9,5,True,371,210.46589608700015,0,0,True,/mnt/project_eai_hs/zrm2/eval_isolated/dreamzero_feedback_cb08c9e_20260726/runs/formal_libero40_fbfm_l1mass_20_cb08c9e/shards/gpu1/tasks/libero_spatial/task_009/trajectories/trial_005.npz
libero_spatial,9,6,True,198,112.29879673407413,0,0,True,/mnt/project_eai_hs/zrm2/eval_isolated/dreamzero_feedback_cb08c9e_20260726/runs/formal_libero40_fbfm_l1mass_20_cb08c9e/shards/gpu1/tasks/libero_spatial/task_009/trajectories/trial_006.npz
libero_spatial,9,7,True,183,103.75186424003914,0,0,True,/mnt/project_eai_hs/zrm2/eval_isolated/dreamzero_feedback_cb08c9e_20260726/runs/formal_libero40_fbfm_l1mass_20_cb08c9e/shards/gpu1/tasks/libero_spatial/task_009/trajectories/trial_007.npz
libero_spatial,9,8,True,163,93.76038142398465,0,0,True,/mnt/project_eai_hs/zrm2/eval_isolated/dreamzero_feedback_cb08c9e_20260726/runs/formal_libero40_fbfm_l1mass_20_cb08c9e/shards/gpu1/tasks/libero_spatial/task_009/trajectories/trial_008.npz
libero_spatial,9,9,True,173,97.9809790130239,0,0,True,/mnt/project_eai_hs/zrm2/eval_isolated/dreamzero_feedback_cb08c9e_20260726/runs/formal_libero40_fbfm_l1mass_20_cb08c9e/shards/gpu1/tasks/libero_spatial/task_009/trajectories/trial_009.npz
libero_spatial,9,10,False,480,268.10632653103676,0,0,True,/mnt/project_eai_hs/zrm2/eval_isolated/dreamzero_feedback_cb08c9e_20260726/runs/formal_libero40_fbfm_l1mass_20_cb08c9e/shards/gpu1/tasks/libero_spatial/task_009/trajectories/trial_010.npz
libero_spatial,9,11,True,137,80.54356324393302,0,0,True,/mnt/project_eai_hs/zrm2/eval_isolated/dreamzero_feedback_cb08c9e_20260726/runs/formal_libero40_fbfm_l1mass_20_cb08c9e/shards/gpu1/tasks/libero_spatial/task_009/trajectories/trial_011.npz
libero_spatial,9,12,False,480,267.88759987498634,0,0,True,/mnt/project_eai_hs/zrm2/eval_isolated/dreamzero_feedback_cb08c9e_20260726/runs/formal_libero40_fbfm_l1mass_20_cb08c9e/shards/gpu1/tasks/libero_spatial/task_009/trajectories/trial_012.npz
libero_spatial,9,13,True,191,108.83572726405691,0,0,True,/mnt/project_eai_hs/zrm2/eval_isolated/dreamzero_feedback_cb08c9e_20260726/runs/formal_libero40_fbfm_l1mass_20_cb08c9e/shards/gpu1/tasks/libero_spatial/task_009/trajectories/trial_013.npz
libero_spatial,9,14,True,156,88.8604222079739,0,0,True,/mnt/project_eai_hs/zrm2/eval_isolated/dreamzero_feedback_cb08c9e_20260726/runs/formal_libero40_fbfm_l1mass_20_cb08c9e/shards/gpu1/tasks/libero_spatial/task_009/trajectories/trial_014.npz
libero_spatial,9,15,True,189,107.28909285902046,0,0,True,/mnt/project_eai_hs/zrm2/eval_isolated/dreamzero_feedback_cb08c9e_20260726/runs/formal_libero40_fbfm_l1mass_20_cb08c9e/shards/gpu1/tasks/libero_spatial/task_009/trajectories/trial_015.npz
libero_spatial,9,16,False,480,270.2418793999823,0,0,True,/mnt/project_eai_hs/zrm2/eval_isolated/dreamzero_feedback_cb08c9e_20260726/runs/formal_libero40_fbfm_l1mass_20_cb08c9e/shards/gpu1/tasks/libero_spatial/task_009/trajectories/trial_016.npz
libero_spatial,9,17,True,162,95.35202886303887,0,0,True,/mnt/project_eai_hs/zrm2/eval_isolated/dreamzero_feedback_cb08c9e_20260726/runs/formal_libero40_fbfm_l1mass_20_cb08c9e/shards/gpu1/tasks/libero_spatial/task_009/trajectories/trial_017.npz
libero_spatial,9,18,False,480,270.4438399010105,0,0,True,/mnt/project_eai_hs/zrm2/eval_isolated/dreamzero_feedback_cb08c9e_20260726/runs/formal_libero40_fbfm_l1mass_20_cb08c9e/shards/gpu1/tasks/libero_spatial/task_009/trajectories/trial_018.npz
libero_spatial,9,19,False,480,268.81141428509727,0,0,True,/mnt/project_eai_hs/zrm2/eval_isolated/dreamzero_feedback_cb08c9e_20260726/runs/formal_libero40_fbfm_l1mass_20_cb08c9e/shards/gpu1/tasks/libero_spatial/task_009/trajectories/trial_019.npz
libero_object,0,0,True,372,209.03158939594869,0,0,True,/mnt/project_eai_hs/zrm2/eval_isolated/dreamzero_feedback_cb08c9e_20260726/runs/formal_libero40_fbfm_l1mass_20_cb08c9e/shards/gpu2/tasks/libero_object/task_000/trajectories/trial_000.npz
libero_object,0,1,False,480,266.23832101898734,0,0,True,/mnt/project_eai_hs/zrm2/eval_isolated/dreamzero_feedback_cb08c9e_20260726/runs/formal_libero40_fbfm_l1mass_20_cb08c9e/shards/gpu2/tasks/libero_object/task_000/trajectories/trial_001.npz
libero_object,0,2,False,480,263.8336905830074,0,0,True,/mnt/project_eai_hs/zrm2/eval_isolated/dreamzero_feedback_cb08c9e_20260726/runs/formal_libero40_fbfm_l1mass_20_cb08c9e/shards/gpu2/tasks/libero_object/task_000/trajectories/trial_002.npz
libero_object,0,3,True,205,115.27801464102231,0,0,True,/mnt/project_eai_hs/zrm2/eval_isolated/dreamzero_feedback_cb08c9e_20260726/runs/formal_libero40_fbfm_l1mass_20_cb08c9e/shards/gpu2/tasks/libero_object/task_000/trajectories/trial_003.npz
libero_object,0,4,False,480,269.0828161269892,0,0,True,/mnt/project_eai_hs/zrm2/eval_isolated/dreamzero_feedback_cb08c9e_20260726/runs/formal_libero40_fbfm_l1mass_20_cb08c9e/shards/gpu2/tasks/libero_object/task_000/trajectories/trial_004.npz
libero_object,0,5,True,223,124.99061005201656,0,0,True,/mnt/project_eai_hs/zrm2/eval_isolated/dreamzero_feedback_cb08c9e_20260726/runs/formal_libero40_fbfm_l1mass_20_cb08c9e/shards/gpu2/tasks/libero_object/task_000/trajectories/trial_005.npz
libero_object,0,6,False,480,266.09167761192657,0,0,True,/mnt/project_eai_hs/zrm2/eval_isolated/dreamzero_feedback_cb08c9e_20260726/runs/formal_libero40_fbfm_l1mass_20_cb08c9e/shards/gpu2/tasks/libero_object/task_000/trajectories/trial_006.npz
libero_object,0,7,True,305,168.08833694795612,0,0,True,/mnt/project_eai_hs/zrm2/eval_isolated/dreamzero_feedback_cb08c9e_20260726/runs/formal_libero40_fbfm_l1mass_20_cb08c9e/shards/gpu2/tasks/libero_object/task_000/trajectories/trial_007.npz
libero_object,0,8,True,162,92.11449760291725,0,0,True,/mnt/project_eai_hs/zrm2/eval_isolated/dreamzero_feedback_cb08c9e_20260726/runs/formal_libero40_fbfm_l1mass_20_cb08c9e/shards/gpu2/tasks/libero_object/task_000/trajectories/trial_008.npz
libero_object,0,9,False,480,267.8874656679109,0,0,True,/mnt/project_eai_hs/zrm2/eval_isolated/dreamzero_feedback_cb08c9e_20260726/runs/formal_libero40_fbfm_l1mass_20_cb08c9e/shards/gpu2/tasks/libero_object/task_000/trajectories/trial_009.npz
libero_object,0,10,True,226,126.47821171197575,0,0,True,/mnt/project_eai_hs/zrm2/eval_isolated/dreamzero_feedback_cb08c9e_20260726/runs/formal_libero40_fbfm_l1mass_20_cb08c9e/shards/gpu2/tasks/libero_object/task_000/trajectories/trial_010.npz
libero_object,0,11,True,220,124.64349860197399,0,0,True,/mnt/project_eai_hs/zrm2/eval_isolated/dreamzero_feedback_cb08c9e_20260726/runs/formal_libero40_fbfm_l1mass_20_cb08c9e/shards/gpu2/tasks/libero_object/task_000/trajectories/trial_011.npz
libero_object,0,12,True,184,103.04878031997941,0,0,True,/mnt/project_eai_hs/zrm2/eval_isolated/dreamzero_feedback_cb08c9e_20260726/runs/formal_libero40_fbfm_l1mass_20_cb08c9e/shards/gpu2/tasks/libero_object/task_000/trajectories/trial_012.npz
libero_object,0,13,True,194,110.95227212307509,0,0,True,/mnt/project_eai_hs/zrm2/eval_isolated/dreamzero_feedback_cb08c9e_20260726/runs/formal_libero40_fbfm_l1mass_20_cb08c9e/shards/gpu2/tasks/libero_object/task_000/trajectories/trial_013.npz
libero_object,0,14,True,337,189.31426263903268,0,0,True,/mnt/project_eai_hs/zrm2/eval_isolated/dreamzero_feedback_cb08c9e_20260726/runs/formal_libero40_fbfm_l1mass_20_cb08c9e/shards/gpu2/tasks/libero_object/task_000/trajectories/trial_014.npz
libero_object,0,15,False,480,265.31364567100536,0,0,True,/mnt/project_eai_hs/zrm2/eval_isolated/dreamzero_feedback_cb08c9e_20260726/runs/formal_libero40_fbfm_l1mass_20_cb08c9e/shards/gpu2/tasks/libero_object/task_000/trajectories/trial_015.npz
libero_object,0,16,True,179,100.55465318798088,0,0,True,/mnt/project_eai_hs/zrm2/eval_isolated/dreamzero_feedback_cb08c9e_20260726/runs/formal_libero40_fbfm_l1mass_20_cb08c9e/shards/gpu2/tasks/libero_object/task_000/trajectories/trial_016.npz
libero_object,0,17,True,219,122.90251807298046,0,0,True,/mnt/project_eai_hs/zrm2/eval_isolated/dreamzero_feedback_cb08c9e_20260726/runs/formal_libero40_fbfm_l1mass_20_cb08c9e/shards/gpu2/tasks/libero_object/task_000/trajectories/trial_017.npz
libero_object,0,18,True,167,97.12626927311067,0,0,True,/mnt/project_eai_hs/zrm2/eval_isolated/dreamzero_feedback_cb08c9e_20260726/runs/formal_libero40_fbfm_l1mass_20_cb08c9e/shards/gpu2/tasks/libero_object/task_000/trajectories/trial_018.npz
libero_object,0,19,True,222,127.53256363398395,0,0,True,/mnt/project_eai_hs/zrm2/eval_isolated/dreamzero_feedback_cb08c9e_20260726/runs/formal_libero40_fbfm_l1mass_20_cb08c9e/shards/gpu2/tasks/libero_object/task_000/trajectories/trial_019.npz
libero_object,1,0,True,144,82.1543147690827,0,0,True,/mnt/project_eai_hs/zrm2/eval_isolated/dreamzero_feedback_cb08c9e_20260726/runs/formal_libero40_fbfm_l1mass_20_cb08c9e/shards/gpu3/tasks/libero_object/task_001/trajectories/trial_000.npz
libero_object,1,1,True,182,103.28692352189682,0,0,True,/mnt/project_eai_hs/zrm2/eval_isolated/dreamzero_feedback_cb08c9e_20260726/runs/formal_libero40_fbfm_l1mass_20_cb08c9e/shards/gpu3/tasks/libero_object/task_001/trajectories/trial_001.npz
libero_object,1,2,True,379,210.06391324603464,0,0,True,/mnt/project_eai_hs/zrm2/eval_isolated/dreamzero_feedback_cb08c9e_20260726/runs/formal_libero40_fbfm_l1mass_20_cb08c9e/shards/gpu3/tasks/libero_object/task_001/trajectories/trial_002.npz
libero_object,1,3,True,184,103.43312811595388,0,0,True,/mnt/project_eai_hs/zrm2/eval_isolated/dreamzero_feedback_cb08c9e_20260726/runs/formal_libero40_fbfm_l1mass_20_cb08c9e/shards/gpu3/tasks/libero_object/task_001/trajectories/trial_003.npz
libero_object,1,4,True,136,76.30642909102608,0,0,True,/mnt/project_eai_hs/zrm2/eval_isolated/dreamzero_feedback_cb08c9e_20260726/runs/formal_libero40_fbfm_l1mass_20_cb08c9e/shards/gpu3/tasks/libero_object/task_001/trajectories/trial_004.npz
libero_object,1,5,True,135,75.92536148498766,0,0,True,/mnt/project_eai_hs/zrm2/eval_isolated/dreamzero_feedback_cb08c9e_20260726/runs/formal_libero40_fbfm_l1mass_20_cb08c9e/shards/gpu3/tasks/libero_object/task_001/trajectories/trial_005.npz
libero_object,1,6,True,137,79.4599589779973,0,0,True,/mnt/project_eai_hs/zrm2/eval_isolated/dreamzero_feedback_cb08c9e_20260726/runs/formal_libero40_fbfm_l1mass_20_cb08c9e/shards/gpu3/tasks/libero_object/task_001/trajectories/trial_006.npz
libero_object,1,7,True,135,76.7520844170358,0,0,True,/mnt/project_eai_hs/zrm2/eval_isolated/dreamzero_feedback_cb08c9e_20260726/runs/formal_libero40_fbfm_l1mass_20_cb08c9e/shards/gpu3/tasks/libero_object/task_001/trajectories/trial_007.npz
libero_object,1,8,True,145,80.84518748801202,0,0,True,/mnt/project_eai_hs/zrm2/eval_isolated/dreamzero_feedback_cb08c9e_20260726/runs/formal_libero40_fbfm_l1mass_20_cb08c9e/shards/gpu3/tasks/libero_object/task_001/trajectories/trial_008.npz
libero_object,1,9,True,135,76.5027090429794,0,0,True,/mnt/project_eai_hs/zrm2/eval_isolated/dreamzero_feedback_cb08c9e_20260726/runs/formal_libero40_fbfm_l1mass_20_cb08c9e/shards/gpu3/tasks/libero_object/task_001/trajectories/trial_009.npz
libero_object,1,10,True,143,81.44025931798387,0,0,True,/mnt/project_eai_hs/zrm2/eval_isolated/dreamzero_feedback_cb08c9e_20260726/runs/formal_libero40_fbfm_l1mass_20_cb08c9e/shards/gpu3/tasks/libero_object/task_001/trajectories/trial_010.npz
libero_object,1,11,True,242,134.65935854392592,0,0,True,/mnt/project_eai_hs/zrm2/eval_isolated/dreamzero_feedback_cb08c9e_20260726/runs/formal_libero40_fbfm_l1mass_20_cb08c9e/shards/gpu3/tasks/libero_object/task_001/trajectories/trial_011.npz
libero_object,1,12,False,480,266.5385907239979,0,0,True,/mnt/project_eai_hs/zrm2/eval_isolated/dreamzero_feedback_cb08c9e_20260726/runs/formal_libero40_fbfm_l1mass_20_cb08c9e/shards/gpu3/tasks/libero_object/task_001/trajectories/trial_012.npz
libero_object,1,13,False,480,263.8512252420187,0,0,True,/mnt/project_eai_hs/zrm2/eval_isolated/dreamzero_feedback_cb08c9e_20260726/runs/formal_libero40_fbfm_l1mass_20_cb08c9e/shards/gpu3/tasks/libero_object/task_001/trajectories/trial_013.npz
libero_object,1,14,True,302,169.25238955498207,0,0,True,/mnt/project_eai_hs/zrm2/eval_isolated/dreamzero_feedback_cb08c9e_20260726/runs/formal_libero40_fbfm_l1mass_20_cb08c9e/shards/gpu3/tasks/libero_object/task_001/trajectories/trial_014.npz
libero_object,1,15,True,133,75.04350642801728,0,0,True,/mnt/project_eai_hs/zrm2/eval_isolated/dreamzero_feedback_cb08c9e_20260726/runs/formal_libero40_fbfm_l1mass_20_cb08c9e/shards/gpu3/tasks/libero_object/task_001/trajectories/trial_015.npz
libero_object,1,16,True,143,80.1170066880295,0,0,True,/mnt/project_eai_hs/zrm2/eval_isolated/dreamzero_feedback_cb08c9e_20260726/runs/formal_libero40_fbfm_l1mass_20_cb08c9e/shards/gpu3/tasks/libero_object/task_001/trajectories/trial_016.npz
libero_object,1,17,True,179,101.74330608500168,0,0,True,/mnt/project_eai_hs/zrm2/eval_isolated/dreamzero_feedback_cb08c9e_20260726/runs/formal_libero40_fbfm_l1mass_20_cb08c9e/shards/gpu3/tasks/libero_object/task_001/trajectories/trial_017.npz
libero_object,1,18,True,137,78.57014941901434,0,0,True,/mnt/project_eai_hs/zrm2/eval_isolated/dreamzero_feedback_cb08c9e_20260726/runs/formal_libero40_fbfm_l1mass_20_cb08c9e/shards/gpu3/tasks/libero_object/task_001/trajectories/trial_018.npz
libero_object,1,19,True,149,85.38371933996677,0,0,True,/mnt/project_eai_hs/zrm2/eval_isolated/dreamzero_feedback_cb08c9e_20260726/runs/formal_libero40_fbfm_l1mass_20_cb08c9e/shards/gpu3/tasks/libero_object/task_001/trajectories/trial_019.npz
libero_object,2,0,False,480,276.02083566598594,0,0,True,/mnt/project_eai_hs/zrm2/eval_isolated/dreamzero_feedback_cb08c9e_20260726/runs/formal_libero40_fbfm_l1mass_20_cb08c9e/shards/gpu4/tasks/libero_object/task_002/trajectories/trial_000.npz
libero_object,2,1,True,333,190.44226347096264,0,0,True,/mnt/project_eai_hs/zrm2/eval_isolated/dreamzero_feedback_cb08c9e_20260726/runs/formal_libero40_fbfm_l1mass_20_cb08c9e/shards/gpu4/tasks/libero_object/task_002/trajectories/trial_001.npz
libero_object,2,2,True,139,82.75014415197074,0,0,True,/mnt/project_eai_hs/zrm2/eval_isolated/dreamzero_feedback_cb08c9e_20260726/runs/formal_libero40_fbfm_l1mass_20_cb08c9e/shards/gpu4/tasks/libero_object/task_002/trajectories/trial_002.npz
libero_object,2,3,True,124,76.50233125395607,0,0,True,/mnt/project_eai_hs/zrm2/eval_isolated/dreamzero_feedback_cb08c9e_20260726/runs/formal_libero40_fbfm_l1mass_20_cb08c9e/shards/gpu4/tasks/libero_object/task_002/trajectories/trial_003.npz
libero_object,2,4,False,480,276.472077073995,0,0,True,/mnt/project_eai_hs/zrm2/eval_isolated/dreamzero_feedback_cb08c9e_20260726/runs/formal_libero40_fbfm_l1mass_20_cb08c9e/shards/gpu4/tasks/libero_object/task_002/trajectories/trial_004.npz
libero_object,2,5,True,131,78.09551332495175,0,0,True,/mnt/project_eai_hs/zrm2/eval_isolated/dreamzero_feedback_cb08c9e_20260726/runs/formal_libero40_fbfm_l1mass_20_cb08c9e/shards/gpu4/tasks/libero_object/task_002/trajectories/trial_005.npz
libero_object,2,6,True,130,76.12286621809471,0,0,True,/mnt/project_eai_hs/zrm2/eval_isolated/dreamzero_feedback_cb08c9e_20260726/runs/formal_libero40_fbfm_l1mass_20_cb08c9e/shards/gpu4/tasks/libero_object/task_002/trajectories/trial_006.npz
libero_object,2,7,False,480,276.3648384530097,0,0,True,/mnt/project_eai_hs/zrm2/eval_isolated/dreamzero_feedback_cb08c9e_20260726/runs/formal_libero40_fbfm_l1mass_20_cb08c9e/shards/gpu4/tasks/libero_object/task_002/trajectories/trial_007.npz
libero_object,2,8,True,127,74.91706330294255,0,0,True,/mnt/project_eai_hs/zrm2/eval_isolated/dreamzero_feedback_cb08c9e_20260726/runs/formal_libero40_fbfm_l1mass_20_cb08c9e/shards/gpu4/tasks/libero_object/task_002/trajectories/trial_008.npz
libero_object,2,9,True,132,78.9273159429431,0,0,True,/mnt/project_eai_hs/zrm2/eval_isolated/dreamzero_feedback_cb08c9e_20260726/runs/formal_libero40_fbfm_l1mass_20_cb08c9e/shards/gpu4/tasks/libero_object/task_002/trajectories/trial_009.npz
libero_object,2,10,True,135,79.3541691530263,0,0,True,/mnt/project_eai_hs/zrm2/eval_isolated/dreamzero_feedback_cb08c9e_20260726/runs/formal_libero40_fbfm_l1mass_20_cb08c9e/shards/gpu4/tasks/libero_object/task_002/trajectories/trial_010.npz
libero_object,2,11,True,127,74.40367403603159,0,0,True,/mnt/project_eai_hs/zrm2/eval_isolated/dreamzero_feedback_cb08c9e_20260726/runs/formal_libero40_fbfm_l1mass_20_cb08c9e/shards/gpu4/tasks/libero_object/task_002/trajectories/trial_011.npz
libero_object,2,12,False,480,273.1538960499456,0,0,True,/mnt/project_eai_hs/zrm2/eval_isolated/dreamzero_feedback_cb08c9e_20260726/runs/formal_libero40_fbfm_l1mass_20_cb08c9e/shards/gpu4/tasks/libero_object/task_002/trajectories/trial_012.npz
libero_object,2,13,True,211,122.83876323094591,0,0,True,/mnt/project_eai_hs/zrm2/eval_isolated/dreamzero_feedback_cb08c9e_20260726/runs/formal_libero40_fbfm_l1mass_20_cb08c9e/shards/gpu4/tasks/libero_object/task_002/trajectories/trial_013.npz
libero_object,2,14,True,130,77.58607439498883,0,0,True,/mnt/project_eai_hs/zrm2/eval_isolated/dreamzero_feedback_cb08c9e_20260726/runs/formal_libero40_fbfm_l1mass_20_cb08c9e/shards/gpu4/tasks/libero_object/task_002/trajectories/trial_014.npz
libero_object,2,15,True,160,94.5166444319766,0,0,True,/mnt/project_eai_hs/zrm2/eval_isolated/dreamzero_feedback_cb08c9e_20260726/runs/formal_libero40_fbfm_l1mass_20_cb08c9e/shards/gpu4/tasks/libero_object/task_002/trajectories/trial_015.npz
libero_object,2,16,False,480,276.8316765059717,0,0,True,/mnt/project_eai_hs/zrm2/eval_isolated/dreamzero_feedback_cb08c9e_20260726/runs/formal_libero40_fbfm_l1mass_20_cb08c9e/shards/gpu4/tasks/libero_object/task_002/trajectories/trial_016.npz
libero_object,2,17,True,137,79.85202643705998,0,0,True,/mnt/project_eai_hs/zrm2/eval_isolated/dreamzero_feedback_cb08c9e_20260726/runs/formal_libero40_fbfm_l1mass_20_cb08c9e/shards/gpu4/tasks/libero_object/task_002/trajectories/trial_017.npz
libero_object,2,18,True,336,192.57794678397477,0,0,True,/mnt/project_eai_hs/zrm2/eval_isolated/dreamzero_feedback_cb08c9e_20260726/runs/formal_libero40_fbfm_l1mass_20_cb08c9e/shards/gpu4/tasks/libero_object/task_002/trajectories/trial_018.npz
libero_object,2,19,False,480,275.80272624106146,0,0,True,/mnt/project_eai_hs/zrm2/eval_isolated/dreamzero_feedback_cb08c9e_20260726/runs/formal_libero40_fbfm_l1mass_20_cb08c9e/shards/gpu4/tasks/libero_object/task_002/trajectories/trial_019.npz
libero_object,3,0,True,134,79.77535298303701,0,0,True,/mnt/project_eai_hs/zrm2/eval_isolated/dreamzero_feedback_cb08c9e_20260726/runs/formal_libero40_fbfm_l1mass_20_cb08c9e/shards/gpu5/tasks/libero_object/task_003/trajectories/trial_000.npz
libero_object,3,1,True,121,71.91265526495408,0,0,True,/mnt/project_eai_hs/zrm2/eval_isolated/dreamzero_feedback_cb08c9e_20260726/runs/formal_libero40_fbfm_l1mass_20_cb08c9e/shards/gpu5/tasks/libero_object/task_003/trajectories/trial_001.npz
libero_object,3,2,True,301,172.5767200550763,0,0,True,/mnt/project_eai_hs/zrm2/eval_isolated/dreamzero_feedback_cb08c9e_20260726/runs/formal_libero40_fbfm_l1mass_20_cb08c9e/shards/gpu5/tasks/libero_object/task_003/trajectories/trial_002.npz
libero_object,3,3,True,141,82.61366693302989,0,0,True,/mnt/project_eai_hs/zrm2/eval_isolated/dreamzero_feedback_cb08c9e_20260726/runs/formal_libero40_fbfm_l1mass_20_cb08c9e/shards/gpu5/tasks/libero_object/task_003/trajectories/trial_003.npz
libero_object,3,4,True,140,84.28457141108811,0,0,True,/mnt/project_eai_hs/zrm2/eval_isolated/dreamzero_feedback_cb08c9e_20260726/runs/formal_libero40_fbfm_l1mass_20_cb08c9e/shards/gpu5/tasks/libero_object/task_003/trajectories/trial_004.npz
libero_object,3,5,True,147,86.739598190994,0,0,True,/mnt/project_eai_hs/zrm2/eval_isolated/dreamzero_feedback_cb08c9e_20260726/runs/formal_libero40_fbfm_l1mass_20_cb08c9e/shards/gpu5/tasks/libero_object/task_003/trajectories/trial_005.npz
libero_object,3,6,True,145,85.13643773004878,0,0,True,/mnt/project_eai_hs/zrm2/eval_isolated/dreamzero_feedback_cb08c9e_20260726/runs/formal_libero40_fbfm_l1mass_20_cb08c9e/shards/gpu5/tasks/libero_object/task_003/trajectories/trial_006.npz
libero_object,3,7,True,287,166.11720812995918,0,0,True,/mnt/project_eai_hs/zrm2/eval_isolated/dreamzero_feedback_cb08c9e_20260726/runs/formal_libero40_fbfm_l1mass_20_cb08c9e/shards/gpu5/tasks/libero_object/task_003/trajectories/trial_007.npz
libero_object,3,8,True,146,85.40172366902698,0,0,True,/mnt/project_eai_hs/zrm2/eval_isolated/dreamzero_feedback_cb08c9e_20260726/runs/formal_libero40_fbfm_l1mass_20_cb08c9e/shards/gpu5/tasks/libero_object/task_003/trajectories/trial_008.npz
libero_object,3,9,True,148,87.74917417101096,0,0,True,/mnt/project_eai_hs/zrm2/eval_isolated/dreamzero_feedback_cb08c9e_20260726/runs/formal_libero40_fbfm_l1mass_20_cb08c9e/shards/gpu5/tasks/libero_object/task_003/trajectories/trial_009.npz
libero_object,3,10,True,142,85.6959520910168,0,0,True,/mnt/project_eai_hs/zrm2/eval_isolated/dreamzero_feedback_cb08c9e_20260726/runs/formal_libero40_fbfm_l1mass_20_cb08c9e/shards/gpu5/tasks/libero_object/task_003/trajectories/trial_010.npz
libero_object,3,11,True,147,87.17836736002937,0,0,True,/mnt/project_eai_hs/zrm2/eval_isolated/dreamzero_feedback_cb08c9e_20260726/runs/formal_libero40_fbfm_l1mass_20_cb08c9e/shards/gpu5/tasks/libero_object/task_003/trajectories/trial_011.npz
libero_object,3,12,True,315,182.58998431102373,0,0,True,/mnt/project_eai_hs/zrm2/eval_isolated/dreamzero_feedback_cb08c9e_20260726/runs/formal_libero40_fbfm_l1mass_20_cb08c9e/shards/gpu5/tasks/libero_object/task_003/trajectories/trial_012.npz
libero_object,3,13,True,146,86.65005386294797,0,0,True,/mnt/project_eai_hs/zrm2/eval_isolated/dreamzero_feedback_cb08c9e_20260726/runs/formal_libero40_fbfm_l1mass_20_cb08c9e/shards/gpu5/tasks/libero_object/task_003/trajectories/trial_013.npz
libero_object,3,14,True,144,85.28852607193403,0,0,True,/mnt/project_eai_hs/zrm2/eval_isolated/dreamzero_feedback_cb08c9e_20260726/runs/formal_libero40_fbfm_l1mass_20_cb08c9e/shards/gpu5/tasks/libero_object/task_003/trajectories/trial_014.npz
libero_object,3,15,True,213,123.11162755498663,0,0,True,/mnt/project_eai_hs/zrm2/eval_isolated/dreamzero_feedback_cb08c9e_20260726/runs/formal_libero40_fbfm_l1mass_20_cb08c9e/shards/gpu5/tasks/libero_object/task_003/trajectories/trial_015.npz
libero_object,3,16,True,146,85.49084703298286,0,0,True,/mnt/project_eai_hs/zrm2/eval_isolated/dreamzero_feedback_cb08c9e_20260726/runs/formal_libero40_fbfm_l1mass_20_cb08c9e/shards/gpu5/tasks/libero_object/task_003/trajectories/trial_016.npz
libero_object,3,17,True,146,86.78313693299424,0,0,True,/mnt/project_eai_hs/zrm2/eval_isolated/dreamzero_feedback_cb08c9e_20260726/runs/formal_libero40_fbfm_l1mass_20_cb08c9e/shards/gpu5/tasks/libero_object/task_003/trajectories/trial_017.npz
libero_object,3,18,True,142,84.32431206398178,0,0,True,/mnt/project_eai_hs/zrm2/eval_isolated/dreamzero_feedback_cb08c9e_20260726/runs/formal_libero40_fbfm_l1mass_20_cb08c9e/shards/gpu5/tasks/libero_object/task_003/trajectories/trial_018.npz
libero_object,3,19,True,146,86.79452593298629,0,0,True,/mnt/project_eai_hs/zrm2/eval_isolated/dreamzero_feedback_cb08c9e_20260726/runs/formal_libero40_fbfm_l1mass_20_cb08c9e/shards/gpu5/tasks/libero_object/task_003/trajectories/trial_019.npz
libero_object,4,0,True,174,99.20628417702392,0,0,True,/mnt/project_eai_hs/zrm2/eval_isolated/dreamzero_feedback_cb08c9e_20260726/runs/formal_libero40_fbfm_l1mass_20_cb08c9e/shards/gpu6/tasks/libero_object/task_004/trajectories/trial_000.npz
libero_object,4,1,True,213,118.99969731795136,0,0,True,/mnt/project_eai_hs/zrm2/eval_isolated/dreamzero_feedback_cb08c9e_20260726/runs/formal_libero40_fbfm_l1mass_20_cb08c9e/shards/gpu6/tasks/libero_object/task_004/trajectories/trial_001.npz
libero_object,4,2,False,480,264.9195857209852,0,0,True,/mnt/project_eai_hs/zrm2/eval_isolated/dreamzero_feedback_cb08c9e_20260726/runs/formal_libero40_fbfm_l1mass_20_cb08c9e/shards/gpu6/tasks/libero_object/task_004/trajectories/trial_002.npz
libero_object,4,3,False,480,259.50459496106487,0,0,True,/mnt/project_eai_hs/zrm2/eval_isolated/dreamzero_feedback_cb08c9e_20260726/runs/formal_libero40_fbfm_l1mass_20_cb08c9e/shards/gpu6/tasks/libero_object/task_004/trajectories/trial_003.npz
libero_object,4,4,True,205,113.0192342310911,0,0,True,/mnt/project_eai_hs/zrm2/eval_isolated/dreamzero_feedback_cb08c9e_20260726/runs/formal_libero40_fbfm_l1mass_20_cb08c9e/shards/gpu6/tasks/libero_object/task_004/trajectories/trial_004.npz
libero_object,4,5,True,315,174.15942612104118,0,0,True,/mnt/project_eai_hs/zrm2/eval_isolated/dreamzero_feedback_cb08c9e_20260726/runs/formal_libero40_fbfm_l1mass_20_cb08c9e/shards/gpu6/tasks/libero_object/task_004/trajectories/trial_005.npz
libero_object,4,6,True,160,91.59802885900717,0,0,True,/mnt/project_eai_hs/zrm2/eval_isolated/dreamzero_feedback_cb08c9e_20260726/runs/formal_libero40_fbfm_l1mass_20_cb08c9e/shards/gpu6/tasks/libero_object/task_004/trajectories/trial_006.npz
libero_object,4,7,False,480,258.9840446760645,0,0,True,/mnt/project_eai_hs/zrm2/eval_isolated/dreamzero_feedback_cb08c9e_20260726/runs/formal_libero40_fbfm_l1mass_20_cb08c9e/shards/gpu6/tasks/libero_object/task_004/trajectories/trial_007.npz
libero_object,4,8,True,203,113.52144562196918,0,0,True,/mnt/project_eai_hs/zrm2/eval_isolated/dreamzero_feedback_cb08c9e_20260726/runs/formal_libero40_fbfm_l1mass_20_cb08c9e/shards/gpu6/tasks/libero_object/task_004/trajectories/trial_008.npz
libero_object,4,9,False,480,258.9340204469627,0,0,True,/mnt/project_eai_hs/zrm2/eval_isolated/dreamzero_feedback_cb08c9e_20260726/runs/formal_libero40_fbfm_l1mass_20_cb08c9e/shards/gpu6/tasks/libero_object/task_004/trajectories/trial_009.npz
libero_object,4,10,False,480,261.3296432290226,0,0,True,/mnt/project_eai_hs/zrm2/eval_isolated/dreamzero_feedback_cb08c9e_20260726/runs/formal_libero40_fbfm_l1mass_20_cb08c9e/shards/gpu6/tasks/libero_object/task_004/trajectories/trial_010.npz
libero_object,4,11,False,480,261.5049593360163,0,0,True,/mnt/project_eai_hs/zrm2/eval_isolated/dreamzero_feedback_cb08c9e_20260726/runs/formal_libero40_fbfm_l1mass_20_cb08c9e/shards/gpu6/tasks/libero_object/task_004/trajectories/trial_011.npz
libero_object,4,12,False,480,261.0859265299514,0,0,True,/mnt/project_eai_hs/zrm2/eval_isolated/dreamzero_feedback_cb08c9e_20260726/runs/formal_libero40_fbfm_l1mass_20_cb08c9e/shards/gpu6/tasks/libero_object/task_004/trajectories/trial_012.npz
libero_object,4,13,True,168,94.27591475308873,0,0,True,/mnt/project_eai_hs/zrm2/eval_isolated/dreamzero_feedback_cb08c9e_20260726/runs/formal_libero40_fbfm_l1mass_20_cb08c9e/shards/gpu6/tasks/libero_object/task_004/trajectories/trial_013.npz
libero_object,4,14,False,480,264.04782780399546,0,0,True,/mnt/project_eai_hs/zrm2/eval_isolated/dreamzero_feedback_cb08c9e_20260726/runs/formal_libero40_fbfm_l1mass_20_cb08c9e/shards/gpu6/tasks/libero_object/task_004/trajectories/trial_014.npz
libero_object,4,15,True,171,94.38652672898024,0,0,True,/mnt/project_eai_hs/zrm2/eval_isolated/dreamzero_feedback_cb08c9e_20260726/runs/formal_libero40_fbfm_l1mass_20_cb08c9e/shards/gpu6/tasks/libero_object/task_004/trajectories/trial_015.npz
libero_object,4,16,True,211,117.61522439308465,0,0,True,/mnt/project_eai_hs/zrm2/eval_isolated/dreamzero_feedback_cb08c9e_20260726/runs/formal_libero40_fbfm_l1mass_20_cb08c9e/shards/gpu6/tasks/libero_object/task_004/trajectories/trial_016.npz
libero_object,4,17,False,480,265.78258079104125,0,0,True,/mnt/project_eai_hs/zrm2/eval_isolated/dreamzero_feedback_cb08c9e_20260726/runs/formal_libero40_fbfm_l1mass_20_cb08c9e/shards/gpu6/tasks/libero_object/task_004/trajectories/trial_017.npz
libero_object,4,18,True,209,117.39858620997984,0,0,True,/mnt/project_eai_hs/zrm2/eval_isolated/dreamzero_feedback_cb08c9e_20260726/runs/formal_libero40_fbfm_l1mass_20_cb08c9e/shards/gpu6/tasks/libero_object/task_004/trajectories/trial_018.npz
libero_object,4,19,False,480,266.6074825800024,0,0,True,/mnt/project_eai_hs/zrm2/eval_isolated/dreamzero_feedback_cb08c9e_20260726/runs/formal_libero40_fbfm_l1mass_20_cb08c9e/shards/gpu6/tasks/libero_object/task_004/trajectories/trial_019.npz
libero_object,5,0,True,157,87.9865960610332,0,0,True,/mnt/project_eai_hs/zrm2/eval_isolated/dreamzero_feedback_cb08c9e_20260726/runs/formal_libero40_fbfm_l1mass_20_cb08c9e/shards/gpu7/tasks/libero_object/task_005/trajectories/trial_000.npz
libero_object,5,1,True,158,88.4881793919485,0,0,True,/mnt/project_eai_hs/zrm2/eval_isolated/dreamzero_feedback_cb08c9e_20260726/runs/formal_libero40_fbfm_l1mass_20_cb08c9e/shards/gpu7/tasks/libero_object/task_005/trajectories/trial_001.npz
libero_object,5,2,True,157,89.02276148903184,0,0,True,/mnt/project_eai_hs/zrm2/eval_isolated/dreamzero_feedback_cb08c9e_20260726/runs/formal_libero40_fbfm_l1mass_20_cb08c9e/shards/gpu7/tasks/libero_object/task_005/trajectories/trial_002.npz
libero_object,5,3,True,157,88.65320101100951,0,0,True,/mnt/project_eai_hs/zrm2/eval_isolated/dreamzero_feedback_cb08c9e_20260726/runs/formal_libero40_fbfm_l1mass_20_cb08c9e/shards/gpu7/tasks/libero_object/task_005/trajectories/trial_003.npz
libero_object,5,4,True,138,80.39955510303844,0,0,True,/mnt/project_eai_hs/zrm2/eval_isolated/dreamzero_feedback_cb08c9e_20260726/runs/formal_libero40_fbfm_l1mass_20_cb08c9e/shards/gpu7/tasks/libero_object/task_005/trajectories/trial_004.npz
libero_object,5,5,True,138,79.86677309800871,0,0,True,/mnt/project_eai_hs/zrm2/eval_isolated/dreamzero_feedback_cb08c9e_20260726/runs/formal_libero40_fbfm_l1mass_20_cb08c9e/shards/gpu7/tasks/libero_object/task_005/trajectories/trial_005.npz
libero_object,5,6,True,147,81.84070616203826,0,0,True,/mnt/project_eai_hs/zrm2/eval_isolated/dreamzero_feedback_cb08c9e_20260726/runs/formal_libero40_fbfm_l1mass_20_cb08c9e/shards/gpu7/tasks/libero_object/task_005/trajectories/trial_006.npz
libero_object,5,7,True,137,75.68468592106365,0,0,True,/mnt/project_eai_hs/zrm2/eval_isolated/dreamzero_feedback_cb08c9e_20260726/runs/formal_libero40_fbfm_l1mass_20_cb08c9e/shards/gpu7/tasks/libero_object/task_005/trajectories/trial_007.npz
libero_object,5,8,True,139,76.51784476800822,0,0,True,/mnt/project_eai_hs/zrm2/eval_isolated/dreamzero_feedback_cb08c9e_20260726/runs/formal_libero40_fbfm_l1mass_20_cb08c9e/shards/gpu7/tasks/libero_object/task_005/trajectories/trial_008.npz
libero_object,5,9,True,137,77.70261745597236,0,0,True,/mnt/project_eai_hs/zrm2/eval_isolated/dreamzero_feedback_cb08c9e_20260726/runs/formal_libero40_fbfm_l1mass_20_cb08c9e/shards/gpu7/tasks/libero_object/task_005/trajectories/trial_009.npz
libero_object,5,10,True,145,82.47738121601287,0,0,True,/mnt/project_eai_hs/zrm2/eval_isolated/dreamzero_feedback_cb08c9e_20260726/runs/formal_libero40_fbfm_l1mass_20_cb08c9e/shards/gpu7/tasks/libero_object/task_005/trajectories/trial_010.npz
libero_object,5,11,True,149,85.02869527600706,0,0,True,/mnt/project_eai_hs/zrm2/eval_isolated/dreamzero_feedback_cb08c9e_20260726/runs/formal_libero40_fbfm_l1mass_20_cb08c9e/shards/gpu7/tasks/libero_object/task_005/trajectories/trial_011.npz
libero_object,5,12,True,153,86.95416502607986,0,0,True,/mnt/project_eai_hs/zrm2/eval_isolated/dreamzero_feedback_cb08c9e_20260726/runs/formal_libero40_fbfm_l1mass_20_cb08c9e/shards/gpu7/tasks/libero_object/task_005/trajectories/trial_012.npz
libero_object,5,13,True,161,91.46673389500938,0,0,True,/mnt/project_eai_hs/zrm2/eval_isolated/dreamzero_feedback_cb08c9e_20260726/runs/formal_libero40_fbfm_l1mass_20_cb08c9e/shards/gpu7/tasks/libero_object/task_005/trajectories/trial_013.npz
libero_object,5,14,True,137,80.25569777702913,0,0,True,/mnt/project_eai_hs/zrm2/eval_isolated/dreamzero_feedback_cb08c9e_20260726/runs/formal_libero40_fbfm_l1mass_20_cb08c9e/shards/gpu7/tasks/libero_object/task_005/trajectories/trial_014.npz
libero_object,5,15,True,133,75.9927868299419,0,0,True,/mnt/project_eai_hs/zrm2/eval_isolated/dreamzero_feedback_cb08c9e_20260726/runs/formal_libero40_fbfm_l1mass_20_cb08c9e/shards/gpu7/tasks/libero_object/task_005/trajectories/trial_015.npz
libero_object,5,16,True,148,83.75893442996312,0,0,True,/mnt/project_eai_hs/zrm2/eval_isolated/dreamzero_feedback_cb08c9e_20260726/runs/formal_libero40_fbfm_l1mass_20_cb08c9e/shards/gpu7/tasks/libero_object/task_005/trajectories/trial_016.npz
libero_object,5,17,True,267,145.81371205300093,0,0,True,/mnt/project_eai_hs/zrm2/eval_isolated/dreamzero_feedback_cb08c9e_20260726/runs/formal_libero40_fbfm_l1mass_20_cb08c9e/shards/gpu7/tasks/libero_object/task_005/trajectories/trial_017.npz
libero_object,5,18,True,154,85.6480208520079,0,0,True,/mnt/project_eai_hs/zrm2/eval_isolated/dreamzero_feedback_cb08c9e_20260726/runs/formal_libero40_fbfm_l1mass_20_cb08c9e/shards/gpu7/tasks/libero_object/task_005/trajectories/trial_018.npz
libero_object,5,19,True,168,92.85519022797234,0,0,True,/mnt/project_eai_hs/zrm2/eval_isolated/dreamzero_feedback_cb08c9e_20260726/runs/formal_libero40_fbfm_l1mass_20_cb08c9e/shards/gpu7/tasks/libero_object/task_005/trajectories/trial_019.npz
libero_object,6,0,True,286,161.93227053293958,0,0,True,/mnt/project_eai_hs/zrm2/eval_isolated/dreamzero_feedback_cb08c9e_20260726/runs/formal_libero40_fbfm_l1mass_20_cb08c9e/shards/gpu0/tasks/libero_object/task_006/trajectories/trial_000.npz
libero_object,6,1,False,480,267.6536191399209,0,0,True,/mnt/project_eai_hs/zrm2/eval_isolated/dreamzero_feedback_cb08c9e_20260726/runs/formal_libero40_fbfm_l1mass_20_cb08c9e/shards/gpu0/tasks/libero_object/task_006/trajectories/trial_001.npz
libero_object,6,2,True,210,117.44648312102072,0,0,True,/mnt/project_eai_hs/zrm2/eval_isolated/dreamzero_feedback_cb08c9e_20260726/runs/formal_libero40_fbfm_l1mass_20_cb08c9e/shards/gpu0/tasks/libero_object/task_006/trajectories/trial_002.npz
libero_object,6,3,True,282,163.09730184695218,0,0,True,/mnt/project_eai_hs/zrm2/eval_isolated/dreamzero_feedback_cb08c9e_20260726/runs/formal_libero40_fbfm_l1mass_20_cb08c9e/shards/gpu0/tasks/libero_object/task_006/trajectories/trial_003.npz
libero_object,6,4,True,160,92.62993576400913,0,0,True,/mnt/project_eai_hs/zrm2/eval_isolated/dreamzero_feedback_cb08c9e_20260726/runs/formal_libero40_fbfm_l1mass_20_cb08c9e/shards/gpu0/tasks/libero_object/task_006/trajectories/trial_004.npz
libero_object,6,5,True,207,120.65851611096878,0,0,True,/mnt/project_eai_hs/zrm2/eval_isolated/dreamzero_feedback_cb08c9e_20260726/runs/formal_libero40_fbfm_l1mass_20_cb08c9e/shards/gpu0/tasks/libero_object/task_006/trajectories/trial_005.npz
libero_object,6,6,False,480,275.7407477280358,0,0,True,/mnt/project_eai_hs/zrm2/eval_isolated/dreamzero_feedback_cb08c9e_20260726/runs/formal_libero40_fbfm_l1mass_20_cb08c9e/shards/gpu0/tasks/libero_object/task_006/trajectories/trial_006.npz
libero_object,6,7,True,207,119.71249427297153,0,0,True,/mnt/project_eai_hs/zrm2/eval_isolated/dreamzero_feedback_cb08c9e_20260726/runs/formal_libero40_fbfm_l1mass_20_cb08c9e/shards/gpu0/tasks/libero_object/task_006/trajectories/trial_007.npz
libero_object,6,8,True,212,121.66566866403446,0,0,True,/mnt/project_eai_hs/zrm2/eval_isolated/dreamzero_feedback_cb08c9e_20260726/runs/formal_libero40_fbfm_l1mass_20_cb08c9e/shards/gpu0/tasks/libero_object/task_006/trajectories/trial_008.npz
libero_object,6,9,True,231,135.5561909719836,0,0,True,/mnt/project_eai_hs/zrm2/eval_isolated/dreamzero_feedback_cb08c9e_20260726/runs/formal_libero40_fbfm_l1mass_20_cb08c9e/shards/gpu0/tasks/libero_object/task_006/trajectories/trial_009.npz
libero_object,6,10,False,480,276.6150501279626,0,0,True,/mnt/project_eai_hs/zrm2/eval_isolated/dreamzero_feedback_cb08c9e_20260726/runs/formal_libero40_fbfm_l1mass_20_cb08c9e/shards/gpu0/tasks/libero_object/task_006/trajectories/trial_010.npz
libero_object,6,11,False,480,278.4140829970129,0,0,True,/mnt/project_eai_hs/zrm2/eval_isolated/dreamzero_feedback_cb08c9e_20260726/runs/formal_libero40_fbfm_l1mass_20_cb08c9e/shards/gpu0/tasks/libero_object/task_006/trajectories/trial_011.npz
libero_object,6,12,True,179,105.96105952304788,0,0,True,/mnt/project_eai_hs/zrm2/eval_isolated/dreamzero_feedback_cb08c9e_20260726/runs/formal_libero40_fbfm_l1mass_20_cb08c9e/shards/gpu0/tasks/libero_object/task_006/trajectories/trial_012.npz
libero_object,6,13,True,200,117.23931330395862,0,0,True,/mnt/project_eai_hs/zrm2/eval_isolated/dreamzero_feedback_cb08c9e_20260726/runs/formal_libero40_fbfm_l1mass_20_cb08c9e/shards/gpu0/tasks/libero_object/task_006/trajectories/trial_013.npz
libero_object,6,14,False,480,276.6949960750062,0,0,True,/mnt/project_eai_hs/zrm2/eval_isolated/dreamzero_feedback_cb08c9e_20260726/runs/formal_libero40_fbfm_l1mass_20_cb08c9e/shards/gpu0/tasks/libero_object/task_006/trajectories/trial_014.npz
libero_object,6,15,False,480,276.7230587550439,0,0,True,/mnt/project_eai_hs/zrm2/eval_isolated/dreamzero_feedback_cb08c9e_20260726/runs/formal_libero40_fbfm_l1mass_20_cb08c9e/shards/gpu0/tasks/libero_object/task_006/trajectories/trial_015.npz
libero_object,6,16,False,480,280.4418228119612,0,0,True,/mnt/project_eai_hs/zrm2/eval_isolated/dreamzero_feedback_cb08c9e_20260726/runs/formal_libero40_fbfm_l1mass_20_cb08c9e/shards/gpu0/tasks/libero_object/task_006/trajectories/trial_016.npz
libero_object,6,17,False,480,277.80328204808757,0,0,True,/mnt/project_eai_hs/zrm2/eval_isolated/dreamzero_feedback_cb08c9e_20260726/runs/formal_libero40_fbfm_l1mass_20_cb08c9e/shards/gpu0/tasks/libero_object/task_006/trajectories/trial_017.npz
libero_object,6,18,False,480,279.7406000730116,0,0,True,/mnt/project_eai_hs/zrm2/eval_isolated/dreamzero_feedback_cb08c9e_20260726/runs/formal_libero40_fbfm_l1mass_20_cb08c9e/shards/gpu0/tasks/libero_object/task_006/trajectories/trial_018.npz
libero_object,6,19,False,480,275.60163644200657,0,0,True,/mnt/project_eai_hs/zrm2/eval_isolated/dreamzero_feedback_cb08c9e_20260726/runs/formal_libero40_fbfm_l1mass_20_cb08c9e/shards/gpu0/tasks/libero_object/task_006/trajectories/trial_019.npz
libero_object,7,0,False,480,263.17025234899484,0,0,True,/mnt/project_eai_hs/zrm2/eval_isolated/dreamzero_feedback_cb08c9e_20260726/runs/formal_libero40_fbfm_l1mass_20_cb08c9e/shards/gpu1/tasks/libero_object/task_007/trajectories/trial_000.npz
libero_object,7,1,False,480,262.6559228580445,0,0,True,/mnt/project_eai_hs/zrm2/eval_isolated/dreamzero_feedback_cb08c9e_20260726/runs/formal_libero40_fbfm_l1mass_20_cb08c9e/shards/gpu1/tasks/libero_object/task_007/trajectories/trial_001.npz
libero_object,7,2,True,281,156.02539515099488,0,0,True,/mnt/project_eai_hs/zrm2/eval_isolated/dreamzero_feedback_cb08c9e_20260726/runs/formal_libero40_fbfm_l1mass_20_cb08c9e/shards/gpu1/tasks/libero_object/task_007/trajectories/trial_002.npz
libero_object,7,3,False,480,261.8934333489742,0,0,True,/mnt/project_eai_hs/zrm2/eval_isolated/dreamzero_feedback_cb08c9e_20260726/runs/formal_libero40_fbfm_l1mass_20_cb08c9e/shards/gpu1/tasks/libero_object/task_007/trajectories/trial_003.npz
libero_object,7,4,True,142,79.85600569599774,0,0,True,/mnt/project_eai_hs/zrm2/eval_isolated/dreamzero_feedback_cb08c9e_20260726/runs/formal_libero40_fbfm_l1mass_20_cb08c9e/shards/gpu1/tasks/libero_object/task_007/trajectories/trial_004.npz
libero_object,7,5,False,480,261.23550636391155,0,0,True,/mnt/project_eai_hs/zrm2/eval_isolated/dreamzero_feedback_cb08c9e_20260726/runs/formal_libero40_fbfm_l1mass_20_cb08c9e/shards/gpu1/tasks/libero_object/task_007/trajectories/trial_005.npz
libero_object,7,6,False,480,263.9643660619622,0,0,True,/mnt/project_eai_hs/zrm2/eval_isolated/dreamzero_feedback_cb08c9e_20260726/runs/formal_libero40_fbfm_l1mass_20_cb08c9e/shards/gpu1/tasks/libero_object/task_007/trajectories/trial_006.npz
libero_object,7,7,False,480,265.50854072498623,0,0,True,/mnt/project_eai_hs/zrm2/eval_isolated/dreamzero_feedback_cb08c9e_20260726/runs/formal_libero40_fbfm_l1mass_20_cb08c9e/shards/gpu1/tasks/libero_object/task_007/trajectories/trial_007.npz
libero_object,7,8,False,480,262.7934263130883,0,0,True,/mnt/project_eai_hs/zrm2/eval_isolated/dreamzero_feedback_cb08c9e_20260726/runs/formal_libero40_fbfm_l1mass_20_cb08c9e/shards/gpu1/tasks/libero_object/task_007/trajectories/trial_008.npz
libero_object,7,9,True,222,124.75768378400244,0,0,True,/mnt/project_eai_hs/zrm2/eval_isolated/dreamzero_feedback_cb08c9e_20260726/runs/formal_libero40_fbfm_l1mass_20_cb08c9e/shards/gpu1/tasks/libero_object/task_007/trajectories/trial_009.npz
libero_object,7,10,False,480,260.6979257739149,0,0,True,/mnt/project_eai_hs/zrm2/eval_isolated/dreamzero_feedback_cb08c9e_20260726/runs/formal_libero40_fbfm_l1mass_20_cb08c9e/shards/gpu1/tasks/libero_object/task_007/trajectories/trial_010.npz
libero_object,7,11,False,480,267.1024414359126,0,0,True,/mnt/project_eai_hs/zrm2/eval_isolated/dreamzero_feedback_cb08c9e_20260726/runs/formal_libero40_fbfm_l1mass_20_cb08c9e/shards/gpu1/tasks/libero_object/task_007/trajectories/trial_011.npz
libero_object,7,12,True,171,96.13384580099955,0,0,True,/mnt/project_eai_hs/zrm2/eval_isolated/dreamzero_feedback_cb08c9e_20260726/runs/formal_libero40_fbfm_l1mass_20_cb08c9e/shards/gpu1/tasks/libero_object/task_007/trajectories/trial_012.npz
libero_object,7,13,True,300,167.00696573301684,0,0,True,/mnt/project_eai_hs/zrm2/eval_isolated/dreamzero_feedback_cb08c9e_20260726/runs/formal_libero40_fbfm_l1mass_20_cb08c9e/shards/gpu1/tasks/libero_object/task_007/trajectories/trial_013.npz
libero_object,7,14,False,480,263.249241921003,0,0,True,/mnt/project_eai_hs/zrm2/eval_isolated/dreamzero_feedback_cb08c9e_20260726/runs/formal_libero40_fbfm_l1mass_20_cb08c9e/shards/gpu1/tasks/libero_object/task_007/trajectories/trial_014.npz
libero_object,7,15,False,480,263.4145009680651,0,0,True,/mnt/project_eai_hs/zrm2/eval_isolated/dreamzero_feedback_cb08c9e_20260726/runs/formal_libero40_fbfm_l1mass_20_cb08c9e/shards/gpu1/tasks/libero_object/task_007/trajectories/trial_015.npz
libero_object,7,16,False,480,264.5592665550066,0,0,True,/mnt/project_eai_hs/zrm2/eval_isolated/dreamzero_feedback_cb08c9e_20260726/runs/formal_libero40_fbfm_l1mass_20_cb08c9e/shards/gpu1/tasks/libero_object/task_007/trajectories/trial_016.npz
libero_object,7,17,True,269,149.85966439696494,0,0,True,/mnt/project_eai_hs/zrm2/eval_isolated/dreamzero_feedback_cb08c9e_20260726/runs/formal_libero40_fbfm_l1mass_20_cb08c9e/shards/gpu1/tasks/libero_object/task_007/trajectories/trial_017.npz
libero_object,7,18,False,480,264.17280018504243,0,0,True,/mnt/project_eai_hs/zrm2/eval_isolated/dreamzero_feedback_cb08c9e_20260726/runs/formal_libero40_fbfm_l1mass_20_cb08c9e/shards/gpu1/tasks/libero_object/task_007/trajectories/trial_018.npz
libero_object,7,19,False,480,269.36564610002097,0,0,True,/mnt/project_eai_hs/zrm2/eval_isolated/dreamzero_feedback_cb08c9e_20260726/runs/formal_libero40_fbfm_l1mass_20_cb08c9e/shards/gpu1/tasks/libero_object/task_007/trajectories/trial_019.npz
libero_object,8,0,False,480,268.0504741920158,0,0,True,/mnt/project_eai_hs/zrm2/eval_isolated/dreamzero_feedback_cb08c9e_20260726/runs/formal_libero40_fbfm_l1mass_20_cb08c9e/shards/gpu2/tasks/libero_object/task_008/trajectories/trial_000.npz
libero_object,8,1,True,282,159.47428862808738,0,0,True,/mnt/project_eai_hs/zrm2/eval_isolated/dreamzero_feedback_cb08c9e_20260726/runs/formal_libero40_fbfm_l1mass_20_cb08c9e/shards/gpu2/tasks/libero_object/task_008/trajectories/trial_001.npz
libero_object,8,2,True,475,265.80487527593505,0,0,True,/mnt/project_eai_hs/zrm2/eval_isolated/dreamzero_feedback_cb08c9e_20260726/runs/formal_libero40_fbfm_l1mass_20_cb08c9e/shards/gpu2/tasks/libero_object/task_008/trajectories/trial_002.npz
libero_object,8,3,True,159,89.88861026300583,0,0,True,/mnt/project_eai_hs/zrm2/eval_isolated/dreamzero_feedback_cb08c9e_20260726/runs/formal_libero40_fbfm_l1mass_20_cb08c9e/shards/gpu2/tasks/libero_object/task_008/trajectories/trial_003.npz
libero_object,8,4,False,480,264.3623768980615,0,0,True,/mnt/project_eai_hs/zrm2/eval_isolated/dreamzero_feedback_cb08c9e_20260726/runs/formal_libero40_fbfm_l1mass_20_cb08c9e/shards/gpu2/tasks/libero_object/task_008/trajectories/trial_004.npz
libero_object,8,5,True,317,176.7183812939329,0,0,True,/mnt/project_eai_hs/zrm2/eval_isolated/dreamzero_feedback_cb08c9e_20260726/runs/formal_libero40_fbfm_l1mass_20_cb08c9e/shards/gpu2/tasks/libero_object/task_008/trajectories/trial_005.npz
libero_object,8,6,True,162,92.44496458000503,0,0,True,/mnt/project_eai_hs/zrm2/eval_isolated/dreamzero_feedback_cb08c9e_20260726/runs/formal_libero40_fbfm_l1mass_20_cb08c9e/shards/gpu2/tasks/libero_object/task_008/trajectories/trial_006.npz
libero_object,8,7,True,154,88.58583413809538,0,0,True,/mnt/project_eai_hs/zrm2/eval_isolated/dreamzero_feedback_cb08c9e_20260726/runs/formal_libero40_fbfm_l1mass_20_cb08c9e/shards/gpu2/tasks/libero_object/task_008/trajectories/trial_007.npz
libero_object,8,8,False,480,264.8201671689749,0,0,True,/mnt/project_eai_hs/zrm2/eval_isolated/dreamzero_feedback_cb08c9e_20260726/runs/formal_libero40_fbfm_l1mass_20_cb08c9e/shards/gpu2/tasks/libero_object/task_008/trajectories/trial_008.npz
libero_object,8,9,True,411,228.9652338899905,0,0,True,/mnt/project_eai_hs/zrm2/eval_isolated/dreamzero_feedback_cb08c9e_20260726/runs/formal_libero40_fbfm_l1mass_20_cb08c9e/shards/gpu2/tasks/libero_object/task_008/trajectories/trial_009.npz
libero_object,8,10,False,480,265.5500918509206,0,0,True,/mnt/project_eai_hs/zrm2/eval_isolated/dreamzero_feedback_cb08c9e_20260726/runs/formal_libero40_fbfm_l1mass_20_cb08c9e/shards/gpu2/tasks/libero_object/task_008/trajectories/trial_010.npz
libero_object,8,11,True,215,121.11950256896671,0,0,True,/mnt/project_eai_hs/zrm2/eval_isolated/dreamzero_feedback_cb08c9e_20260726/runs/formal_libero40_fbfm_l1mass_20_cb08c9e/shards/gpu2/tasks/libero_object/task_008/trajectories/trial_011.npz
libero_object,8,12,True,303,170.80084455606993,0,0,True,/mnt/project_eai_hs/zrm2/eval_isolated/dreamzero_feedback_cb08c9e_20260726/runs/formal_libero40_fbfm_l1mass_20_cb08c9e/shards/gpu2/tasks/libero_object/task_008/trajectories/trial_012.npz
libero_object,8,13,False,480,269.9701697760029,0,0,True,/mnt/project_eai_hs/zrm2/eval_isolated/dreamzero_feedback_cb08c9e_20260726/runs/formal_libero40_fbfm_l1mass_20_cb08c9e/shards/gpu2/tasks/libero_object/task_008/trajectories/trial_013.npz
libero_object,8,14,True,333,185.5385955600068,0,0,True,/mnt/project_eai_hs/zrm2/eval_isolated/dreamzero_feedback_cb08c9e_20260726/runs/formal_libero40_fbfm_l1mass_20_cb08c9e/shards/gpu2/tasks/libero_object/task_008/trajectories/trial_014.npz
libero_object,8,15,True,163,91.61374001693912,0,0,True,/mnt/project_eai_hs/zrm2/eval_isolated/dreamzero_feedback_cb08c9e_20260726/runs/formal_libero40_fbfm_l1mass_20_cb08c9e/shards/gpu2/tasks/libero_object/task_008/trajectories/trial_015.npz
libero_object,8,16,True,223,126.02879506791942,0,0,True,/mnt/project_eai_hs/zrm2/eval_isolated/dreamzero_feedback_cb08c9e_20260726/runs/formal_libero40_fbfm_l1mass_20_cb08c9e/shards/gpu2/tasks/libero_object/task_008/trajectories/trial_016.npz
libero_object,8,17,True,173,96.54357514309231,0,0,True,/mnt/project_eai_hs/zrm2/eval_isolated/dreamzero_feedback_cb08c9e_20260726/runs/formal_libero40_fbfm_l1mass_20_cb08c9e/shards/gpu2/tasks/libero_object/task_008/trajectories/trial_017.npz
libero_object,8,18,True,167,95.56959624902811,0,0,True,/mnt/project_eai_hs/zrm2/eval_isolated/dreamzero_feedback_cb08c9e_20260726/runs/formal_libero40_fbfm_l1mass_20_cb08c9e/shards/gpu2/tasks/libero_object/task_008/trajectories/trial_018.npz
libero_object,8,19,True,175,98.14494298305362,0,0,True,/mnt/project_eai_hs/zrm2/eval_isolated/dreamzero_feedback_cb08c9e_20260726/runs/formal_libero40_fbfm_l1mass_20_cb08c9e/shards/gpu2/tasks/libero_object/task_008/trajectories/trial_019.npz
libero_object,9,0,True,131,74.07107330590952,0,0,True,/mnt/project_eai_hs/zrm2/eval_isolated/dreamzero_feedback_cb08c9e_20260726/runs/formal_libero40_fbfm_l1mass_20_cb08c9e/shards/gpu3/tasks/libero_object/task_009/trajectories/trial_000.npz
libero_object,9,1,True,181,101.05354343994986,0,0,True,/mnt/project_eai_hs/zrm2/eval_isolated/dreamzero_feedback_cb08c9e_20260726/runs/formal_libero40_fbfm_l1mass_20_cb08c9e/shards/gpu3/tasks/libero_object/task_009/trajectories/trial_001.npz
libero_object,9,2,False,480,263.2395386490971,0,0,True,/mnt/project_eai_hs/zrm2/eval_isolated/dreamzero_feedback_cb08c9e_20260726/runs/formal_libero40_fbfm_l1mass_20_cb08c9e/shards/gpu3/tasks/libero_object/task_009/trajectories/trial_002.npz
libero_object,9,3,True,253,140.3080537529895,0,0,True,/mnt/project_eai_hs/zrm2/eval_isolated/dreamzero_feedback_cb08c9e_20260726/runs/formal_libero40_fbfm_l1mass_20_cb08c9e/shards/gpu3/tasks/libero_object/task_009/trajectories/trial_003.npz
libero_object,9,4,False,480,263.77801428805105,0,0,True,/mnt/project_eai_hs/zrm2/eval_isolated/dreamzero_feedback_cb08c9e_20260726/runs/formal_libero40_fbfm_l1mass_20_cb08c9e/shards/gpu3/tasks/libero_object/task_009/trajectories/trial_004.npz
libero_object,9,5,True,127,72.4526223220164,0,0,True,/mnt/project_eai_hs/zrm2/eval_isolated/dreamzero_feedback_cb08c9e_20260726/runs/formal_libero40_fbfm_l1mass_20_cb08c9e/shards/gpu3/tasks/libero_object/task_009/trajectories/trial_005.npz
libero_object,9,6,True,193,108.14472068299074,0,0,True,/mnt/project_eai_hs/zrm2/eval_isolated/dreamzero_feedback_cb08c9e_20260726/runs/formal_libero40_fbfm_l1mass_20_cb08c9e/shards/gpu3/tasks/libero_object/task_009/trajectories/trial_006.npz
libero_object,9,7,True,143,80.38885778898839,0,0,True,/mnt/project_eai_hs/zrm2/eval_isolated/dreamzero_feedback_cb08c9e_20260726/runs/formal_libero40_fbfm_l1mass_20_cb08c9e/shards/gpu3/tasks/libero_object/task_009/trajectories/trial_007.npz
libero_object,9,8,True,130,72.6463213149691,0,0,True,/mnt/project_eai_hs/zrm2/eval_isolated/dreamzero_feedback_cb08c9e_20260726/runs/formal_libero40_fbfm_l1mass_20_cb08c9e/shards/gpu3/tasks/libero_object/task_009/trajectories/trial_008.npz
libero_object,9,9,True,181,101.80601563898381,0,0,True,/mnt/project_eai_hs/zrm2/eval_isolated/dreamzero_feedback_cb08c9e_20260726/runs/formal_libero40_fbfm_l1mass_20_cb08c9e/shards/gpu3/tasks/libero_object/task_009/trajectories/trial_009.npz
libero_object,9,10,True,122,70.23612842697185,0,0,True,/mnt/project_eai_hs/zrm2/eval_isolated/dreamzero_feedback_cb08c9e_20260726/runs/formal_libero40_fbfm_l1mass_20_cb08c9e/shards/gpu3/tasks/libero_object/task_009/trajectories/trial_010.npz
libero_object,9,11,False,480,262.53007748594973,0,0,True,/mnt/project_eai_hs/zrm2/eval_isolated/dreamzero_feedback_cb08c9e_20260726/runs/formal_libero40_fbfm_l1mass_20_cb08c9e/shards/gpu3/tasks/libero_object/task_009/trajectories/trial_011.npz
libero_object,9,12,True,140,77.46881886408664,0,0,True,/mnt/project_eai_hs/zrm2/eval_isolated/dreamzero_feedback_cb08c9e_20260726/runs/formal_libero40_fbfm_l1mass_20_cb08c9e/shards/gpu3/tasks/libero_object/task_009/trajectories/trial_012.npz
libero_object,9,13,True,308,170.21328492008615,0,0,True,/mnt/project_eai_hs/zrm2/eval_isolated/dreamzero_feedback_cb08c9e_20260726/runs/formal_libero40_fbfm_l1mass_20_cb08c9e/shards/gpu3/tasks/libero_object/task_009/trajectories/trial_013.npz
libero_object,9,14,True,142,81.66129064501729,0,0,True,/mnt/project_eai_hs/zrm2/eval_isolated/dreamzero_feedback_cb08c9e_20260726/runs/formal_libero40_fbfm_l1mass_20_cb08c9e/shards/gpu3/tasks/libero_object/task_009/trajectories/trial_014.npz
libero_object,9,15,True,127,71.46108141494915,0,0,True,/mnt/project_eai_hs/zrm2/eval_isolated/dreamzero_feedback_cb08c9e_20260726/runs/formal_libero40_fbfm_l1mass_20_cb08c9e/shards/gpu3/tasks/libero_object/task_009/trajectories/trial_015.npz
libero_object,9,16,False,480,261.42298056394793,0,0,True,/mnt/project_eai_hs/zrm2/eval_isolated/dreamzero_feedback_cb08c9e_20260726/runs/formal_libero40_fbfm_l1mass_20_cb08c9e/shards/gpu3/tasks/libero_object/task_009/trajectories/trial_016.npz
libero_object,9,17,True,133,76.25665016996209,0,0,True,/mnt/project_eai_hs/zrm2/eval_isolated/dreamzero_feedback_cb08c9e_20260726/runs/formal_libero40_fbfm_l1mass_20_cb08c9e/shards/gpu3/tasks/libero_object/task_009/trajectories/trial_017.npz
libero_object,9,18,True,134,75.40090557397343,0,0,True,/mnt/project_eai_hs/zrm2/eval_isolated/dreamzero_feedback_cb08c9e_20260726/runs/formal_libero40_fbfm_l1mass_20_cb08c9e/shards/gpu3/tasks/libero_object/task_009/trajectories/trial_018.npz
libero_object,9,19,True,148,82.36481451499276,0,0,True,/mnt/project_eai_hs/zrm2/eval_isolated/dreamzero_feedback_cb08c9e_20260726/runs/formal_libero40_fbfm_l1mass_20_cb08c9e/shards/gpu3/tasks/libero_object/task_009/trajectories/trial_019.npz
libero_goal,0,0,True,128,75.78325360803865,0,0,True,/mnt/project_eai_hs/zrm2/eval_isolated/dreamzero_feedback_cb08c9e_20260726/runs/formal_libero40_fbfm_l1mass_20_cb08c9e/shards/gpu4/tasks/libero_goal/task_000/trajectories/trial_000.npz
libero_goal,0,1,True,121,72.03658487903886,0,0,True,/mnt/project_eai_hs/zrm2/eval_isolated/dreamzero_feedback_cb08c9e_20260726/runs/formal_libero40_fbfm_l1mass_20_cb08c9e/shards/gpu4/tasks/libero_goal/task_000/trajectories/trial_001.npz
libero_goal,0,2,True,122,72.12319859396666,0,0,True,/mnt/project_eai_hs/zrm2/eval_isolated/dreamzero_feedback_cb08c9e_20260726/runs/formal_libero40_fbfm_l1mass_20_cb08c9e/shards/gpu4/tasks/libero_goal/task_000/trajectories/trial_002.npz
libero_goal,0,3,True,209,122.5343966340879,0,0,True,/mnt/project_eai_hs/zrm2/eval_isolated/dreamzero_feedback_cb08c9e_20260726/runs/formal_libero40_fbfm_l1mass_20_cb08c9e/shards/gpu4/tasks/libero_goal/task_000/trajectories/trial_003.npz
libero_goal,0,4,True,135,79.49782837193925,0,0,True,/mnt/project_eai_hs/zrm2/eval_isolated/dreamzero_feedback_cb08c9e_20260726/runs/formal_libero40_fbfm_l1mass_20_cb08c9e/shards/gpu4/tasks/libero_goal/task_000/trajectories/trial_004.npz
libero_goal,0,5,True,136,79.9236048720777,0,0,True,/mnt/project_eai_hs/zrm2/eval_isolated/dreamzero_feedback_cb08c9e_20260726/runs/formal_libero40_fbfm_l1mass_20_cb08c9e/shards/gpu4/tasks/libero_goal/task_000/trajectories/trial_005.npz
libero_goal,0,6,True,137,79.66332425992005,0,0,True,/mnt/project_eai_hs/zrm2/eval_isolated/dreamzero_feedback_cb08c9e_20260726/runs/formal_libero40_fbfm_l1mass_20_cb08c9e/shards/gpu4/tasks/libero_goal/task_000/trajectories/trial_006.npz
libero_goal,0,7,True,124,73.66319850890432,0,0,True,/mnt/project_eai_hs/zrm2/eval_isolated/dreamzero_feedback_cb08c9e_20260726/runs/formal_libero40_fbfm_l1mass_20_cb08c9e/shards/gpu4/tasks/libero_goal/task_000/trajectories/trial_007.npz
libero_goal,0,8,True,134,78.421954696998,0,0,True,/mnt/project_eai_hs/zrm2/eval_isolated/dreamzero_feedback_cb08c9e_20260726/runs/formal_libero40_fbfm_l1mass_20_cb08c9e/shards/gpu4/tasks/libero_goal/task_000/trajectories/trial_008.npz
libero_goal,0,9,True,127,74.63968327408656,0,0,True,/mnt/project_eai_hs/zrm2/eval_isolated/dreamzero_feedback_cb08c9e_20260726/runs/formal_libero40_fbfm_l1mass_20_cb08c9e/shards/gpu4/tasks/libero_goal/task_000/trajectories/trial_009.npz
libero_goal,0,10,True,140,81.99392439704388,0,0,True,/mnt/project_eai_hs/zrm2/eval_isolated/dreamzero_feedback_cb08c9e_20260726/runs/formal_libero40_fbfm_l1mass_20_cb08c9e/shards/gpu4/tasks/libero_goal/task_000/trajectories/trial_010.npz
libero_goal,0,11,True,141,85.32960913598072,0,0,True,/mnt/project_eai_hs/zrm2/eval_isolated/dreamzero_feedback_cb08c9e_20260726/runs/formal_libero40_fbfm_l1mass_20_cb08c9e/shards/gpu4/tasks/libero_goal/task_000/trajectories/trial_011.npz
libero_goal,0,12,True,140,83.12082382291555,0,0,True,/mnt/project_eai_hs/zrm2/eval_isolated/dreamzero_feedback_cb08c9e_20260726/runs/formal_libero40_fbfm_l1mass_20_cb08c9e/shards/gpu4/tasks/libero_goal/task_000/trajectories/trial_012.npz
libero_goal,0,13,True,143,86.92121689999476,0,0,True,/mnt/project_eai_hs/zrm2/eval_isolated/dreamzero_feedback_cb08c9e_20260726/runs/formal_libero40_fbfm_l1mass_20_cb08c9e/shards/gpu4/tasks/libero_goal/task_000/trajectories/trial_013.npz
libero_goal,0,14,True,122,72.3366124179447,0,0,True,/mnt/project_eai_hs/zrm2/eval_isolated/dreamzero_feedback_cb08c9e_20260726/runs/formal_libero40_fbfm_l1mass_20_cb08c9e/shards/gpu4/tasks/libero_goal/task_000/trajectories/trial_014.npz
libero_goal,0,15,True,148,87.6250484159682,0,0,True,/mnt/project_eai_hs/zrm2/eval_isolated/dreamzero_feedback_cb08c9e_20260726/runs/formal_libero40_fbfm_l1mass_20_cb08c9e/shards/gpu4/tasks/libero_goal/task_000/trajectories/trial_015.npz
libero_goal,0,16,True,138,81.5194344780175,0,0,True,/mnt/project_eai_hs/zrm2/eval_isolated/dreamzero_feedback_cb08c9e_20260726/runs/formal_libero40_fbfm_l1mass_20_cb08c9e/shards/gpu4/tasks/libero_goal/task_000/trajectories/trial_016.npz
libero_goal,0,17,True,118,69.89883036899846,0,0,True,/mnt/project_eai_hs/zrm2/eval_isolated/dreamzero_feedback_cb08c9e_20260726/runs/formal_libero40_fbfm_l1mass_20_cb08c9e/shards/gpu4/tasks/libero_goal/task_000/trajectories/trial_017.npz
libero_goal,0,18,True,122,71.23406678496394,0,0,True,/mnt/project_eai_hs/zrm2/eval_isolated/dreamzero_feedback_cb08c9e_20260726/runs/formal_libero40_fbfm_l1mass_20_cb08c9e/shards/gpu4/tasks/libero_goal/task_000/trajectories/trial_018.npz
libero_goal,0,19,True,140,82.95302006904967,0,0,True,/mnt/project_eai_hs/zrm2/eval_isolated/dreamzero_feedback_cb08c9e_20260726/runs/formal_libero40_fbfm_l1mass_20_cb08c9e/shards/gpu4/tasks/libero_goal/task_000/trajectories/trial_019.npz
libero_goal,1,0,True,92,57.77054868696723,0,0,True,/mnt/project_eai_hs/zrm2/eval_isolated/dreamzero_feedback_cb08c9e_20260726/runs/formal_libero40_fbfm_l1mass_20_cb08c9e/shards/gpu5/tasks/libero_goal/task_001/trajectories/trial_000.npz
libero_goal,1,1,True,104,62.69636944402009,0,0,True,/mnt/project_eai_hs/zrm2/eval_isolated/dreamzero_feedback_cb08c9e_20260726/runs/formal_libero40_fbfm_l1mass_20_cb08c9e/shards/gpu5/tasks/libero_goal/task_001/trajectories/trial_001.npz
libero_goal,1,2,True,113,68.2306247689994,0,0,True,/mnt/project_eai_hs/zrm2/eval_isolated/dreamzero_feedback_cb08c9e_20260726/runs/formal_libero40_fbfm_l1mass_20_cb08c9e/shards/gpu5/tasks/libero_goal/task_001/trajectories/trial_002.npz
libero_goal,1,3,True,94,56.355959723936394,0,0,True,/mnt/project_eai_hs/zrm2/eval_isolated/dreamzero_feedback_cb08c9e_20260726/runs/formal_libero40_fbfm_l1mass_20_cb08c9e/shards/gpu5/tasks/libero_goal/task_001/trajectories/trial_003.npz
libero_goal,1,4,True,100,61.781110665993765,0,0,True,/mnt/project_eai_hs/zrm2/eval_isolated/dreamzero_feedback_cb08c9e_20260726/runs/formal_libero40_fbfm_l1mass_20_cb08c9e/shards/gpu5/tasks/libero_goal/task_001/trajectories/trial_004.npz
libero_goal,1,5,True,92,56.23729215201456,0,0,True,/mnt/project_eai_hs/zrm2/eval_isolated/dreamzero_feedback_cb08c9e_20260726/runs/formal_libero40_fbfm_l1mass_20_cb08c9e/shards/gpu5/tasks/libero_goal/task_001/trajectories/trial_005.npz
libero_goal,1,6,True,98,58.2122378119966,0,0,True,/mnt/project_eai_hs/zrm2/eval_isolated/dreamzero_feedback_cb08c9e_20260726/runs/formal_libero40_fbfm_l1mass_20_cb08c9e/shards/gpu5/tasks/libero_goal/task_001/trajectories/trial_006.npz
libero_goal,1,7,True,98,58.06490624102298,0,0,True,/mnt/project_eai_hs/zrm2/eval_isolated/dreamzero_feedback_cb08c9e_20260726/runs/formal_libero40_fbfm_l1mass_20_cb08c9e/shards/gpu5/tasks/libero_goal/task_001/trajectories/trial_007.npz
libero_goal,1,8,True,108,65.68041288806126,0,0,True,/mnt/project_eai_hs/zrm2/eval_isolated/dreamzero_feedback_cb08c9e_20260726/runs/formal_libero40_fbfm_l1mass_20_cb08c9e/shards/gpu5/tasks/libero_goal/task_001/trajectories/trial_008.npz
libero_goal,1,9,True,92,54.870822385069914,0,0,True,/mnt/project_eai_hs/zrm2/eval_isolated/dreamzero_feedback_cb08c9e_20260726/runs/formal_libero40_fbfm_l1mass_20_cb08c9e/shards/gpu5/tasks/libero_goal/task_001/trajectories/trial_009.npz
libero_goal,1,10,True,106,63.82460028701462,0,0,True,/mnt/project_eai_hs/zrm2/eval_isolated/dreamzero_feedback_cb08c9e_20260726/runs/formal_libero40_fbfm_l1mass_20_cb08c9e/shards/gpu5/tasks/libero_goal/task_001/trajectories/trial_010.npz
libero_goal,1,11,True,109,66.12467109097634,0,0,True,/mnt/project_eai_hs/zrm2/eval_isolated/dreamzero_feedback_cb08c9e_20260726/runs/formal_libero40_fbfm_l1mass_20_cb08c9e/shards/gpu5/tasks/libero_goal/task_001/trajectories/trial_011.npz
libero_goal,1,12,True,92,55.59295853693038,0,0,True,/mnt/project_eai_hs/zrm2/eval_isolated/dreamzero_feedback_cb08c9e_20260726/runs/formal_libero40_fbfm_l1mass_20_cb08c9e/shards/gpu5/tasks/libero_goal/task_001/trajectories/trial_012.npz
libero_goal,1,13,True,106,63.595882148016244,0,0,True,/mnt/project_eai_hs/zrm2/eval_isolated/dreamzero_feedback_cb08c9e_20260726/runs/formal_libero40_fbfm_l1mass_20_cb08c9e/shards/gpu5/tasks/libero_goal/task_001/trajectories/trial_013.npz
libero_goal,1,14,True,93,54.89713611500338,0,0,True,/mnt/project_eai_hs/zrm2/eval_isolated/dreamzero_feedback_cb08c9e_20260726/runs/formal_libero40_fbfm_l1mass_20_cb08c9e/shards/gpu5/tasks/libero_goal/task_001/trajectories/trial_014.npz
libero_goal,1,15,True,99,58.75802506902255,0,0,True,/mnt/project_eai_hs/zrm2/eval_isolated/dreamzero_feedback_cb08c9e_20260726/runs/formal_libero40_fbfm_l1mass_20_cb08c9e/shards/gpu5/tasks/libero_goal/task_001/trajectories/trial_015.npz
libero_goal,1,16,True,93,58.354502046015114,0,0,True,/mnt/project_eai_hs/zrm2/eval_isolated/dreamzero_feedback_cb08c9e_20260726/runs/formal_libero40_fbfm_l1mass_20_cb08c9e/shards/gpu5/tasks/libero_goal/task_001/trajectories/trial_016.npz
libero_goal,1,17,True,96,56.49624356802087,0,0,True,/mnt/project_eai_hs/zrm2/eval_isolated/dreamzero_feedback_cb08c9e_20260726/runs/formal_libero40_fbfm_l1mass_20_cb08c9e/shards/gpu5/tasks/libero_goal/task_001/trajectories/trial_017.npz
libero_goal,1,18,True,105,62.472569938981906,0,0,True,/mnt/project_eai_hs/zrm2/eval_isolated/dreamzero_feedback_cb08c9e_20260726/runs/formal_libero40_fbfm_l1mass_20_cb08c9e/shards/gpu5/tasks/libero_goal/task_001/trajectories/trial_018.npz
libero_goal,1,19,True,103,63.290408464032225,0,0,True,/mnt/project_eai_hs/zrm2/eval_isolated/dreamzero_feedback_cb08c9e_20260726/runs/formal_libero40_fbfm_l1mass_20_cb08c9e/shards/gpu5/tasks/libero_goal/task_001/trajectories/trial_019.npz
libero_goal,2,0,False,480,269.2448000420118,0,0,True,/mnt/project_eai_hs/zrm2/eval_isolated/dreamzero_feedback_cb08c9e_20260726/runs/formal_libero40_fbfm_l1mass_20_cb08c9e/shards/gpu6/tasks/libero_goal/task_002/trajectories/trial_000.npz
libero_goal,2,1,True,95,56.786429886939004,0,0,True,/mnt/project_eai_hs/zrm2/eval_isolated/dreamzero_feedback_cb08c9e_20260726/runs/formal_libero40_fbfm_l1mass_20_cb08c9e/shards/gpu6/tasks/libero_goal/task_002/trajectories/trial_001.npz
libero_goal,2,2,True,99,57.53065554203931,0,0,True,/mnt/project_eai_hs/zrm2/eval_isolated/dreamzero_feedback_cb08c9e_20260726/runs/formal_libero40_fbfm_l1mass_20_cb08c9e/shards/gpu6/tasks/libero_goal/task_002/trajectories/trial_002.npz
libero_goal,2,3,True,95,55.77969744999427,0,0,True,/mnt/project_eai_hs/zrm2/eval_isolated/dreamzero_feedback_cb08c9e_20260726/runs/formal_libero40_fbfm_l1mass_20_cb08c9e/shards/gpu6/tasks/libero_goal/task_002/trajectories/trial_003.npz
libero_goal,2,4,True,91,52.41978229698725,0,0,True,/mnt/project_eai_hs/zrm2/eval_isolated/dreamzero_feedback_cb08c9e_20260726/runs/formal_libero40_fbfm_l1mass_20_cb08c9e/shards/gpu6/tasks/libero_goal/task_002/trajectories/trial_004.npz
libero_goal,2,5,True,97,57.45977848593611,0,0,True,/mnt/project_eai_hs/zrm2/eval_isolated/dreamzero_feedback_cb08c9e_20260726/runs/formal_libero40_fbfm_l1mass_20_cb08c9e/shards/gpu6/tasks/libero_goal/task_002/trajectories/trial_005.npz
libero_goal,2,6,False,480,273.73102182906587,0,0,True,/mnt/project_eai_hs/zrm2/eval_isolated/dreamzero_feedback_cb08c9e_20260726/runs/formal_libero40_fbfm_l1mass_20_cb08c9e/shards/gpu6/tasks/libero_goal/task_002/trajectories/trial_006.npz
libero_goal,2,7,True,90,53.53632113290951,0,0,True,/mnt/project_eai_hs/zrm2/eval_isolated/dreamzero_feedback_cb08c9e_20260726/runs/formal_libero40_fbfm_l1mass_20_cb08c9e/shards/gpu6/tasks/libero_goal/task_002/trajectories/trial_007.npz
libero_goal,2,8,True,99,60.13023178698495,0,0,True,/mnt/project_eai_hs/zrm2/eval_isolated/dreamzero_feedback_cb08c9e_20260726/runs/formal_libero40_fbfm_l1mass_20_cb08c9e/shards/gpu6/tasks/libero_goal/task_002/trajectories/trial_008.npz
libero_goal,2,9,True,95,57.1048539460171,0,0,True,/mnt/project_eai_hs/zrm2/eval_isolated/dreamzero_feedback_cb08c9e_20260726/runs/formal_libero40_fbfm_l1mass_20_cb08c9e/shards/gpu6/tasks/libero_goal/task_002/trajectories/trial_009.npz
libero_goal,2,10,True,99,60.28565701900516,0,0,True,/mnt/project_eai_hs/zrm2/eval_isolated/dreamzero_feedback_cb08c9e_20260726/runs/formal_libero40_fbfm_l1mass_20_cb08c9e/shards/gpu6/tasks/libero_goal/task_002/trajectories/trial_010.npz
libero_goal,2,11,True,113,68.56705866102129,0,0,True,/mnt/project_eai_hs/zrm2/eval_isolated/dreamzero_feedback_cb08c9e_20260726/runs/formal_libero40_fbfm_l1mass_20_cb08c9e/shards/gpu6/tasks/libero_goal/task_002/trajectories/trial_011.npz
libero_goal,2,12,True,96,58.37286928296089,0,0,True,/mnt/project_eai_hs/zrm2/eval_isolated/dreamzero_feedback_cb08c9e_20260726/runs/formal_libero40_fbfm_l1mass_20_cb08c9e/shards/gpu6/tasks/libero_goal/task_002/trajectories/trial_012.npz
libero_goal,2,13,False,480,276.56122809497174,0,0,True,/mnt/project_eai_hs/zrm2/eval_isolated/dreamzero_feedback_cb08c9e_20260726/runs/formal_libero40_fbfm_l1mass_20_cb08c9e/shards/gpu6/tasks/libero_goal/task_002/trajectories/trial_013.npz
libero_goal,2,14,True,88,53.514545600046404,0,0,True,/mnt/project_eai_hs/zrm2/eval_isolated/dreamzero_feedback_cb08c9e_20260726/runs/formal_libero40_fbfm_l1mass_20_cb08c9e/shards/gpu6/tasks/libero_goal/task_002/trajectories/trial_014.npz
libero_goal,2,15,True,94,56.714997005066834,0,0,True,/mnt/project_eai_hs/zrm2/eval_isolated/dreamzero_feedback_cb08c9e_20260726/runs/formal_libero40_fbfm_l1mass_20_cb08c9e/shards/gpu6/tasks/libero_goal/task_002/trajectories/trial_015.npz
libero_goal,2,16,True,85,51.12775719491765,0,0,True,/mnt/project_eai_hs/zrm2/eval_isolated/dreamzero_feedback_cb08c9e_20260726/runs/formal_libero40_fbfm_l1mass_20_cb08c9e/shards/gpu6/tasks/libero_goal/task_002/trajectories/trial_016.npz
libero_goal,2,17,True,97,58.21571837400552,0,0,True,/mnt/project_eai_hs/zrm2/eval_isolated/dreamzero_feedback_cb08c9e_20260726/runs/formal_libero40_fbfm_l1mass_20_cb08c9e/shards/gpu6/tasks/libero_goal/task_002/trajectories/trial_017.npz
libero_goal,2,18,True,120,71.38169591501355,0,0,True,/mnt/project_eai_hs/zrm2/eval_isolated/dreamzero_feedback_cb08c9e_20260726/runs/formal_libero40_fbfm_l1mass_20_cb08c9e/shards/gpu6/tasks/libero_goal/task_002/trajectories/trial_018.npz
libero_goal,2,19,True,96,57.62470822001342,0,0,True,/mnt/project_eai_hs/zrm2/eval_isolated/dreamzero_feedback_cb08c9e_20260726/runs/formal_libero40_fbfm_l1mass_20_cb08c9e/shards/gpu6/tasks/libero_goal/task_002/trajectories/trial_019.npz
libero_goal,3,0,False,480,265.9471879629418,0,0,True,/mnt/project_eai_hs/zrm2/eval_isolated/dreamzero_feedback_cb08c9e_20260726/runs/formal_libero40_fbfm_l1mass_20_cb08c9e/shards/gpu7/tasks/libero_goal/task_003/trajectories/trial_000.npz
libero_goal,3,1,False,480,266.7837121479679,0,0,True,/mnt/project_eai_hs/zrm2/eval_isolated/dreamzero_feedback_cb08c9e_20260726/runs/formal_libero40_fbfm_l1mass_20_cb08c9e/shards/gpu7/tasks/libero_goal/task_003/trajectories/trial_001.npz
libero_goal,3,2,True,314,175.92242325400002,0,0,True,/mnt/project_eai_hs/zrm2/eval_isolated/dreamzero_feedback_cb08c9e_20260726/runs/formal_libero40_fbfm_l1mass_20_cb08c9e/shards/gpu7/tasks/libero_goal/task_003/trajectories/trial_002.npz
libero_goal,3,3,True,222,127.0441000420833,0,0,True,/mnt/project_eai_hs/zrm2/eval_isolated/dreamzero_feedback_cb08c9e_20260726/runs/formal_libero40_fbfm_l1mass_20_cb08c9e/shards/gpu7/tasks/libero_goal/task_003/trajectories/trial_003.npz
libero_goal,3,4,False,480,270.8184048020048,0,0,True,/mnt/project_eai_hs/zrm2/eval_isolated/dreamzero_feedback_cb08c9e_20260726/runs/formal_libero40_fbfm_l1mass_20_cb08c9e/shards/gpu7/tasks/libero_goal/task_003/trajectories/trial_004.npz
libero_goal,3,5,False,480,267.6167807949241,0,0,True,/mnt/project_eai_hs/zrm2/eval_isolated/dreamzero_feedback_cb08c9e_20260726/runs/formal_libero40_fbfm_l1mass_20_cb08c9e/shards/gpu7/tasks/libero_goal/task_003/trajectories/trial_005.npz
libero_goal,3,6,True,445,253.4099839089904,0,0,True,/mnt/project_eai_hs/zrm2/eval_isolated/dreamzero_feedback_cb08c9e_20260726/runs/formal_libero40_fbfm_l1mass_20_cb08c9e/shards/gpu7/tasks/libero_goal/task_003/trajectories/trial_006.npz
libero_goal,3,7,True,224,125.44995801197365,0,0,True,/mnt/project_eai_hs/zrm2/eval_isolated/dreamzero_feedback_cb08c9e_20260726/runs/formal_libero40_fbfm_l1mass_20_cb08c9e/shards/gpu7/tasks/libero_goal/task_003/trajectories/trial_007.npz
libero_goal,3,8,False,480,266.13142268697266,0,0,True,/mnt/project_eai_hs/zrm2/eval_isolated/dreamzero_feedback_cb08c9e_20260726/runs/formal_libero40_fbfm_l1mass_20_cb08c9e/shards/gpu7/tasks/libero_goal/task_003/trajectories/trial_008.npz
libero_goal,3,9,False,480,267.58121591294184,0,0,True,/mnt/project_eai_hs/zrm2/eval_isolated/dreamzero_feedback_cb08c9e_20260726/runs/formal_libero40_fbfm_l1mass_20_cb08c9e/shards/gpu7/tasks/libero_goal/task_003/trajectories/trial_009.npz
libero_goal,3,10,False,480,267.1868897359818,0,0,True,/mnt/project_eai_hs/zrm2/eval_isolated/dreamzero_feedback_cb08c9e_20260726/runs/formal_libero40_fbfm_l1mass_20_cb08c9e/shards/gpu7/tasks/libero_goal/task_003/trajectories/trial_010.npz
libero_goal,3,11,False,480,264.978251045919,0,0,True,/mnt/project_eai_hs/zrm2/eval_isolated/dreamzero_feedback_cb08c9e_20260726/runs/formal_libero40_fbfm_l1mass_20_cb08c9e/shards/gpu7/tasks/libero_goal/task_003/trajectories/trial_011.npz
libero_goal,3,12,False,480,264.2849323590053,0,0,True,/mnt/project_eai_hs/zrm2/eval_isolated/dreamzero_feedback_cb08c9e_20260726/runs/formal_libero40_fbfm_l1mass_20_cb08c9e/shards/gpu7/tasks/libero_goal/task_003/trajectories/trial_012.npz
libero_goal,3,13,True,225,124.93801926902961,0,0,True,/mnt/project_eai_hs/zrm2/eval_isolated/dreamzero_feedback_cb08c9e_20260726/runs/formal_libero40_fbfm_l1mass_20_cb08c9e/shards/gpu7/tasks/libero_goal/task_003/trajectories/trial_013.npz
libero_goal,3,14,False,480,262.7804102830123,0,0,True,/mnt/project_eai_hs/zrm2/eval_isolated/dreamzero_feedback_cb08c9e_20260726/runs/formal_libero40_fbfm_l1mass_20_cb08c9e/shards/gpu7/tasks/libero_goal/task_003/trajectories/trial_014.npz
libero_goal,3,15,True,225,125.0242886749329,0,0,True,/mnt/project_eai_hs/zrm2/eval_isolated/dreamzero_feedback_cb08c9e_20260726/runs/formal_libero40_fbfm_l1mass_20_cb08c9e/shards/gpu7/tasks/libero_goal/task_003/trajectories/trial_015.npz
libero_goal,3,16,True,222,125.17142074892763,0,0,True,/mnt/project_eai_hs/zrm2/eval_isolated/dreamzero_feedback_cb08c9e_20260726/runs/formal_libero40_fbfm_l1mass_20_cb08c9e/shards/gpu7/tasks/libero_goal/task_003/trajectories/trial_016.npz
libero_goal,3,17,False,480,265.00945647701155,0,0,True,/mnt/project_eai_hs/zrm2/eval_isolated/dreamzero_feedback_cb08c9e_20260726/runs/formal_libero40_fbfm_l1mass_20_cb08c9e/shards/gpu7/tasks/libero_goal/task_003/trajectories/trial_017.npz
libero_goal,3,18,True,221,124.11853419500403,0,0,True,/mnt/project_eai_hs/zrm2/eval_isolated/dreamzero_feedback_cb08c9e_20260726/runs/formal_libero40_fbfm_l1mass_20_cb08c9e/shards/gpu7/tasks/libero_goal/task_003/trajectories/trial_018.npz
libero_goal,3,19,True,222,124.50782444793731,0,0,True,/mnt/project_eai_hs/zrm2/eval_isolated/dreamzero_feedback_cb08c9e_20260726/runs/formal_libero40_fbfm_l1mass_20_cb08c9e/shards/gpu7/tasks/libero_goal/task_003/trajectories/trial_019.npz
libero_goal,4,0,False,480,280.38205225300044,0,0,True,/mnt/project_eai_hs/zrm2/eval_isolated/dreamzero_feedback_cb08c9e_20260726/runs/formal_libero40_fbfm_l1mass_20_cb08c9e/shards/gpu0/tasks/libero_goal/task_004/trajectories/trial_000.npz
libero_goal,4,1,True,108,66.04838982108049,0,0,True,/mnt/project_eai_hs/zrm2/eval_isolated/dreamzero_feedback_cb08c9e_20260726/runs/formal_libero40_fbfm_l1mass_20_cb08c9e/shards/gpu0/tasks/libero_goal/task_004/trajectories/trial_001.npz
libero_goal,4,2,True,106,64.17184520198498,0,0,True,/mnt/project_eai_hs/zrm2/eval_isolated/dreamzero_feedback_cb08c9e_20260726/runs/formal_libero40_fbfm_l1mass_20_cb08c9e/shards/gpu0/tasks/libero_goal/task_004/trajectories/trial_002.npz
libero_goal,4,3,False,480,279.4175869920291,0,0,True,/mnt/project_eai_hs/zrm2/eval_isolated/dreamzero_feedback_cb08c9e_20260726/runs/formal_libero40_fbfm_l1mass_20_cb08c9e/shards/gpu0/tasks/libero_goal/task_004/trajectories/trial_003.npz
libero_goal,4,4,True,163,96.60235251905397,0,0,True,/mnt/project_eai_hs/zrm2/eval_isolated/dreamzero_feedback_cb08c9e_20260726/runs/formal_libero40_fbfm_l1mass_20_cb08c9e/shards/gpu0/tasks/libero_goal/task_004/trajectories/trial_004.npz
libero_goal,4,5,True,153,90.10012905602343,0,0,True,/mnt/project_eai_hs/zrm2/eval_isolated/dreamzero_feedback_cb08c9e_20260726/runs/formal_libero40_fbfm_l1mass_20_cb08c9e/shards/gpu0/tasks/libero_goal/task_004/trajectories/trial_005.npz
libero_goal,4,6,False,480,276.9640894678887,0,0,True,/mnt/project_eai_hs/zrm2/eval_isolated/dreamzero_feedback_cb08c9e_20260726/runs/formal_libero40_fbfm_l1mass_20_cb08c9e/shards/gpu0/tasks/libero_goal/task_004/trajectories/trial_006.npz
libero_goal,4,7,True,185,108.191560788895,0,0,True,/mnt/project_eai_hs/zrm2/eval_isolated/dreamzero_feedback_cb08c9e_20260726/runs/formal_libero40_fbfm_l1mass_20_cb08c9e/shards/gpu0/tasks/libero_goal/task_004/trajectories/trial_007.npz
libero_goal,4,8,False,480,277.7657994540641,0,0,True,/mnt/project_eai_hs/zrm2/eval_isolated/dreamzero_feedback_cb08c9e_20260726/runs/formal_libero40_fbfm_l1mass_20_cb08c9e/shards/gpu0/tasks/libero_goal/task_004/trajectories/trial_008.npz
libero_goal,4,9,False,480,280.8080801280448,0,0,True,/mnt/project_eai_hs/zrm2/eval_isolated/dreamzero_feedback_cb08c9e_20260726/runs/formal_libero40_fbfm_l1mass_20_cb08c9e/shards/gpu0/tasks/libero_goal/task_004/trajectories/trial_009.npz
libero_goal,4,10,True,139,85.86113523994572,0,0,True,/mnt/project_eai_hs/zrm2/eval_isolated/dreamzero_feedback_cb08c9e_20260726/runs/formal_libero40_fbfm_l1mass_20_cb08c9e/shards/gpu0/tasks/libero_goal/task_004/trajectories/trial_010.npz
libero_goal,4,11,True,94,57.214539019041695,0,0,True,/mnt/project_eai_hs/zrm2/eval_isolated/dreamzero_feedback_cb08c9e_20260726/runs/formal_libero40_fbfm_l1mass_20_cb08c9e/shards/gpu0/tasks/libero_goal/task_004/trajectories/trial_011.npz
libero_goal,4,12,True,113,69.0468172619585,0,0,True,/mnt/project_eai_hs/zrm2/eval_isolated/dreamzero_feedback_cb08c9e_20260726/runs/formal_libero40_fbfm_l1mass_20_cb08c9e/shards/gpu0/tasks/libero_goal/task_004/trajectories/trial_012.npz
libero_goal,4,13,True,106,63.285628680023365,0,0,True,/mnt/project_eai_hs/zrm2/eval_isolated/dreamzero_feedback_cb08c9e_20260726/runs/formal_libero40_fbfm_l1mass_20_cb08c9e/shards/gpu0/tasks/libero_goal/task_004/trajectories/trial_013.npz
libero_goal,4,14,False,480,280.2409602300031,0,0,True,/mnt/project_eai_hs/zrm2/eval_isolated/dreamzero_feedback_cb08c9e_20260726/runs/formal_libero40_fbfm_l1mass_20_cb08c9e/shards/gpu0/tasks/libero_goal/task_004/trajectories/trial_014.npz
libero_goal,4,15,True,145,85.94939946697559,0,0,True,/mnt/project_eai_hs/zrm2/eval_isolated/dreamzero_feedback_cb08c9e_20260726/runs/formal_libero40_fbfm_l1mass_20_cb08c9e/shards/gpu0/tasks/libero_goal/task_004/trajectories/trial_015.npz
libero_goal,4,16,True,108,67.06377358199097,0,0,True,/mnt/project_eai_hs/zrm2/eval_isolated/dreamzero_feedback_cb08c9e_20260726/runs/formal_libero40_fbfm_l1mass_20_cb08c9e/shards/gpu0/tasks/libero_goal/task_004/trajectories/trial_016.npz
libero_goal,4,17,True,152,90.50186357204802,0,0,True,/mnt/project_eai_hs/zrm2/eval_isolated/dreamzero_feedback_cb08c9e_20260726/runs/formal_libero40_fbfm_l1mass_20_cb08c9e/shards/gpu0/tasks/libero_goal/task_004/trajectories/trial_017.npz
libero_goal,4,18,False,480,275.4155109799467,0,0,True,/mnt/project_eai_hs/zrm2/eval_isolated/dreamzero_feedback_cb08c9e_20260726/runs/formal_libero40_fbfm_l1mass_20_cb08c9e/shards/gpu0/tasks/libero_goal/task_004/trajectories/trial_018.npz
libero_goal,4,19,False,480,276.53503599006217,0,0,True,/mnt/project_eai_hs/zrm2/eval_isolated/dreamzero_feedback_cb08c9e_20260726/runs/formal_libero40_fbfm_l1mass_20_cb08c9e/shards/gpu0/tasks/libero_goal/task_004/trajectories/trial_019.npz
libero_goal,5,0,False,480,265.99673114100005,0,0,True,/mnt/project_eai_hs/zrm2/eval_isolated/dreamzero_feedback_cb08c9e_20260726/runs/formal_libero40_fbfm_l1mass_20_cb08c9e/shards/gpu1/tasks/libero_goal/task_005/trajectories/trial_000.npz
libero_goal,5,1,False,480,266.953087995993,0,0,True,/mnt/project_eai_hs/zrm2/eval_isolated/dreamzero_feedback_cb08c9e_20260726/runs/formal_libero40_fbfm_l1mass_20_cb08c9e/shards/gpu1/tasks/libero_goal/task_005/trajectories/trial_001.npz
libero_goal,5,2,True,186,103.47674766601995,0,0,True,/mnt/project_eai_hs/zrm2/eval_isolated/dreamzero_feedback_cb08c9e_20260726/runs/formal_libero40_fbfm_l1mass_20_cb08c9e/shards/gpu1/tasks/libero_goal/task_005/trajectories/trial_002.npz
libero_goal,5,3,True,252,140.49457061395515,0,0,True,/mnt/project_eai_hs/zrm2/eval_isolated/dreamzero_feedback_cb08c9e_20260726/runs/formal_libero40_fbfm_l1mass_20_cb08c9e/shards/gpu1/tasks/libero_goal/task_005/trajectories/trial_003.npz
libero_goal,5,4,False,480,262.75127449503634,0,0,True,/mnt/project_eai_hs/zrm2/eval_isolated/dreamzero_feedback_cb08c9e_20260726/runs/formal_libero40_fbfm_l1mass_20_cb08c9e/shards/gpu1/tasks/libero_goal/task_005/trajectories/trial_004.npz
libero_goal,5,5,True,226,124.82504147000145,0,0,True,/mnt/project_eai_hs/zrm2/eval_isolated/dreamzero_feedback_cb08c9e_20260726/runs/formal_libero40_fbfm_l1mass_20_cb08c9e/shards/gpu1/tasks/libero_goal/task_005/trajectories/trial_005.npz
libero_goal,5,6,True,189,109.16566378599964,0,0,True,/mnt/project_eai_hs/zrm2/eval_isolated/dreamzero_feedback_cb08c9e_20260726/runs/formal_libero40_fbfm_l1mass_20_cb08c9e/shards/gpu1/tasks/libero_goal/task_005/trajectories/trial_006.npz
libero_goal,5,7,True,220,124.08376176399179,0,0,True,/mnt/project_eai_hs/zrm2/eval_isolated/dreamzero_feedback_cb08c9e_20260726/runs/formal_libero40_fbfm_l1mass_20_cb08c9e/shards/gpu1/tasks/libero_goal/task_005/trajectories/trial_007.npz
libero_goal,5,8,True,157,90.89867324195802,0,0,True,/mnt/project_eai_hs/zrm2/eval_isolated/dreamzero_feedback_cb08c9e_20260726/runs/formal_libero40_fbfm_l1mass_20_cb08c9e/shards/gpu1/tasks/libero_goal/task_005/trajectories/trial_008.npz
libero_goal,5,9,True,268,151.10138528200332,0,0,True,/mnt/project_eai_hs/zrm2/eval_isolated/dreamzero_feedback_cb08c9e_20260726/runs/formal_libero40_fbfm_l1mass_20_cb08c9e/shards/gpu1/tasks/libero_goal/task_005/trajectories/trial_009.npz
libero_goal,5,10,True,277,153.98950575804338,0,0,True,/mnt/project_eai_hs/zrm2/eval_isolated/dreamzero_feedback_cb08c9e_20260726/runs/formal_libero40_fbfm_l1mass_20_cb08c9e/shards/gpu1/tasks/libero_goal/task_005/trajectories/trial_010.npz
libero_goal,5,11,False,480,262.1640220999252,0,0,True,/mnt/project_eai_hs/zrm2/eval_isolated/dreamzero_feedback_cb08c9e_20260726/runs/formal_libero40_fbfm_l1mass_20_cb08c9e/shards/gpu1/tasks/libero_goal/task_005/trajectories/trial_011.npz
libero_goal,5,12,False,480,264.448953097919,0,0,True,/mnt/project_eai_hs/zrm2/eval_isolated/dreamzero_feedback_cb08c9e_20260726/runs/formal_libero40_fbfm_l1mass_20_cb08c9e/shards/gpu1/tasks/libero_goal/task_005/trajectories/trial_012.npz
libero_goal,5,13,False,480,263.0076027769828,0,0,True,/mnt/project_eai_hs/zrm2/eval_isolated/dreamzero_feedback_cb08c9e_20260726/runs/formal_libero40_fbfm_l1mass_20_cb08c9e/shards/gpu1/tasks/libero_goal/task_005/trajectories/trial_013.npz
libero_goal,5,14,False,480,262.12828209996223,0,0,True,/mnt/project_eai_hs/zrm2/eval_isolated/dreamzero_feedback_cb08c9e_20260726/runs/formal_libero40_fbfm_l1mass_20_cb08c9e/shards/gpu1/tasks/libero_goal/task_005/trajectories/trial_014.npz
libero_goal,5,15,True,273,152.16034899896476,0,0,True,/mnt/project_eai_hs/zrm2/eval_isolated/dreamzero_feedback_cb08c9e_20260726/runs/formal_libero40_fbfm_l1mass_20_cb08c9e/shards/gpu1/tasks/libero_goal/task_005/trajectories/trial_015.npz
libero_goal,5,16,True,250,138.62876797595527,0,0,True,/mnt/project_eai_hs/zrm2/eval_isolated/dreamzero_feedback_cb08c9e_20260726/runs/formal_libero40_fbfm_l1mass_20_cb08c9e/shards/gpu1/tasks/libero_goal/task_005/trajectories/trial_016.npz
libero_goal,5,17,True,174,97.26994880801067,0,0,True,/mnt/project_eai_hs/zrm2/eval_isolated/dreamzero_feedback_cb08c9e_20260726/runs/formal_libero40_fbfm_l1mass_20_cb08c9e/shards/gpu1/tasks/libero_goal/task_005/trajectories/trial_017.npz
libero_goal,5,18,True,191,106.79873563395813,0,0,True,/mnt/project_eai_hs/zrm2/eval_isolated/dreamzero_feedback_cb08c9e_20260726/runs/formal_libero40_fbfm_l1mass_20_cb08c9e/shards/gpu1/tasks/libero_goal/task_005/trajectories/trial_018.npz
libero_goal,5,19,True,248,136.4440703149885,0,0,True,/mnt/project_eai_hs/zrm2/eval_isolated/dreamzero_feedback_cb08c9e_20260726/runs/formal_libero40_fbfm_l1mass_20_cb08c9e/shards/gpu1/tasks/libero_goal/task_005/trajectories/trial_019.npz
libero_goal,6,0,True,235,131.3250669069821,0,0,True,/mnt/project_eai_hs/zrm2/eval_isolated/dreamzero_feedback_cb08c9e_20260726/runs/formal_libero40_fbfm_l1mass_20_cb08c9e/shards/gpu2/tasks/libero_goal/task_006/trajectories/trial_000.npz
libero_goal,6,1,True,97,57.44994186097756,0,0,True,/mnt/project_eai_hs/zrm2/eval_isolated/dreamzero_feedback_cb08c9e_20260726/runs/formal_libero40_fbfm_l1mass_20_cb08c9e/shards/gpu2/tasks/libero_goal/task_006/trajectories/trial_001.npz
libero_goal,6,2,True,97,56.1024282410508,0,0,True,/mnt/project_eai_hs/zrm2/eval_isolated/dreamzero_feedback_cb08c9e_20260726/runs/formal_libero40_fbfm_l1mass_20_cb08c9e/shards/gpu2/tasks/libero_goal/task_006/trajectories/trial_002.npz
libero_goal,6,3,False,480,266.61974083899986,0,0,True,/mnt/project_eai_hs/zrm2/eval_isolated/dreamzero_feedback_cb08c9e_20260726/runs/formal_libero40_fbfm_l1mass_20_cb08c9e/shards/gpu2/tasks/libero_goal/task_006/trajectories/trial_003.npz
libero_goal,6,4,False,480,268.8773361820495,0,0,True,/mnt/project_eai_hs/zrm2/eval_isolated/dreamzero_feedback_cb08c9e_20260726/runs/formal_libero40_fbfm_l1mass_20_cb08c9e/shards/gpu2/tasks/libero_goal/task_006/trajectories/trial_004.npz
libero_goal,6,5,False,480,269.21641874103807,0,0,True,/mnt/project_eai_hs/zrm2/eval_isolated/dreamzero_feedback_cb08c9e_20260726/runs/formal_libero40_fbfm_l1mass_20_cb08c9e/shards/gpu2/tasks/libero_goal/task_006/trajectories/trial_005.npz
libero_goal,6,6,True,119,69.39328743098304,0,0,True,/mnt/project_eai_hs/zrm2/eval_isolated/dreamzero_feedback_cb08c9e_20260726/runs/formal_libero40_fbfm_l1mass_20_cb08c9e/shards/gpu2/tasks/libero_goal/task_006/trajectories/trial_006.npz
libero_goal,6,7,True,113,64.99221214896534,0,0,True,/mnt/project_eai_hs/zrm2/eval_isolated/dreamzero_feedback_cb08c9e_20260726/runs/formal_libero40_fbfm_l1mass_20_cb08c9e/shards/gpu2/tasks/libero_goal/task_006/trajectories/trial_007.npz
libero_goal,6,8,True,96,57.068915439071134,0,0,True,/mnt/project_eai_hs/zrm2/eval_isolated/dreamzero_feedback_cb08c9e_20260726/runs/formal_libero40_fbfm_l1mass_20_cb08c9e/shards/gpu2/tasks/libero_goal/task_006/trajectories/trial_008.npz
libero_goal,6,9,True,96,55.1454291800037,0,0,True,/mnt/project_eai_hs/zrm2/eval_isolated/dreamzero_feedback_cb08c9e_20260726/runs/formal_libero40_fbfm_l1mass_20_cb08c9e/shards/gpu2/tasks/libero_goal/task_006/trajectories/trial_009.npz
libero_goal,6,10,True,114,64.69956859794911,0,0,True,/mnt/project_eai_hs/zrm2/eval_isolated/dreamzero_feedback_cb08c9e_20260726/runs/formal_libero40_fbfm_l1mass_20_cb08c9e/shards/gpu2/tasks/libero_goal/task_006/trajectories/trial_010.npz
libero_goal,6,11,True,97,57.04878317308612,0,0,True,/mnt/project_eai_hs/zrm2/eval_isolated/dreamzero_feedback_cb08c9e_20260726/runs/formal_libero40_fbfm_l1mass_20_cb08c9e/shards/gpu2/tasks/libero_goal/task_006/trajectories/trial_011.npz
libero_goal,6,12,False,480,273.5673019340029,0,0,True,/mnt/project_eai_hs/zrm2/eval_isolated/dreamzero_feedback_cb08c9e_20260726/runs/formal_libero40_fbfm_l1mass_20_cb08c9e/shards/gpu2/tasks/libero_goal/task_006/trajectories/trial_012.npz
libero_goal,6,13,False,480,271.29775994992815,0,0,True,/mnt/project_eai_hs/zrm2/eval_isolated/dreamzero_feedback_cb08c9e_20260726/runs/formal_libero40_fbfm_l1mass_20_cb08c9e/shards/gpu2/tasks/libero_goal/task_006/trajectories/trial_013.npz
libero_goal,6,14,False,480,271.080876840977,0,0,True,/mnt/project_eai_hs/zrm2/eval_isolated/dreamzero_feedback_cb08c9e_20260726/runs/formal_libero40_fbfm_l1mass_20_cb08c9e/shards/gpu2/tasks/libero_goal/task_006/trajectories/trial_014.npz
libero_goal,6,15,False,480,270.15070948796347,0,0,True,/mnt/project_eai_hs/zrm2/eval_isolated/dreamzero_feedback_cb08c9e_20260726/runs/formal_libero40_fbfm_l1mass_20_cb08c9e/shards/gpu2/tasks/libero_goal/task_006/trajectories/trial_015.npz
libero_goal,6,16,True,149,85.24168290302623,0,0,True,/mnt/project_eai_hs/zrm2/eval_isolated/dreamzero_feedback_cb08c9e_20260726/runs/formal_libero40_fbfm_l1mass_20_cb08c9e/shards/gpu2/tasks/libero_goal/task_006/trajectories/trial_016.npz
libero_goal,6,17,True,116,66.72794405394234,0,0,True,/mnt/project_eai_hs/zrm2/eval_isolated/dreamzero_feedback_cb08c9e_20260726/runs/formal_libero40_fbfm_l1mass_20_cb08c9e/shards/gpu2/tasks/libero_goal/task_006/trajectories/trial_017.npz
libero_goal,6,18,True,96,56.10837237990927,0,0,True,/mnt/project_eai_hs/zrm2/eval_isolated/dreamzero_feedback_cb08c9e_20260726/runs/formal_libero40_fbfm_l1mass_20_cb08c9e/shards/gpu2/tasks/libero_goal/task_006/trajectories/trial_018.npz
libero_goal,6,19,False,480,266.4261866370216,0,0,True,/mnt/project_eai_hs/zrm2/eval_isolated/dreamzero_feedback_cb08c9e_20260726/runs/formal_libero40_fbfm_l1mass_20_cb08c9e/shards/gpu2/tasks/libero_goal/task_006/trajectories/trial_019.npz
libero_goal,7,0,True,85,49.25600261206273,0,0,True,/mnt/project_eai_hs/zrm2/eval_isolated/dreamzero_feedback_cb08c9e_20260726/runs/formal_libero40_fbfm_l1mass_20_cb08c9e/shards/gpu3/tasks/libero_goal/task_007/trajectories/trial_000.npz
libero_goal,7,1,True,89,52.344041922013275,0,0,True,/mnt/project_eai_hs/zrm2/eval_isolated/dreamzero_feedback_cb08c9e_20260726/runs/formal_libero40_fbfm_l1mass_20_cb08c9e/shards/gpu3/tasks/libero_goal/task_007/trajectories/trial_001.npz
libero_goal,7,2,True,84,47.96362761093769,0,0,True,/mnt/project_eai_hs/zrm2/eval_isolated/dreamzero_feedback_cb08c9e_20260726/runs/formal_libero40_fbfm_l1mass_20_cb08c9e/shards/gpu3/tasks/libero_goal/task_007/trajectories/trial_002.npz
libero_goal,7,3,True,83,48.807715815957636,0,0,True,/mnt/project_eai_hs/zrm2/eval_isolated/dreamzero_feedback_cb08c9e_20260726/runs/formal_libero40_fbfm_l1mass_20_cb08c9e/shards/gpu3/tasks/libero_goal/task_007/trajectories/trial_003.npz
libero_goal,7,4,True,82,46.608145126956515,0,0,True,/mnt/project_eai_hs/zrm2/eval_isolated/dreamzero_feedback_cb08c9e_20260726/runs/formal_libero40_fbfm_l1mass_20_cb08c9e/shards/gpu3/tasks/libero_goal/task_007/trajectories/trial_004.npz
libero_goal,7,5,True,88,48.96754636603873,0,0,True,/mnt/project_eai_hs/zrm2/eval_isolated/dreamzero_feedback_cb08c9e_20260726/runs/formal_libero40_fbfm_l1mass_20_cb08c9e/shards/gpu3/tasks/libero_goal/task_007/trajectories/trial_005.npz
libero_goal,7,6,True,82,47.458565243985504,0,0,True,/mnt/project_eai_hs/zrm2/eval_isolated/dreamzero_feedback_cb08c9e_20260726/runs/formal_libero40_fbfm_l1mass_20_cb08c9e/shards/gpu3/tasks/libero_goal/task_007/trajectories/trial_006.npz
libero_goal,7,7,True,88,49.647858471027575,0,0,True,/mnt/project_eai_hs/zrm2/eval_isolated/dreamzero_feedback_cb08c9e_20260726/runs/formal_libero40_fbfm_l1mass_20_cb08c9e/shards/gpu3/tasks/libero_goal/task_007/trajectories/trial_007.npz
libero_goal,7,8,True,92,52.80572534503881,0,0,True,/mnt/project_eai_hs/zrm2/eval_isolated/dreamzero_feedback_cb08c9e_20260726/runs/formal_libero40_fbfm_l1mass_20_cb08c9e/shards/gpu3/tasks/libero_goal/task_007/trajectories/trial_008.npz
libero_goal,7,9,True,85,50.294382773921825,0,0,True,/mnt/project_eai_hs/zrm2/eval_isolated/dreamzero_feedback_cb08c9e_20260726/runs/formal_libero40_fbfm_l1mass_20_cb08c9e/shards/gpu3/tasks/libero_goal/task_007/trajectories/trial_009.npz
libero_goal,7,10,True,77,45.229854807956144,0,0,True,/mnt/project_eai_hs/zrm2/eval_isolated/dreamzero_feedback_cb08c9e_20260726/runs/formal_libero40_fbfm_l1mass_20_cb08c9e/shards/gpu3/tasks/libero_goal/task_007/trajectories/trial_010.npz
libero_goal,7,11,True,76,43.74352694803383,0,0,True,/mnt/project_eai_hs/zrm2/eval_isolated/dreamzero_feedback_cb08c9e_20260726/runs/formal_libero40_fbfm_l1mass_20_cb08c9e/shards/gpu3/tasks/libero_goal/task_007/trajectories/trial_011.npz
libero_goal,7,12,True,88,49.64178905100562,0,0,True,/mnt/project_eai_hs/zrm2/eval_isolated/dreamzero_feedback_cb08c9e_20260726/runs/formal_libero40_fbfm_l1mass_20_cb08c9e/shards/gpu3/tasks/libero_goal/task_007/trajectories/trial_012.npz
libero_goal,7,13,True,80,45.587999348994344,0,0,True,/mnt/project_eai_hs/zrm2/eval_isolated/dreamzero_feedback_cb08c9e_20260726/runs/formal_libero40_fbfm_l1mass_20_cb08c9e/shards/gpu3/tasks/libero_goal/task_007/trajectories/trial_013.npz
libero_goal,7,14,True,86,51.79579533403739,0,0,True,/mnt/project_eai_hs/zrm2/eval_isolated/dreamzero_feedback_cb08c9e_20260726/runs/formal_libero40_fbfm_l1mass_20_cb08c9e/shards/gpu3/tasks/libero_goal/task_007/trajectories/trial_014.npz
libero_goal,7,15,True,81,47.33263680792879,0,0,True,/mnt/project_eai_hs/zrm2/eval_isolated/dreamzero_feedback_cb08c9e_20260726/runs/formal_libero40_fbfm_l1mass_20_cb08c9e/shards/gpu3/tasks/libero_goal/task_007/trajectories/trial_015.npz
libero_goal,7,16,True,97,56.192075738916174,0,0,True,/mnt/project_eai_hs/zrm2/eval_isolated/dreamzero_feedback_cb08c9e_20260726/runs/formal_libero40_fbfm_l1mass_20_cb08c9e/shards/gpu3/tasks/libero_goal/task_007/trajectories/trial_016.npz
libero_goal,7,17,True,89,53.85870908398647,0,0,True,/mnt/project_eai_hs/zrm2/eval_isolated/dreamzero_feedback_cb08c9e_20260726/runs/formal_libero40_fbfm_l1mass_20_cb08c9e/shards/gpu3/tasks/libero_goal/task_007/trajectories/trial_017.npz
libero_goal,7,18,True,83,47.918707331991754,0,0,True,/mnt/project_eai_hs/zrm2/eval_isolated/dreamzero_feedback_cb08c9e_20260726/runs/formal_libero40_fbfm_l1mass_20_cb08c9e/shards/gpu3/tasks/libero_goal/task_007/trajectories/trial_018.npz
libero_goal,7,19,True,91,51.58782145904843,0,0,True,/mnt/project_eai_hs/zrm2/eval_isolated/dreamzero_feedback_cb08c9e_20260726/runs/formal_libero40_fbfm_l1mass_20_cb08c9e/shards/gpu3/tasks/libero_goal/task_007/trajectories/trial_019.npz
libero_goal,8,0,True,93,57.11773387005087,0,0,True,/mnt/project_eai_hs/zrm2/eval_isolated/dreamzero_feedback_cb08c9e_20260726/runs/formal_libero40_fbfm_l1mass_20_cb08c9e/shards/gpu4/tasks/libero_goal/task_008/trajectories/trial_000.npz
libero_goal,8,1,True,137,80.99303874000907,0,0,True,/mnt/project_eai_hs/zrm2/eval_isolated/dreamzero_feedback_cb08c9e_20260726/runs/formal_libero40_fbfm_l1mass_20_cb08c9e/shards/gpu4/tasks/libero_goal/task_008/trajectories/trial_001.npz
libero_goal,8,2,True,163,95.97214491199702,0,0,True,/mnt/project_eai_hs/zrm2/eval_isolated/dreamzero_feedback_cb08c9e_20260726/runs/formal_libero40_fbfm_l1mass_20_cb08c9e/shards/gpu4/tasks/libero_goal/task_008/trajectories/trial_002.npz
libero_goal,8,3,True,163,95.75515133398585,0,0,True,/mnt/project_eai_hs/zrm2/eval_isolated/dreamzero_feedback_cb08c9e_20260726/runs/formal_libero40_fbfm_l1mass_20_cb08c9e/shards/gpu4/tasks/libero_goal/task_008/trajectories/trial_003.npz
libero_goal,8,4,True,160,94.14358145801816,0,0,True,/mnt/project_eai_hs/zrm2/eval_isolated/dreamzero_feedback_cb08c9e_20260726/runs/formal_libero40_fbfm_l1mass_20_cb08c9e/shards/gpu4/tasks/libero_goal/task_008/trajectories/trial_004.npz
libero_goal,8,5,True,113,66.52747898804955,0,0,True,/mnt/project_eai_hs/zrm2/eval_isolated/dreamzero_feedback_cb08c9e_20260726/runs/formal_libero40_fbfm_l1mass_20_cb08c9e/shards/gpu4/tasks/libero_goal/task_008/trajectories/trial_005.npz
libero_goal,8,6,True,136,80.18137911194935,0,0,True,/mnt/project_eai_hs/zrm2/eval_isolated/dreamzero_feedback_cb08c9e_20260726/runs/formal_libero40_fbfm_l1mass_20_cb08c9e/shards/gpu4/tasks/libero_goal/task_008/trajectories/trial_006.npz
libero_goal,8,7,True,122,72.65637969202362,0,0,True,/mnt/project_eai_hs/zrm2/eval_isolated/dreamzero_feedback_cb08c9e_20260726/runs/formal_libero40_fbfm_l1mass_20_cb08c9e/shards/gpu4/tasks/libero_goal/task_008/trajectories/trial_007.npz
libero_goal,8,8,True,162,95.52894114004448,0,0,True,/mnt/project_eai_hs/zrm2/eval_isolated/dreamzero_feedback_cb08c9e_20260726/runs/formal_libero40_fbfm_l1mass_20_cb08c9e/shards/gpu4/tasks/libero_goal/task_008/trajectories/trial_008.npz
libero_goal,8,9,True,85,50.98589540203102,0,0,True,/mnt/project_eai_hs/zrm2/eval_isolated/dreamzero_feedback_cb08c9e_20260726/runs/formal_libero40_fbfm_l1mass_20_cb08c9e/shards/gpu4/tasks/libero_goal/task_008/trajectories/trial_009.npz
libero_goal,8,10,True,93,56.973964806995355,0,0,True,/mnt/project_eai_hs/zrm2/eval_isolated/dreamzero_feedback_cb08c9e_20260726/runs/formal_libero40_fbfm_l1mass_20_cb08c9e/shards/gpu4/tasks/libero_goal/task_008/trajectories/trial_010.npz
libero_goal,8,11,True,90,54.73137533199042,0,0,True,/mnt/project_eai_hs/zrm2/eval_isolated/dreamzero_feedback_cb08c9e_20260726/runs/formal_libero40_fbfm_l1mass_20_cb08c9e/shards/gpu4/tasks/libero_goal/task_008/trajectories/trial_011.npz
libero_goal,8,12,True,112,65.66406550607644,0,0,True,/mnt/project_eai_hs/zrm2/eval_isolated/dreamzero_feedback_cb08c9e_20260726/runs/formal_libero40_fbfm_l1mass_20_cb08c9e/shards/gpu4/tasks/libero_goal/task_008/trajectories/trial_012.npz
libero_goal,8,13,True,154,90.7093222400872,0,0,True,/mnt/project_eai_hs/zrm2/eval_isolated/dreamzero_feedback_cb08c9e_20260726/runs/formal_libero40_fbfm_l1mass_20_cb08c9e/shards/gpu4/tasks/libero_goal/task_008/trajectories/trial_013.npz
libero_goal,8,14,True,384,225.6572471250547,0,0,True,/mnt/project_eai_hs/zrm2/eval_isolated/dreamzero_feedback_cb08c9e_20260726/runs/formal_libero40_fbfm_l1mass_20_cb08c9e/shards/gpu4/tasks/libero_goal/task_008/trajectories/trial_014.npz
libero_goal,8,15,True,142,84.55747166392393,0,0,True,/mnt/project_eai_hs/zrm2/eval_isolated/dreamzero_feedback_cb08c9e_20260726/runs/formal_libero40_fbfm_l1mass_20_cb08c9e/shards/gpu4/tasks/libero_goal/task_008/trajectories/trial_015.npz
libero_goal,8,16,True,88,52.01448590797372,0,0,True,/mnt/project_eai_hs/zrm2/eval_isolated/dreamzero_feedback_cb08c9e_20260726/runs/formal_libero40_fbfm_l1mass_20_cb08c9e/shards/gpu4/tasks/libero_goal/task_008/trajectories/trial_016.npz
libero_goal,8,17,True,127,75.59570196608547,0,0,True,/mnt/project_eai_hs/zrm2/eval_isolated/dreamzero_feedback_cb08c9e_20260726/runs/formal_libero40_fbfm_l1mass_20_cb08c9e/shards/gpu4/tasks/libero_goal/task_008/trajectories/trial_017.npz
libero_goal,8,18,True,159,93.90609428402968,0,0,True,/mnt/project_eai_hs/zrm2/eval_isolated/dreamzero_feedback_cb08c9e_20260726/runs/formal_libero40_fbfm_l1mass_20_cb08c9e/shards/gpu4/tasks/libero_goal/task_008/trajectories/trial_018.npz
libero_goal,8,19,True,93,55.962549276067875,0,0,True,/mnt/project_eai_hs/zrm2/eval_isolated/dreamzero_feedback_cb08c9e_20260726/runs/formal_libero40_fbfm_l1mass_20_cb08c9e/shards/gpu4/tasks/libero_goal/task_008/trajectories/trial_019.npz
libero_goal,9,0,False,480,274.6769445349928,0,0,True,/mnt/project_eai_hs/zrm2/eval_isolated/dreamzero_feedback_cb08c9e_20260726/runs/formal_libero40_fbfm_l1mass_20_cb08c9e/shards/gpu5/tasks/libero_goal/task_009/trajectories/trial_000.npz
libero_goal,9,1,False,480,275.71631213999353,0,0,True,/mnt/project_eai_hs/zrm2/eval_isolated/dreamzero_feedback_cb08c9e_20260726/runs/formal_libero40_fbfm_l1mass_20_cb08c9e/shards/gpu5/tasks/libero_goal/task_009/trajectories/trial_001.npz
libero_goal,9,2,False,480,275.15484455099795,0,0,True,/mnt/project_eai_hs/zrm2/eval_isolated/dreamzero_feedback_cb08c9e_20260726/runs/formal_libero40_fbfm_l1mass_20_cb08c9e/shards/gpu5/tasks/libero_goal/task_009/trajectories/trial_002.npz
libero_goal,9,3,False,480,273.8261737219291,0,0,True,/mnt/project_eai_hs/zrm2/eval_isolated/dreamzero_feedback_cb08c9e_20260726/runs/formal_libero40_fbfm_l1mass_20_cb08c9e/shards/gpu5/tasks/libero_goal/task_009/trajectories/trial_003.npz
libero_goal,9,4,False,480,274.02781649597455,0,0,True,/mnt/project_eai_hs/zrm2/eval_isolated/dreamzero_feedback_cb08c9e_20260726/runs/formal_libero40_fbfm_l1mass_20_cb08c9e/shards/gpu5/tasks/libero_goal/task_009/trajectories/trial_004.npz
libero_goal,9,5,False,480,275.66541777097154,0,0,True,/mnt/project_eai_hs/zrm2/eval_isolated/dreamzero_feedback_cb08c9e_20260726/runs/formal_libero40_fbfm_l1mass_20_cb08c9e/shards/gpu5/tasks/libero_goal/task_009/trajectories/trial_005.npz
libero_goal,9,6,False,480,278.5775369069306,0,0,True,/mnt/project_eai_hs/zrm2/eval_isolated/dreamzero_feedback_cb08c9e_20260726/runs/formal_libero40_fbfm_l1mass_20_cb08c9e/shards/gpu5/tasks/libero_goal/task_009/trajectories/trial_006.npz
libero_goal,9,7,True,140,83.04789992107544,0,0,True,/mnt/project_eai_hs/zrm2/eval_isolated/dreamzero_feedback_cb08c9e_20260726/runs/formal_libero40_fbfm_l1mass_20_cb08c9e/shards/gpu5/tasks/libero_goal/task_009/trajectories/trial_007.npz
libero_goal,9,8,False,480,277.6389907419216,0,0,True,/mnt/project_eai_hs/zrm2/eval_isolated/dreamzero_feedback_cb08c9e_20260726/runs/formal_libero40_fbfm_l1mass_20_cb08c9e/shards/gpu5/tasks/libero_goal/task_009/trajectories/trial_008.npz
libero_goal,9,9,False,480,275.91939583292697,0,0,True,/mnt/project_eai_hs/zrm2/eval_isolated/dreamzero_feedback_cb08c9e_20260726/runs/formal_libero40_fbfm_l1mass_20_cb08c9e/shards/gpu5/tasks/libero_goal/task_009/trajectories/trial_009.npz
libero_goal,9,10,True,173,100.75038471596781,0,0,True,/mnt/project_eai_hs/zrm2/eval_isolated/dreamzero_feedback_cb08c9e_20260726/runs/formal_libero40_fbfm_l1mass_20_cb08c9e/shards/gpu5/tasks/libero_goal/task_009/trajectories/trial_010.npz
libero_goal,9,11,False,480,270.7609011569293,0,0,True,/mnt/project_eai_hs/zrm2/eval_isolated/dreamzero_feedback_cb08c9e_20260726/runs/formal_libero40_fbfm_l1mass_20_cb08c9e/shards/gpu5/tasks/libero_goal/task_009/trajectories/trial_011.npz
libero_goal,9,12,False,480,274.6050820070086,0,0,True,/mnt/project_eai_hs/zrm2/eval_isolated/dreamzero_feedback_cb08c9e_20260726/runs/formal_libero40_fbfm_l1mass_20_cb08c9e/shards/gpu5/tasks/libero_goal/task_009/trajectories/trial_012.npz
libero_goal,9,13,False,480,272.43469717993867,0,0,True,/mnt/project_eai_hs/zrm2/eval_isolated/dreamzero_feedback_cb08c9e_20260726/runs/formal_libero40_fbfm_l1mass_20_cb08c9e/shards/gpu5/tasks/libero_goal/task_009/trajectories/trial_013.npz
libero_goal,9,14,False,480,268.04524962208234,0,0,True,/mnt/project_eai_hs/zrm2/eval_isolated/dreamzero_feedback_cb08c9e_20260726/runs/formal_libero40_fbfm_l1mass_20_cb08c9e/shards/gpu5/tasks/libero_goal/task_009/trajectories/trial_014.npz
libero_goal,9,15,False,480,268.244221828063,0,0,True,/mnt/project_eai_hs/zrm2/eval_isolated/dreamzero_feedback_cb08c9e_20260726/runs/formal_libero40_fbfm_l1mass_20_cb08c9e/shards/gpu5/tasks/libero_goal/task_009/trajectories/trial_015.npz
libero_goal,9,16,False,480,265.3686851769453,0,0,True,/mnt/project_eai_hs/zrm2/eval_isolated/dreamzero_feedback_cb08c9e_20260726/runs/formal_libero40_fbfm_l1mass_20_cb08c9e/shards/gpu5/tasks/libero_goal/task_009/trajectories/trial_016.npz
libero_goal,9,17,True,158,90.42538411298301,0,0,True,/mnt/project_eai_hs/zrm2/eval_isolated/dreamzero_feedback_cb08c9e_20260726/runs/formal_libero40_fbfm_l1mass_20_cb08c9e/shards/gpu5/tasks/libero_goal/task_009/trajectories/trial_017.npz
libero_goal,9,18,False,480,266.06544299505185,0,0,True,/mnt/project_eai_hs/zrm2/eval_isolated/dreamzero_feedback_cb08c9e_20260726/runs/formal_libero40_fbfm_l1mass_20_cb08c9e/shards/gpu5/tasks/libero_goal/task_009/trajectories/trial_018.npz
libero_goal,9,19,False,480,265.8451068860013,0,0,True,/mnt/project_eai_hs/zrm2/eval_isolated/dreamzero_feedback_cb08c9e_20260726/runs/formal_libero40_fbfm_l1mass_20_cb08c9e/shards/gpu5/tasks/libero_goal/task_009/trajectories/trial_019.npz
libero_10,0,0,True,434,250.17534427694045,0,0,True,/mnt/project_eai_hs/zrm2/eval_isolated/dreamzero_feedback_cb08c9e_20260726/runs/formal_libero40_fbfm_l1mass_20_cb08c9e/shards/gpu6/tasks/libero_10/task_000/trajectories/trial_000.npz
libero_10,0,1,True,284,160.38720948493574,0,0,True,/mnt/project_eai_hs/zrm2/eval_isolated/dreamzero_feedback_cb08c9e_20260726/runs/formal_libero40_fbfm_l1mass_20_cb08c9e/shards/gpu6/tasks/libero_10/task_000/trajectories/trial_001.npz
libero_10,0,2,False,480,268.1662934899796,0,0,True,/mnt/project_eai_hs/zrm2/eval_isolated/dreamzero_feedback_cb08c9e_20260726/runs/formal_libero40_fbfm_l1mass_20_cb08c9e/shards/gpu6/tasks/libero_10/task_000/trajectories/trial_002.npz
libero_10,0,3,False,480,281.8337929759873,0,0,True,/mnt/project_eai_hs/zrm2/eval_isolated/dreamzero_feedback_cb08c9e_20260726/runs/formal_libero40_fbfm_l1mass_20_cb08c9e/shards/gpu6/tasks/libero_10/task_000/trajectories/trial_003.npz
libero_10,0,4,False,480,281.7753444099799,0,0,True,/mnt/project_eai_hs/zrm2/eval_isolated/dreamzero_feedback_cb08c9e_20260726/runs/formal_libero40_fbfm_l1mass_20_cb08c9e/shards/gpu6/tasks/libero_10/task_000/trajectories/trial_004.npz
libero_10,0,5,False,480,278.6647471260512,0,0,True,/mnt/project_eai_hs/zrm2/eval_isolated/dreamzero_feedback_cb08c9e_20260726/runs/formal_libero40_fbfm_l1mass_20_cb08c9e/shards/gpu6/tasks/libero_10/task_000/trajectories/trial_005.npz
libero_10,0,6,False,480,278.49309922009706,0,0,True,/mnt/project_eai_hs/zrm2/eval_isolated/dreamzero_feedback_cb08c9e_20260726/runs/formal_libero40_fbfm_l1mass_20_cb08c9e/shards/gpu6/tasks/libero_10/task_000/trajectories/trial_006.npz
libero_10,0,7,True,299,171.17484518303536,0,0,True,/mnt/project_eai_hs/zrm2/eval_isolated/dreamzero_feedback_cb08c9e_20260726/runs/formal_libero40_fbfm_l1mass_20_cb08c9e/shards/gpu6/tasks/libero_10/task_000/trajectories/trial_007.npz
libero_10,0,8,True,293,166.53948208293878,0,0,True,/mnt/project_eai_hs/zrm2/eval_isolated/dreamzero_feedback_cb08c9e_20260726/runs/formal_libero40_fbfm_l1mass_20_cb08c9e/shards/gpu6/tasks/libero_10/task_000/trajectories/trial_008.npz
libero_10,0,9,True,288,163.80998247896787,0,0,True,/mnt/project_eai_hs/zrm2/eval_isolated/dreamzero_feedback_cb08c9e_20260726/runs/formal_libero40_fbfm_l1mass_20_cb08c9e/shards/gpu6/tasks/libero_10/task_000/trajectories/trial_009.npz
libero_10,0,10,True,318,180.39294811803848,0,0,True,/mnt/project_eai_hs/zrm2/eval_isolated/dreamzero_feedback_cb08c9e_20260726/runs/formal_libero40_fbfm_l1mass_20_cb08c9e/shards/gpu6/tasks/libero_10/task_000/trajectories/trial_010.npz
libero_10,0,11,False,480,271.22798700793646,0,0,True,/mnt/project_eai_hs/zrm2/eval_isolated/dreamzero_feedback_cb08c9e_20260726/runs/formal_libero40_fbfm_l1mass_20_cb08c9e/shards/gpu6/tasks/libero_10/task_000/trajectories/trial_011.npz
libero_10,0,12,True,388,219.27471080899704,0,0,True,/mnt/project_eai_hs/zrm2/eval_isolated/dreamzero_feedback_cb08c9e_20260726/runs/formal_libero40_fbfm_l1mass_20_cb08c9e/shards/gpu6/tasks/libero_10/task_000/trajectories/trial_012.npz
libero_10,0,13,True,312,175.37868887896184,0,0,True,/mnt/project_eai_hs/zrm2/eval_isolated/dreamzero_feedback_cb08c9e_20260726/runs/formal_libero40_fbfm_l1mass_20_cb08c9e/shards/gpu6/tasks/libero_10/task_000/trajectories/trial_013.npz
libero_10,0,14,True,302,167.13160311302636,0,0,True,/mnt/project_eai_hs/zrm2/eval_isolated/dreamzero_feedback_cb08c9e_20260726/runs/formal_libero40_fbfm_l1mass_20_cb08c9e/shards/gpu6/tasks/libero_10/task_000/trajectories/trial_014.npz
libero_10,0,15,False,480,272.0464186059544,0,0,True,/mnt/project_eai_hs/zrm2/eval_isolated/dreamzero_feedback_cb08c9e_20260726/runs/formal_libero40_fbfm_l1mass_20_cb08c9e/shards/gpu6/tasks/libero_10/task_000/trajectories/trial_015.npz
libero_10,0,16,True,285,160.68662856903393,0,0,True,/mnt/project_eai_hs/zrm2/eval_isolated/dreamzero_feedback_cb08c9e_20260726/runs/formal_libero40_fbfm_l1mass_20_cb08c9e/shards/gpu6/tasks/libero_10/task_000/trajectories/trial_016.npz
libero_10,0,17,True,333,188.22735232603736,0,0,True,/mnt/project_eai_hs/zrm2/eval_isolated/dreamzero_feedback_cb08c9e_20260726/runs/formal_libero40_fbfm_l1mass_20_cb08c9e/shards/gpu6/tasks/libero_10/task_000/trajectories/trial_017.npz
libero_10,0,18,False,480,265.9570748170372,0,0,True,/mnt/project_eai_hs/zrm2/eval_isolated/dreamzero_feedback_cb08c9e_20260726/runs/formal_libero40_fbfm_l1mass_20_cb08c9e/shards/gpu6/tasks/libero_10/task_000/trajectories/trial_018.npz
libero_10,0,19,False,480,269.56737599906046,0,0,True,/mnt/project_eai_hs/zrm2/eval_isolated/dreamzero_feedback_cb08c9e_20260726/runs/formal_libero40_fbfm_l1mass_20_cb08c9e/shards/gpu6/tasks/libero_10/task_000/trajectories/trial_019.npz
libero_10,1,0,False,480,264.02946301794145,0,0,True,/mnt/project_eai_hs/zrm2/eval_isolated/dreamzero_feedback_cb08c9e_20260726/runs/formal_libero40_fbfm_l1mass_20_cb08c9e/shards/gpu7/tasks/libero_10/task_001/trajectories/trial_000.npz
libero_10,1,1,False,480,263.4968729519751,0,0,True,/mnt/project_eai_hs/zrm2/eval_isolated/dreamzero_feedback_cb08c9e_20260726/runs/formal_libero40_fbfm_l1mass_20_cb08c9e/shards/gpu7/tasks/libero_10/task_001/trajectories/trial_001.npz
libero_10,1,2,False,480,269.61282796401065,0,0,True,/mnt/project_eai_hs/zrm2/eval_isolated/dreamzero_feedback_cb08c9e_20260726/runs/formal_libero40_fbfm_l1mass_20_cb08c9e/shards/gpu7/tasks/libero_10/task_001/trajectories/trial_002.npz
libero_10,1,3,False,480,267.18763060099445,0,0,True,/mnt/project_eai_hs/zrm2/eval_isolated/dreamzero_feedback_cb08c9e_20260726/runs/formal_libero40_fbfm_l1mass_20_cb08c9e/shards/gpu7/tasks/libero_10/task_001/trajectories/trial_003.npz
libero_10,1,4,True,327,179.45152831007726,0,0,True,/mnt/project_eai_hs/zrm2/eval_isolated/dreamzero_feedback_cb08c9e_20260726/runs/formal_libero40_fbfm_l1mass_20_cb08c9e/shards/gpu7/tasks/libero_10/task_001/trajectories/trial_004.npz
libero_10,1,5,False,480,263.6130162579939,0,0,True,/mnt/project_eai_hs/zrm2/eval_isolated/dreamzero_feedback_cb08c9e_20260726/runs/formal_libero40_fbfm_l1mass_20_cb08c9e/shards/gpu7/tasks/libero_10/task_001/trajectories/trial_005.npz
libero_10,1,6,True,283,158.7626313000219,0,0,True,/mnt/project_eai_hs/zrm2/eval_isolated/dreamzero_feedback_cb08c9e_20260726/runs/formal_libero40_fbfm_l1mass_20_cb08c9e/shards/gpu7/tasks/libero_10/task_001/trajectories/trial_006.npz
libero_10,1,7,True,442,245.9437541239895,0,0,True,/mnt/project_eai_hs/zrm2/eval_isolated/dreamzero_feedback_cb08c9e_20260726/runs/formal_libero40_fbfm_l1mass_20_cb08c9e/shards/gpu7/tasks/libero_10/task_001/trajectories/trial_007.npz
libero_10,1,8,True,328,186.11997183295898,0,0,True,/mnt/project_eai_hs/zrm2/eval_isolated/dreamzero_feedback_cb08c9e_20260726/runs/formal_libero40_fbfm_l1mass_20_cb08c9e/shards/gpu7/tasks/libero_10/task_001/trajectories/trial_008.npz
libero_10,1,9,True,325,183.10008807491977,0,0,True,/mnt/project_eai_hs/zrm2/eval_isolated/dreamzero_feedback_cb08c9e_20260726/runs/formal_libero40_fbfm_l1mass_20_cb08c9e/shards/gpu7/tasks/libero_10/task_001/trajectories/trial_009.npz
libero_10,1,10,False,480,269.6127600990003,0,0,True,/mnt/project_eai_hs/zrm2/eval_isolated/dreamzero_feedback_cb08c9e_20260726/runs/formal_libero40_fbfm_l1mass_20_cb08c9e/shards/gpu7/tasks/libero_10/task_001/trajectories/trial_010.npz
libero_10,1,11,False,480,264.11808705795556,0,0,True,/mnt/project_eai_hs/zrm2/eval_isolated/dreamzero_feedback_cb08c9e_20260726/runs/formal_libero40_fbfm_l1mass_20_cb08c9e/shards/gpu7/tasks/libero_10/task_001/trajectories/trial_011.npz
libero_10,1,12,True,349,196.60906018398236,0,0,True,/mnt/project_eai_hs/zrm2/eval_isolated/dreamzero_feedback_cb08c9e_20260726/runs/formal_libero40_fbfm_l1mass_20_cb08c9e/shards/gpu7/tasks/libero_10/task_001/trajectories/trial_012.npz
libero_10,1,13,False,480,264.80704810703173,0,0,True,/mnt/project_eai_hs/zrm2/eval_isolated/dreamzero_feedback_cb08c9e_20260726/runs/formal_libero40_fbfm_l1mass_20_cb08c9e/shards/gpu7/tasks/libero_10/task_001/trajectories/trial_013.npz
libero_10,1,14,True,391,216.37803945795167,0,0,True,/mnt/project_eai_hs/zrm2/eval_isolated/dreamzero_feedback_cb08c9e_20260726/runs/formal_libero40_fbfm_l1mass_20_cb08c9e/shards/gpu7/tasks/libero_10/task_001/trajectories/trial_014.npz
libero_10,1,15,False,480,262.77036401000805,0,0,True,/mnt/project_eai_hs/zrm2/eval_isolated/dreamzero_feedback_cb08c9e_20260726/runs/formal_libero40_fbfm_l1mass_20_cb08c9e/shards/gpu7/tasks/libero_10/task_001/trajectories/trial_015.npz
libero_10,1,16,False,480,266.3823760210071,0,0,True,/mnt/project_eai_hs/zrm2/eval_isolated/dreamzero_feedback_cb08c9e_20260726/runs/formal_libero40_fbfm_l1mass_20_cb08c9e/shards/gpu7/tasks/libero_10/task_001/trajectories/trial_016.npz
libero_10,1,17,False,480,262.97789031406865,0,0,True,/mnt/project_eai_hs/zrm2/eval_isolated/dreamzero_feedback_cb08c9e_20260726/runs/formal_libero40_fbfm_l1mass_20_cb08c9e/shards/gpu7/tasks/libero_10/task_001/trajectories/trial_017.npz
libero_10,1,18,False,480,262.47731061000377,0,0,True,/mnt/project_eai_hs/zrm2/eval_isolated/dreamzero_feedback_cb08c9e_20260726/runs/formal_libero40_fbfm_l1mass_20_cb08c9e/shards/gpu7/tasks/libero_10/task_001/trajectories/trial_018.npz
libero_10,1,19,True,339,186.15135565493256,0,0,True,/mnt/project_eai_hs/zrm2/eval_isolated/dreamzero_feedback_cb08c9e_20260726/runs/formal_libero40_fbfm_l1mass_20_cb08c9e/shards/gpu7/tasks/libero_10/task_001/trajectories/trial_019.npz
libero_10,2,0,False,480,275.0055202310905,0,0,True,/mnt/project_eai_hs/zrm2/eval_isolated/dreamzero_feedback_cb08c9e_20260726/runs/formal_libero40_fbfm_l1mass_20_cb08c9e/shards/gpu0/tasks/libero_10/task_002/trajectories/trial_000.npz
libero_10,2,1,True,274,158.9311473830603,0,0,True,/mnt/project_eai_hs/zrm2/eval_isolated/dreamzero_feedback_cb08c9e_20260726/runs/formal_libero40_fbfm_l1mass_20_cb08c9e/shards/gpu0/tasks/libero_10/task_002/trajectories/trial_001.npz
libero_10,2,2,False,480,271.3585879559396,0,0,True,/mnt/project_eai_hs/zrm2/eval_isolated/dreamzero_feedback_cb08c9e_20260726/runs/formal_libero40_fbfm_l1mass_20_cb08c9e/shards/gpu0/tasks/libero_10/task_002/trajectories/trial_002.npz
libero_10,2,3,True,261,149.15649070998188,0,0,True,/mnt/project_eai_hs/zrm2/eval_isolated/dreamzero_feedback_cb08c9e_20260726/runs/formal_libero40_fbfm_l1mass_20_cb08c9e/shards/gpu0/tasks/libero_10/task_002/trajectories/trial_003.npz
libero_10,2,4,False,480,273.42401827697176,0,0,True,/mnt/project_eai_hs/zrm2/eval_isolated/dreamzero_feedback_cb08c9e_20260726/runs/formal_libero40_fbfm_l1mass_20_cb08c9e/shards/gpu0/tasks/libero_10/task_002/trajectories/trial_004.npz
libero_10,2,5,True,265,148.76902864302974,0,0,True,/mnt/project_eai_hs/zrm2/eval_isolated/dreamzero_feedback_cb08c9e_20260726/runs/formal_libero40_fbfm_l1mass_20_cb08c9e/shards/gpu0/tasks/libero_10/task_002/trajectories/trial_005.npz
libero_10,2,6,True,266,150.8250611589756,0,0,True,/mnt/project_eai_hs/zrm2/eval_isolated/dreamzero_feedback_cb08c9e_20260726/runs/formal_libero40_fbfm_l1mass_20_cb08c9e/shards/gpu0/tasks/libero_10/task_002/trajectories/trial_006.npz
libero_10,2,7,True,260,146.25089293101337,0,0,True,/mnt/project_eai_hs/zrm2/eval_isolated/dreamzero_feedback_cb08c9e_20260726/runs/formal_libero40_fbfm_l1mass_20_cb08c9e/shards/gpu0/tasks/libero_10/task_002/trajectories/trial_007.npz
libero_10,2,8,False,480,270.99835423298646,0,0,True,/mnt/project_eai_hs/zrm2/eval_isolated/dreamzero_feedback_cb08c9e_20260726/runs/formal_libero40_fbfm_l1mass_20_cb08c9e/shards/gpu0/tasks/libero_10/task_002/trajectories/trial_008.npz
libero_10,2,9,True,251,145.06797973404173,0,0,True,/mnt/project_eai_hs/zrm2/eval_isolated/dreamzero_feedback_cb08c9e_20260726/runs/formal_libero40_fbfm_l1mass_20_cb08c9e/shards/gpu0/tasks/libero_10/task_002/trajectories/trial_009.npz
libero_10,2,10,False,480,271.614420299069,0,0,True,/mnt/project_eai_hs/zrm2/eval_isolated/dreamzero_feedback_cb08c9e_20260726/runs/formal_libero40_fbfm_l1mass_20_cb08c9e/shards/gpu0/tasks/libero_10/task_002/trajectories/trial_010.npz
libero_10,2,11,True,256,146.25062485889066,0,0,True,/mnt/project_eai_hs/zrm2/eval_isolated/dreamzero_feedback_cb08c9e_20260726/runs/formal_libero40_fbfm_l1mass_20_cb08c9e/shards/gpu0/tasks/libero_10/task_002/trajectories/trial_011.npz
libero_10,2,12,True,254,144.54791311302688,0,0,True,/mnt/project_eai_hs/zrm2/eval_isolated/dreamzero_feedback_cb08c9e_20260726/runs/formal_libero40_fbfm_l1mass_20_cb08c9e/shards/gpu0/tasks/libero_10/task_002/trajectories/trial_012.npz
libero_10,2,13,True,263,154.7391671719961,0,0,True,/mnt/project_eai_hs/zrm2/eval_isolated/dreamzero_feedback_cb08c9e_20260726/runs/formal_libero40_fbfm_l1mass_20_cb08c9e/shards/gpu0/tasks/libero_10/task_002/trajectories/trial_013.npz
libero_10,2,14,True,252,143.09219756000675,0,0,True,/mnt/project_eai_hs/zrm2/eval_isolated/dreamzero_feedback_cb08c9e_20260726/runs/formal_libero40_fbfm_l1mass_20_cb08c9e/shards/gpu0/tasks/libero_10/task_002/trajectories/trial_014.npz
libero_10,2,15,True,251,144.10055705101695,0,0,True,/mnt/project_eai_hs/zrm2/eval_isolated/dreamzero_feedback_cb08c9e_20260726/runs/formal_libero40_fbfm_l1mass_20_cb08c9e/shards/gpu0/tasks/libero_10/task_002/trajectories/trial_015.npz
libero_10,2,16,True,255,144.43340897606686,0,0,True,/mnt/project_eai_hs/zrm2/eval_isolated/dreamzero_feedback_cb08c9e_20260726/runs/formal_libero40_fbfm_l1mass_20_cb08c9e/shards/gpu0/tasks/libero_10/task_002/trajectories/trial_016.npz
libero_10,2,17,False,480,273.2407364050159,0,0,True,/mnt/project_eai_hs/zrm2/eval_isolated/dreamzero_feedback_cb08c9e_20260726/runs/formal_libero40_fbfm_l1mass_20_cb08c9e/shards/gpu0/tasks/libero_10/task_002/trajectories/trial_017.npz
libero_10,2,18,True,271,153.52469012106303,0,0,True,/mnt/project_eai_hs/zrm2/eval_isolated/dreamzero_feedback_cb08c9e_20260726/runs/formal_libero40_fbfm_l1mass_20_cb08c9e/shards/gpu0/tasks/libero_10/task_002/trajectories/trial_018.npz
libero_10,2,19,True,267,150.72188242606353,0,0,True,/mnt/project_eai_hs/zrm2/eval_isolated/dreamzero_feedback_cb08c9e_20260726/runs/formal_libero40_fbfm_l1mass_20_cb08c9e/shards/gpu0/tasks/libero_10/task_002/trajectories/trial_019.npz
libero_10,3,0,False,480,264.9218667760724,0,0,True,/mnt/project_eai_hs/zrm2/eval_isolated/dreamzero_feedback_cb08c9e_20260726/runs/formal_libero40_fbfm_l1mass_20_cb08c9e/shards/gpu1/tasks/libero_10/task_003/trajectories/trial_000.npz
libero_10,3,1,True,228,126.77572484698612,0,0,True,/mnt/project_eai_hs/zrm2/eval_isolated/dreamzero_feedback_cb08c9e_20260726/runs/formal_libero40_fbfm_l1mass_20_cb08c9e/shards/gpu1/tasks/libero_10/task_003/trajectories/trial_001.npz
libero_10,3,2,True,293,159.6642379910918,0,0,True,/mnt/project_eai_hs/zrm2/eval_isolated/dreamzero_feedback_cb08c9e_20260726/runs/formal_libero40_fbfm_l1mass_20_cb08c9e/shards/gpu1/tasks/libero_10/task_003/trajectories/trial_002.npz
libero_10,3,3,False,480,264.2754875920946,0,0,True,/mnt/project_eai_hs/zrm2/eval_isolated/dreamzero_feedback_cb08c9e_20260726/runs/formal_libero40_fbfm_l1mass_20_cb08c9e/shards/gpu1/tasks/libero_10/task_003/trajectories/trial_003.npz
libero_10,3,4,False,480,262.16535885899793,0,0,True,/mnt/project_eai_hs/zrm2/eval_isolated/dreamzero_feedback_cb08c9e_20260726/runs/formal_libero40_fbfm_l1mass_20_cb08c9e/shards/gpu1/tasks/libero_10/task_003/trajectories/trial_004.npz
libero_10,3,5,True,233,128.97448937804438,0,0,True,/mnt/project_eai_hs/zrm2/eval_isolated/dreamzero_feedback_cb08c9e_20260726/runs/formal_libero40_fbfm_l1mass_20_cb08c9e/shards/gpu1/tasks/libero_10/task_003/trajectories/trial_005.npz
libero_10,3,6,True,229,128.70866415195633,0,0,True,/mnt/project_eai_hs/zrm2/eval_isolated/dreamzero_feedback_cb08c9e_20260726/runs/formal_libero40_fbfm_l1mass_20_cb08c9e/shards/gpu1/tasks/libero_10/task_003/trajectories/trial_006.npz
libero_10,3,7,True,236,129.53922585805412,0,0,True,/mnt/project_eai_hs/zrm2/eval_isolated/dreamzero_feedback_cb08c9e_20260726/runs/formal_libero40_fbfm_l1mass_20_cb08c9e/shards/gpu1/tasks/libero_10/task_003/trajectories/trial_007.npz
libero_10,3,8,True,247,133.91245977999642,0,0,True,/mnt/project_eai_hs/zrm2/eval_isolated/dreamzero_feedback_cb08c9e_20260726/runs/formal_libero40_fbfm_l1mass_20_cb08c9e/shards/gpu1/tasks/libero_10/task_003/trajectories/trial_008.npz
libero_10,3,9,False,480,256.9159754299326,0,0,True,/mnt/project_eai_hs/zrm2/eval_isolated/dreamzero_feedback_cb08c9e_20260726/runs/formal_libero40_fbfm_l1mass_20_cb08c9e/shards/gpu1/tasks/libero_10/task_003/trajectories/trial_009.npz
libero_10,3,10,True,232,124.68788361409679,0,0,True,/mnt/project_eai_hs/zrm2/eval_isolated/dreamzero_feedback_cb08c9e_20260726/runs/formal_libero40_fbfm_l1mass_20_cb08c9e/shards/gpu1/tasks/libero_10/task_003/trajectories/trial_010.npz
libero_10,3,11,False,480,256.43296722706873,0,0,True,/mnt/project_eai_hs/zrm2/eval_isolated/dreamzero_feedback_cb08c9e_20260726/runs/formal_libero40_fbfm_l1mass_20_cb08c9e/shards/gpu1/tasks/libero_10/task_003/trajectories/trial_011.npz
libero_10,3,12,False,480,256.43630662106443,0,0,True,/mnt/project_eai_hs/zrm2/eval_isolated/dreamzero_feedback_cb08c9e_20260726/runs/formal_libero40_fbfm_l1mass_20_cb08c9e/shards/gpu1/tasks/libero_10/task_003/trajectories/trial_012.npz
libero_10,3,13,False,480,259.7409909670241,0,0,True,/mnt/project_eai_hs/zrm2/eval_isolated/dreamzero_feedback_cb08c9e_20260726/runs/formal_libero40_fbfm_l1mass_20_cb08c9e/shards/gpu1/tasks/libero_10/task_003/trajectories/trial_013.npz
libero_10,3,14,True,225,121.72647798596881,0,0,True,/mnt/project_eai_hs/zrm2/eval_isolated/dreamzero_feedback_cb08c9e_20260726/runs/formal_libero40_fbfm_l1mass_20_cb08c9e/shards/gpu1/tasks/libero_10/task_003/trajectories/trial_014.npz
libero_10,3,15,False,480,256.2645742309978,0,0,True,/mnt/project_eai_hs/zrm2/eval_isolated/dreamzero_feedback_cb08c9e_20260726/runs/formal_libero40_fbfm_l1mass_20_cb08c9e/shards/gpu1/tasks/libero_10/task_003/trajectories/trial_015.npz
libero_10,3,16,False,480,254.14997078094166,0,0,True,/mnt/project_eai_hs/zrm2/eval_isolated/dreamzero_feedback_cb08c9e_20260726/runs/formal_libero40_fbfm_l1mass_20_cb08c9e/shards/gpu1/tasks/libero_10/task_003/trajectories/trial_016.npz
libero_10,3,17,True,225,119.07252289890312,0,0,True,/mnt/project_eai_hs/zrm2/eval_isolated/dreamzero_feedback_cb08c9e_20260726/runs/formal_libero40_fbfm_l1mass_20_cb08c9e/shards/gpu1/tasks/libero_10/task_003/trajectories/trial_017.npz
libero_10,3,18,True,254,135.8390413080342,0,0,True,/mnt/project_eai_hs/zrm2/eval_isolated/dreamzero_feedback_cb08c9e_20260726/runs/formal_libero40_fbfm_l1mass_20_cb08c9e/shards/gpu1/tasks/libero_10/task_003/trajectories/trial_018.npz
libero_10,3,19,False,480,251.38715385296382,0,0,True,/mnt/project_eai_hs/zrm2/eval_isolated/dreamzero_feedback_cb08c9e_20260726/runs/formal_libero40_fbfm_l1mass_20_cb08c9e/shards/gpu1/tasks/libero_10/task_003/trajectories/trial_019.npz
libero_10,4,0,True,254,141.88808925799094,0,0,True,/mnt/project_eai_hs/zrm2/eval_isolated/dreamzero_feedback_cb08c9e_20260726/runs/formal_libero40_fbfm_l1mass_20_cb08c9e/shards/gpu2/tasks/libero_10/task_004/trajectories/trial_000.npz
libero_10,4,1,True,252,141.17614258208778,0,0,True,/mnt/project_eai_hs/zrm2/eval_isolated/dreamzero_feedback_cb08c9e_20260726/runs/formal_libero40_fbfm_l1mass_20_cb08c9e/shards/gpu2/tasks/libero_10/task_004/trajectories/trial_001.npz
libero_10,4,2,True,248,137.4914204509696,0,0,True,/mnt/project_eai_hs/zrm2/eval_isolated/dreamzero_feedback_cb08c9e_20260726/runs/formal_libero40_fbfm_l1mass_20_cb08c9e/shards/gpu2/tasks/libero_10/task_004/trajectories/trial_002.npz
libero_10,4,3,False,480,264.5296934910584,0,0,True,/mnt/project_eai_hs/zrm2/eval_isolated/dreamzero_feedback_cb08c9e_20260726/runs/formal_libero40_fbfm_l1mass_20_cb08c9e/shards/gpu2/tasks/libero_10/task_004/trajectories/trial_003.npz
libero_10,4,4,False,480,267.12538332596887,0,0,True,/mnt/project_eai_hs/zrm2/eval_isolated/dreamzero_feedback_cb08c9e_20260726/runs/formal_libero40_fbfm_l1mass_20_cb08c9e/shards/gpu2/tasks/libero_10/task_004/trajectories/trial_004.npz
libero_10,4,5,True,287,159.84157367504667,0,0,True,/mnt/project_eai_hs/zrm2/eval_isolated/dreamzero_feedback_cb08c9e_20260726/runs/formal_libero40_fbfm_l1mass_20_cb08c9e/shards/gpu2/tasks/libero_10/task_004/trajectories/trial_005.npz
libero_10,4,6,True,257,143.5805326399859,0,0,True,/mnt/project_eai_hs/zrm2/eval_isolated/dreamzero_feedback_cb08c9e_20260726/runs/formal_libero40_fbfm_l1mass_20_cb08c9e/shards/gpu2/tasks/libero_10/task_004/trajectories/trial_006.npz
libero_10,4,7,True,281,155.51512256194837,0,0,True,/mnt/project_eai_hs/zrm2/eval_isolated/dreamzero_feedback_cb08c9e_20260726/runs/formal_libero40_fbfm_l1mass_20_cb08c9e/shards/gpu2/tasks/libero_10/task_004/trajectories/trial_007.npz
libero_10,4,8,True,242,134.01942044706084,0,0,True,/mnt/project_eai_hs/zrm2/eval_isolated/dreamzero_feedback_cb08c9e_20260726/runs/formal_libero40_fbfm_l1mass_20_cb08c9e/shards/gpu2/tasks/libero_10/task_004/trajectories/trial_008.npz
libero_10,4,9,True,339,189.32306117098778,0,0,True,/mnt/project_eai_hs/zrm2/eval_isolated/dreamzero_feedback_cb08c9e_20260726/runs/formal_libero40_fbfm_l1mass_20_cb08c9e/shards/gpu2/tasks/libero_10/task_004/trajectories/trial_009.npz
libero_10,4,10,False,480,267.3637740589911,0,0,True,/mnt/project_eai_hs/zrm2/eval_isolated/dreamzero_feedback_cb08c9e_20260726/runs/formal_libero40_fbfm_l1mass_20_cb08c9e/shards/gpu2/tasks/libero_10/task_004/trajectories/trial_010.npz
libero_10,4,11,True,267,149.3195868190378,0,0,True,/mnt/project_eai_hs/zrm2/eval_isolated/dreamzero_feedback_cb08c9e_20260726/runs/formal_libero40_fbfm_l1mass_20_cb08c9e/shards/gpu2/tasks/libero_10/task_004/trajectories/trial_011.npz
libero_10,4,12,True,241,135.75032560597174,0,0,True,/mnt/project_eai_hs/zrm2/eval_isolated/dreamzero_feedback_cb08c9e_20260726/runs/formal_libero40_fbfm_l1mass_20_cb08c9e/shards/gpu2/tasks/libero_10/task_004/trajectories/trial_012.npz
libero_10,4,13,True,265,149.75739218993112,0,0,True,/mnt/project_eai_hs/zrm2/eval_isolated/dreamzero_feedback_cb08c9e_20260726/runs/formal_libero40_fbfm_l1mass_20_cb08c9e/shards/gpu2/tasks/libero_10/task_004/trajectories/trial_013.npz
libero_10,4,14,True,268,150.35589006496593,0,0,True,/mnt/project_eai_hs/zrm2/eval_isolated/dreamzero_feedback_cb08c9e_20260726/runs/formal_libero40_fbfm_l1mass_20_cb08c9e/shards/gpu2/tasks/libero_10/task_004/trajectories/trial_014.npz
libero_10,4,15,True,252,140.47589092701674,0,0,True,/mnt/project_eai_hs/zrm2/eval_isolated/dreamzero_feedback_cb08c9e_20260726/runs/formal_libero40_fbfm_l1mass_20_cb08c9e/shards/gpu2/tasks/libero_10/task_004/trajectories/trial_015.npz
libero_10,4,16,False,480,265.18656742491294,0,0,True,/mnt/project_eai_hs/zrm2/eval_isolated/dreamzero_feedback_cb08c9e_20260726/runs/formal_libero40_fbfm_l1mass_20_cb08c9e/shards/gpu2/tasks/libero_10/task_004/trajectories/trial_016.npz
libero_10,4,17,True,246,138.2723551429808,0,0,True,/mnt/project_eai_hs/zrm2/eval_isolated/dreamzero_feedback_cb08c9e_20260726/runs/formal_libero40_fbfm_l1mass_20_cb08c9e/shards/gpu2/tasks/libero_10/task_004/trajectories/trial_017.npz
libero_10,4,18,True,275,158.71131725399755,0,0,True,/mnt/project_eai_hs/zrm2/eval_isolated/dreamzero_feedback_cb08c9e_20260726/runs/formal_libero40_fbfm_l1mass_20_cb08c9e/shards/gpu2/tasks/libero_10/task_004/trajectories/trial_018.npz
libero_10,4,19,True,269,150.81229365593754,0,0,True,/mnt/project_eai_hs/zrm2/eval_isolated/dreamzero_feedback_cb08c9e_20260726/runs/formal_libero40_fbfm_l1mass_20_cb08c9e/shards/gpu2/tasks/libero_10/task_004/trajectories/trial_019.npz
libero_10,5,0,True,158,90.3208131249994,0,0,True,/mnt/project_eai_hs/zrm2/eval_isolated/dreamzero_feedback_cb08c9e_20260726/runs/formal_libero40_fbfm_l1mass_20_cb08c9e/shards/gpu3/tasks/libero_10/task_005/trajectories/trial_000.npz
libero_10,5,1,True,210,115.33527115790639,0,0,True,/mnt/project_eai_hs/zrm2/eval_isolated/dreamzero_feedback_cb08c9e_20260726/runs/formal_libero40_fbfm_l1mass_20_cb08c9e/shards/gpu3/tasks/libero_10/task_005/trajectories/trial_001.npz
libero_10,5,2,True,319,177.0705333009828,0,0,True,/mnt/project_eai_hs/zrm2/eval_isolated/dreamzero_feedback_cb08c9e_20260726/runs/formal_libero40_fbfm_l1mass_20_cb08c9e/shards/gpu3/tasks/libero_10/task_005/trajectories/trial_002.npz
libero_10,5,3,True,230,129.28831803100184,0,0,True,/mnt/project_eai_hs/zrm2/eval_isolated/dreamzero_feedback_cb08c9e_20260726/runs/formal_libero40_fbfm_l1mass_20_cb08c9e/shards/gpu3/tasks/libero_10/task_005/trajectories/trial_003.npz
libero_10,5,4,True,166,93.77788685797714,0,0,True,/mnt/project_eai_hs/zrm2/eval_isolated/dreamzero_feedback_cb08c9e_20260726/runs/formal_libero40_fbfm_l1mass_20_cb08c9e/shards/gpu3/tasks/libero_10/task_005/trajectories/trial_004.npz
libero_10,5,5,True,206,114.9999531279318,0,0,True,/mnt/project_eai_hs/zrm2/eval_isolated/dreamzero_feedback_cb08c9e_20260726/runs/formal_libero40_fbfm_l1mass_20_cb08c9e/shards/gpu3/tasks/libero_10/task_005/trajectories/trial_005.npz
libero_10,5,6,True,209,115.88827340200078,0,0,True,/mnt/project_eai_hs/zrm2/eval_isolated/dreamzero_feedback_cb08c9e_20260726/runs/formal_libero40_fbfm_l1mass_20_cb08c9e/shards/gpu3/tasks/libero_10/task_005/trajectories/trial_006.npz
libero_10,5,7,True,207,115.17470638209488,0,0,True,/mnt/project_eai_hs/zrm2/eval_isolated/dreamzero_feedback_cb08c9e_20260726/runs/formal_libero40_fbfm_l1mass_20_cb08c9e/shards/gpu3/tasks/libero_10/task_005/trajectories/trial_007.npz
libero_10,5,8,True,206,114.27021069999319,0,0,True,/mnt/project_eai_hs/zrm2/eval_isolated/dreamzero_feedback_cb08c9e_20260726/runs/formal_libero40_fbfm_l1mass_20_cb08c9e/shards/gpu3/tasks/libero_10/task_005/trajectories/trial_008.npz
libero_10,5,9,True,196,108.00625879992731,0,0,True,/mnt/project_eai_hs/zrm2/eval_isolated/dreamzero_feedback_cb08c9e_20260726/runs/formal_libero40_fbfm_l1mass_20_cb08c9e/shards/gpu3/tasks/libero_10/task_005/trajectories/trial_009.npz
libero_10,5,10,True,234,129.25170224590693,0,0,True,/mnt/project_eai_hs/zrm2/eval_isolated/dreamzero_feedback_cb08c9e_20260726/runs/formal_libero40_fbfm_l1mass_20_cb08c9e/shards/gpu3/tasks/libero_10/task_005/trajectories/trial_010.npz
libero_10,5,11,True,159,87.81958682090044,0,0,True,/mnt/project_eai_hs/zrm2/eval_isolated/dreamzero_feedback_cb08c9e_20260726/runs/formal_libero40_fbfm_l1mass_20_cb08c9e/shards/gpu3/tasks/libero_10/task_005/trajectories/trial_011.npz
libero_10,5,12,True,210,119.76951912092045,0,0,True,/mnt/project_eai_hs/zrm2/eval_isolated/dreamzero_feedback_cb08c9e_20260726/runs/formal_libero40_fbfm_l1mass_20_cb08c9e/shards/gpu3/tasks/libero_10/task_005/trajectories/trial_012.npz
libero_10,5,13,True,211,116.3843638880644,0,0,True,/mnt/project_eai_hs/zrm2/eval_isolated/dreamzero_feedback_cb08c9e_20260726/runs/formal_libero40_fbfm_l1mass_20_cb08c9e/shards/gpu3/tasks/libero_10/task_005/trajectories/trial_013.npz
libero_10,5,14,False,480,258.7015952030197,0,0,True,/mnt/project_eai_hs/zrm2/eval_isolated/dreamzero_feedback_cb08c9e_20260726/runs/formal_libero40_fbfm_l1mass_20_cb08c9e/shards/gpu3/tasks/libero_10/task_005/trajectories/trial_014.npz
libero_10,5,15,True,206,113.04780384001788,0,0,True,/mnt/project_eai_hs/zrm2/eval_isolated/dreamzero_feedback_cb08c9e_20260726/runs/formal_libero40_fbfm_l1mass_20_cb08c9e/shards/gpu3/tasks/libero_10/task_005/trajectories/trial_015.npz
libero_10,5,16,True,201,113.18712563801091,0,0,True,/mnt/project_eai_hs/zrm2/eval_isolated/dreamzero_feedback_cb08c9e_20260726/runs/formal_libero40_fbfm_l1mass_20_cb08c9e/shards/gpu3/tasks/libero_10/task_005/trajectories/trial_016.npz
libero_10,5,17,True,196,107.18229216209147,0,0,True,/mnt/project_eai_hs/zrm2/eval_isolated/dreamzero_feedback_cb08c9e_20260726/runs/formal_libero40_fbfm_l1mass_20_cb08c9e/shards/gpu3/tasks/libero_10/task_005/trajectories/trial_017.npz
libero_10,5,18,True,159,88.26237367501017,0,0,True,/mnt/project_eai_hs/zrm2/eval_isolated/dreamzero_feedback_cb08c9e_20260726/runs/formal_libero40_fbfm_l1mass_20_cb08c9e/shards/gpu3/tasks/libero_10/task_005/trajectories/trial_018.npz
libero_10,5,19,True,219,120.38565486308653,0,0,True,/mnt/project_eai_hs/zrm2/eval_isolated/dreamzero_feedback_cb08c9e_20260726/runs/formal_libero40_fbfm_l1mass_20_cb08c9e/shards/gpu3/tasks/libero_10/task_005/trajectories/trial_019.npz
libero_10,6,0,False,480,274.2067418389488,0,0,True,/mnt/project_eai_hs/zrm2/eval_isolated/dreamzero_feedback_cb08c9e_20260726/runs/formal_libero40_fbfm_l1mass_20_cb08c9e/shards/gpu4/tasks/libero_10/task_006/trajectories/trial_000.npz
libero_10,6,1,True,262,149.4480600830866,0,0,True,/mnt/project_eai_hs/zrm2/eval_isolated/dreamzero_feedback_cb08c9e_20260726/runs/formal_libero40_fbfm_l1mass_20_cb08c9e/shards/gpu4/tasks/libero_10/task_006/trajectories/trial_001.npz
libero_10,6,2,False,480,268.807645531022,0,0,True,/mnt/project_eai_hs/zrm2/eval_isolated/dreamzero_feedback_cb08c9e_20260726/runs/formal_libero40_fbfm_l1mass_20_cb08c9e/shards/gpu4/tasks/libero_10/task_006/trajectories/trial_002.npz
libero_10,6,3,True,223,129.12489057308994,0,0,True,/mnt/project_eai_hs/zrm2/eval_isolated/dreamzero_feedback_cb08c9e_20260726/runs/formal_libero40_fbfm_l1mass_20_cb08c9e/shards/gpu4/tasks/libero_10/task_006/trajectories/trial_003.npz
libero_10,6,4,True,277,156.23014966596384,0,0,True,/mnt/project_eai_hs/zrm2/eval_isolated/dreamzero_feedback_cb08c9e_20260726/runs/formal_libero40_fbfm_l1mass_20_cb08c9e/shards/gpu4/tasks/libero_10/task_006/trajectories/trial_004.npz
libero_10,6,5,True,258,148.23572013003286,0,0,True,/mnt/project_eai_hs/zrm2/eval_isolated/dreamzero_feedback_cb08c9e_20260726/runs/formal_libero40_fbfm_l1mass_20_cb08c9e/shards/gpu4/tasks/libero_10/task_006/trajectories/trial_005.npz
libero_10,6,6,True,285,163.34229774400592,0,0,True,/mnt/project_eai_hs/zrm2/eval_isolated/dreamzero_feedback_cb08c9e_20260726/runs/formal_libero40_fbfm_l1mass_20_cb08c9e/shards/gpu4/tasks/libero_10/task_006/trajectories/trial_006.npz
libero_10,6,7,True,241,137.57610012497753,0,0,True,/mnt/project_eai_hs/zrm2/eval_isolated/dreamzero_feedback_cb08c9e_20260726/runs/formal_libero40_fbfm_l1mass_20_cb08c9e/shards/gpu4/tasks/libero_10/task_006/trajectories/trial_007.npz
libero_10,6,8,False,480,269.4803126270417,0,0,True,/mnt/project_eai_hs/zrm2/eval_isolated/dreamzero_feedback_cb08c9e_20260726/runs/formal_libero40_fbfm_l1mass_20_cb08c9e/shards/gpu4/tasks/libero_10/task_006/trajectories/trial_008.npz
libero_10,6,9,True,264,153.22275744494982,0,0,True,/mnt/project_eai_hs/zrm2/eval_isolated/dreamzero_feedback_cb08c9e_20260726/runs/formal_libero40_fbfm_l1mass_20_cb08c9e/shards/gpu4/tasks/libero_10/task_006/trajectories/trial_009.npz
libero_10,6,10,True,229,130.548501653946,0,0,True,/mnt/project_eai_hs/zrm2/eval_isolated/dreamzero_feedback_cb08c9e_20260726/runs/formal_libero40_fbfm_l1mass_20_cb08c9e/shards/gpu4/tasks/libero_10/task_006/trajectories/trial_010.npz
libero_10,6,11,False,480,268.97970490402076,0,0,True,/mnt/project_eai_hs/zrm2/eval_isolated/dreamzero_feedback_cb08c9e_20260726/runs/formal_libero40_fbfm_l1mass_20_cb08c9e/shards/gpu4/tasks/libero_10/task_006/trajectories/trial_011.npz
libero_10,6,12,False,480,268.4370861860225,0,0,True,/mnt/project_eai_hs/zrm2/eval_isolated/dreamzero_feedback_cb08c9e_20260726/runs/formal_libero40_fbfm_l1mass_20_cb08c9e/shards/gpu4/tasks/libero_10/task_006/trajectories/trial_012.npz
libero_10,6,13,False,480,270.3568494130159,0,0,True,/mnt/project_eai_hs/zrm2/eval_isolated/dreamzero_feedback_cb08c9e_20260726/runs/formal_libero40_fbfm_l1mass_20_cb08c9e/shards/gpu4/tasks/libero_10/task_006/trajectories/trial_013.npz
libero_10,6,14,False,480,269.16216249903664,0,0,True,/mnt/project_eai_hs/zrm2/eval_isolated/dreamzero_feedback_cb08c9e_20260726/runs/formal_libero40_fbfm_l1mass_20_cb08c9e/shards/gpu4/tasks/libero_10/task_006/trajectories/trial_014.npz
libero_10,6,15,True,243,139.75221433700062,0,0,True,/mnt/project_eai_hs/zrm2/eval_isolated/dreamzero_feedback_cb08c9e_20260726/runs/formal_libero40_fbfm_l1mass_20_cb08c9e/shards/gpu4/tasks/libero_10/task_006/trajectories/trial_015.npz
libero_10,6,16,False,480,270.21411956707016,0,0,True,/mnt/project_eai_hs/zrm2/eval_isolated/dreamzero_feedback_cb08c9e_20260726/runs/formal_libero40_fbfm_l1mass_20_cb08c9e/shards/gpu4/tasks/libero_10/task_006/trajectories/trial_016.npz
libero_10,6,17,False,480,268.30872745101806,0,0,True,/mnt/project_eai_hs/zrm2/eval_isolated/dreamzero_feedback_cb08c9e_20260726/runs/formal_libero40_fbfm_l1mass_20_cb08c9e/shards/gpu4/tasks/libero_10/task_006/trajectories/trial_017.npz
libero_10,6,18,False,480,271.5105394599959,0,0,True,/mnt/project_eai_hs/zrm2/eval_isolated/dreamzero_feedback_cb08c9e_20260726/runs/formal_libero40_fbfm_l1mass_20_cb08c9e/shards/gpu4/tasks/libero_10/task_006/trajectories/trial_018.npz
libero_10,6,19,True,263,149.8138904289808,0,0,True,/mnt/project_eai_hs/zrm2/eval_isolated/dreamzero_feedback_cb08c9e_20260726/runs/formal_libero40_fbfm_l1mass_20_cb08c9e/shards/gpu4/tasks/libero_10/task_006/trajectories/trial_019.npz
libero_10,7,0,False,480,269.1531171220122,0,0,True,/mnt/project_eai_hs/zrm2/eval_isolated/dreamzero_feedback_cb08c9e_20260726/runs/formal_libero40_fbfm_l1mass_20_cb08c9e/shards/gpu5/tasks/libero_10/task_007/trajectories/trial_000.npz
libero_10,7,1,False,480,270.4130743140122,0,0,True,/mnt/project_eai_hs/zrm2/eval_isolated/dreamzero_feedback_cb08c9e_20260726/runs/formal_libero40_fbfm_l1mass_20_cb08c9e/shards/gpu5/tasks/libero_10/task_007/trajectories/trial_001.npz
libero_10,7,2,True,290,168.28358241391834,0,0,True,/mnt/project_eai_hs/zrm2/eval_isolated/dreamzero_feedback_cb08c9e_20260726/runs/formal_libero40_fbfm_l1mass_20_cb08c9e/shards/gpu5/tasks/libero_10/task_007/trajectories/trial_002.npz
libero_10,7,3,False,480,267.2942890439881,0,0,True,/mnt/project_eai_hs/zrm2/eval_isolated/dreamzero_feedback_cb08c9e_20260726/runs/formal_libero40_fbfm_l1mass_20_cb08c9e/shards/gpu5/tasks/libero_10/task_007/trajectories/trial_003.npz
libero_10,7,4,False,480,267.10270661802497,0,0,True,/mnt/project_eai_hs/zrm2/eval_isolated/dreamzero_feedback_cb08c9e_20260726/runs/formal_libero40_fbfm_l1mass_20_cb08c9e/shards/gpu5/tasks/libero_10/task_007/trajectories/trial_004.npz
libero_10,7,5,True,325,184.45062794000842,0,0,True,/mnt/project_eai_hs/zrm2/eval_isolated/dreamzero_feedback_cb08c9e_20260726/runs/formal_libero40_fbfm_l1mass_20_cb08c9e/shards/gpu5/tasks/libero_10/task_007/trajectories/trial_005.npz
libero_10,7,6,False,480,266.3611343560042,0,0,True,/mnt/project_eai_hs/zrm2/eval_isolated/dreamzero_feedback_cb08c9e_20260726/runs/formal_libero40_fbfm_l1mass_20_cb08c9e/shards/gpu5/tasks/libero_10/task_007/trajectories/trial_006.npz
libero_10,7,7,False,480,264.442718049977,0,0,True,/mnt/project_eai_hs/zrm2/eval_isolated/dreamzero_feedback_cb08c9e_20260726/runs/formal_libero40_fbfm_l1mass_20_cb08c9e/shards/gpu5/tasks/libero_10/task_007/trajectories/trial_007.npz
libero_10,7,8,False,480,260.04211826401297,0,0,True,/mnt/project_eai_hs/zrm2/eval_isolated/dreamzero_feedback_cb08c9e_20260726/runs/formal_libero40_fbfm_l1mass_20_cb08c9e/shards/gpu5/tasks/libero_10/task_007/trajectories/trial_008.npz
libero_10,7,9,False,480,259.3863035279792,0,0,True,/mnt/project_eai_hs/zrm2/eval_isolated/dreamzero_feedback_cb08c9e_20260726/runs/formal_libero40_fbfm_l1mass_20_cb08c9e/shards/gpu5/tasks/libero_10/task_007/trajectories/trial_009.npz
libero_10,7,10,False,480,263.0780352000147,0,0,True,/mnt/project_eai_hs/zrm2/eval_isolated/dreamzero_feedback_cb08c9e_20260726/runs/formal_libero40_fbfm_l1mass_20_cb08c9e/shards/gpu5/tasks/libero_10/task_007/trajectories/trial_010.npz
libero_10,7,11,False,480,260.9752376860706,0,0,True,/mnt/project_eai_hs/zrm2/eval_isolated/dreamzero_feedback_cb08c9e_20260726/runs/formal_libero40_fbfm_l1mass_20_cb08c9e/shards/gpu5/tasks/libero_10/task_007/trajectories/trial_011.npz
libero_10,7,12,True,327,178.98195599997416,0,0,True,/mnt/project_eai_hs/zrm2/eval_isolated/dreamzero_feedback_cb08c9e_20260726/runs/formal_libero40_fbfm_l1mass_20_cb08c9e/shards/gpu5/tasks/libero_10/task_007/trajectories/trial_012.npz
libero_10,7,13,False,480,260.4646697459975,0,0,True,/mnt/project_eai_hs/zrm2/eval_isolated/dreamzero_feedback_cb08c9e_20260726/runs/formal_libero40_fbfm_l1mass_20_cb08c9e/shards/gpu5/tasks/libero_10/task_007/trajectories/trial_013.npz
libero_10,7,14,True,359,196.3487423659535,0,0,True,/mnt/project_eai_hs/zrm2/eval_isolated/dreamzero_feedback_cb08c9e_20260726/runs/formal_libero40_fbfm_l1mass_20_cb08c9e/shards/gpu5/tasks/libero_10/task_007/trajectories/trial_014.npz
libero_10,7,15,True,372,201.531556078,0,0,True,/mnt/project_eai_hs/zrm2/eval_isolated/dreamzero_feedback_cb08c9e_20260726/runs/formal_libero40_fbfm_l1mass_20_cb08c9e/shards/gpu5/tasks/libero_10/task_007/trajectories/trial_015.npz
libero_10,7,16,True,289,157.94082108791918,0,0,True,/mnt/project_eai_hs/zrm2/eval_isolated/dreamzero_feedback_cb08c9e_20260726/runs/formal_libero40_fbfm_l1mass_20_cb08c9e/shards/gpu5/tasks/libero_10/task_007/trajectories/trial_016.npz
libero_10,7,17,True,257,140.2762335659936,0,0,True,/mnt/project_eai_hs/zrm2/eval_isolated/dreamzero_feedback_cb08c9e_20260726/runs/formal_libero40_fbfm_l1mass_20_cb08c9e/shards/gpu5/tasks/libero_10/task_007/trajectories/trial_017.npz
libero_10,7,18,False,480,260.02092924597673,0,0,True,/mnt/project_eai_hs/zrm2/eval_isolated/dreamzero_feedback_cb08c9e_20260726/runs/formal_libero40_fbfm_l1mass_20_cb08c9e/shards/gpu5/tasks/libero_10/task_007/trajectories/trial_018.npz
libero_10,7,19,False,480,259.56113087397534,0,0,True,/mnt/project_eai_hs/zrm2/eval_isolated/dreamzero_feedback_cb08c9e_20260726/runs/formal_libero40_fbfm_l1mass_20_cb08c9e/shards/gpu5/tasks/libero_10/task_007/trajectories/trial_019.npz
libero_10,8,0,False,480,264.6014738819795,0,0,True,/mnt/project_eai_hs/zrm2/eval_isolated/dreamzero_feedback_cb08c9e_20260726/runs/formal_libero40_fbfm_l1mass_20_cb08c9e/shards/gpu6/tasks/libero_10/task_008/trajectories/trial_000.npz
libero_10,8,1,True,442,243.36675611196551,0,0,True,/mnt/project_eai_hs/zrm2/eval_isolated/dreamzero_feedback_cb08c9e_20260726/runs/formal_libero40_fbfm_l1mass_20_cb08c9e/shards/gpu6/tasks/libero_10/task_008/trajectories/trial_001.npz
libero_10,8,2,False,480,266.43434067699127,0,0,True,/mnt/project_eai_hs/zrm2/eval_isolated/dreamzero_feedback_cb08c9e_20260726/runs/formal_libero40_fbfm_l1mass_20_cb08c9e/shards/gpu6/tasks/libero_10/task_008/trajectories/trial_002.npz
libero_10,8,3,True,429,238.6722196219489,0,0,True,/mnt/project_eai_hs/zrm2/eval_isolated/dreamzero_feedback_cb08c9e_20260726/runs/formal_libero40_fbfm_l1mass_20_cb08c9e/shards/gpu6/tasks/libero_10/task_008/trajectories/trial_003.npz
libero_10,8,4,True,474,259.15125554497354,0,0,True,/mnt/project_eai_hs/zrm2/eval_isolated/dreamzero_feedback_cb08c9e_20260726/runs/formal_libero40_fbfm_l1mass_20_cb08c9e/shards/gpu6/tasks/libero_10/task_008/trajectories/trial_004.npz
libero_10,8,5,False,480,265.7304422010202,0,0,True,/mnt/project_eai_hs/zrm2/eval_isolated/dreamzero_feedback_cb08c9e_20260726/runs/formal_libero40_fbfm_l1mass_20_cb08c9e/shards/gpu6/tasks/libero_10/task_008/trajectories/trial_005.npz
libero_10,8,6,False,480,268.78795162192546,0,0,True,/mnt/project_eai_hs/zrm2/eval_isolated/dreamzero_feedback_cb08c9e_20260726/runs/formal_libero40_fbfm_l1mass_20_cb08c9e/shards/gpu6/tasks/libero_10/task_008/trajectories/trial_006.npz
libero_10,8,7,False,480,264.40015068301,0,0,True,/mnt/project_eai_hs/zrm2/eval_isolated/dreamzero_feedback_cb08c9e_20260726/runs/formal_libero40_fbfm_l1mass_20_cb08c9e/shards/gpu6/tasks/libero_10/task_008/trajectories/trial_007.npz
libero_10,8,8,False,480,264.2135416609235,0,0,True,/mnt/project_eai_hs/zrm2/eval_isolated/dreamzero_feedback_cb08c9e_20260726/runs/formal_libero40_fbfm_l1mass_20_cb08c9e/shards/gpu6/tasks/libero_10/task_008/trajectories/trial_008.npz
libero_10,8,9,True,441,244.02613753499463,0,0,True,/mnt/project_eai_hs/zrm2/eval_isolated/dreamzero_feedback_cb08c9e_20260726/runs/formal_libero40_fbfm_l1mass_20_cb08c9e/shards/gpu6/tasks/libero_10/task_008/trajectories/trial_009.npz
libero_10,8,10,False,480,264.3784315659432,0,0,True,/mnt/project_eai_hs/zrm2/eval_isolated/dreamzero_feedback_cb08c9e_20260726/runs/formal_libero40_fbfm_l1mass_20_cb08c9e/shards/gpu6/tasks/libero_10/task_008/trajectories/trial_010.npz
libero_10,8,11,False,480,265.79159981792327,0,0,True,/mnt/project_eai_hs/zrm2/eval_isolated/dreamzero_feedback_cb08c9e_20260726/runs/formal_libero40_fbfm_l1mass_20_cb08c9e/shards/gpu6/tasks/libero_10/task_008/trajectories/trial_011.npz
libero_10,8,12,False,480,264.3321413008962,0,0,True,/mnt/project_eai_hs/zrm2/eval_isolated/dreamzero_feedback_cb08c9e_20260726/runs/formal_libero40_fbfm_l1mass_20_cb08c9e/shards/gpu6/tasks/libero_10/task_008/trajectories/trial_012.npz
libero_10,8,13,True,422,233.13837318809237,0,0,True,/mnt/project_eai_hs/zrm2/eval_isolated/dreamzero_feedback_cb08c9e_20260726/runs/formal_libero40_fbfm_l1mass_20_cb08c9e/shards/gpu6/tasks/libero_10/task_008/trajectories/trial_013.npz
libero_10,8,14,False,480,259.8017853279598,0,0,True,/mnt/project_eai_hs/zrm2/eval_isolated/dreamzero_feedback_cb08c9e_20260726/runs/formal_libero40_fbfm_l1mass_20_cb08c9e/shards/gpu6/tasks/libero_10/task_008/trajectories/trial_014.npz
libero_10,8,15,False,480,263.0710978070274,0,0,True,/mnt/project_eai_hs/zrm2/eval_isolated/dreamzero_feedback_cb08c9e_20260726/runs/formal_libero40_fbfm_l1mass_20_cb08c9e/shards/gpu6/tasks/libero_10/task_008/trajectories/trial_015.npz
libero_10,8,16,True,407,225.1738626389997,0,0,True,/mnt/project_eai_hs/zrm2/eval_isolated/dreamzero_feedback_cb08c9e_20260726/runs/formal_libero40_fbfm_l1mass_20_cb08c9e/shards/gpu6/tasks/libero_10/task_008/trajectories/trial_016.npz
libero_10,8,17,False,480,257.0975935650058,0,0,True,/mnt/project_eai_hs/zrm2/eval_isolated/dreamzero_feedback_cb08c9e_20260726/runs/formal_libero40_fbfm_l1mass_20_cb08c9e/shards/gpu6/tasks/libero_10/task_008/trajectories/trial_017.npz
libero_10,8,18,False,480,257.78220534301363,0,0,True,/mnt/project_eai_hs/zrm2/eval_isolated/dreamzero_feedback_cb08c9e_20260726/runs/formal_libero40_fbfm_l1mass_20_cb08c9e/shards/gpu6/tasks/libero_10/task_008/trajectories/trial_018.npz
libero_10,8,19,False,480,260.28951943595894,0,0,True,/mnt/project_eai_hs/zrm2/eval_isolated/dreamzero_feedback_cb08c9e_20260726/runs/formal_libero40_fbfm_l1mass_20_cb08c9e/shards/gpu6/tasks/libero_10/task_008/trajectories/trial_019.npz
libero_10,9,0,True,369,201.9989612379577,0,0,True,/mnt/project_eai_hs/zrm2/eval_isolated/dreamzero_feedback_cb08c9e_20260726/runs/formal_libero40_fbfm_l1mass_20_cb08c9e/shards/gpu7/tasks/libero_10/task_009/trajectories/trial_000.npz
libero_10,9,1,False,480,260.68450585205574,0,0,True,/mnt/project_eai_hs/zrm2/eval_isolated/dreamzero_feedback_cb08c9e_20260726/runs/formal_libero40_fbfm_l1mass_20_cb08c9e/shards/gpu7/tasks/libero_10/task_009/trajectories/trial_001.npz
libero_10,9,2,False,480,262.20070660405327,0,0,True,/mnt/project_eai_hs/zrm2/eval_isolated/dreamzero_feedback_cb08c9e_20260726/runs/formal_libero40_fbfm_l1mass_20_cb08c9e/shards/gpu7/tasks/libero_10/task_009/trajectories/trial_002.npz
libero_10,9,3,True,314,174.24363898299634,0,0,True,/mnt/project_eai_hs/zrm2/eval_isolated/dreamzero_feedback_cb08c9e_20260726/runs/formal_libero40_fbfm_l1mass_20_cb08c9e/shards/gpu7/tasks/libero_10/task_009/trajectories/trial_003.npz
libero_10,9,4,True,403,227.89736246399116,0,0,True,/mnt/project_eai_hs/zrm2/eval_isolated/dreamzero_feedback_cb08c9e_20260726/runs/formal_libero40_fbfm_l1mass_20_cb08c9e/shards/gpu7/tasks/libero_10/task_009/trajectories/trial_004.npz
libero_10,9,5,False,480,264.81020659499336,0,0,True,/mnt/project_eai_hs/zrm2/eval_isolated/dreamzero_feedback_cb08c9e_20260726/runs/formal_libero40_fbfm_l1mass_20_cb08c9e/shards/gpu7/tasks/libero_10/task_009/trajectories/trial_005.npz
libero_10,9,6,True,366,203.41805208602455,0,0,True,/mnt/project_eai_hs/zrm2/eval_isolated/dreamzero_feedback_cb08c9e_20260726/runs/formal_libero40_fbfm_l1mass_20_cb08c9e/shards/gpu7/tasks/libero_10/task_009/trajectories/trial_006.npz
libero_10,9,7,False,480,264.8064175170148,0,0,True,/mnt/project_eai_hs/zrm2/eval_isolated/dreamzero_feedback_cb08c9e_20260726/runs/formal_libero40_fbfm_l1mass_20_cb08c9e/shards/gpu7/tasks/libero_10/task_009/trajectories/trial_007.npz
libero_10,9,8,False,480,265.9730862600263,0,0,True,/mnt/project_eai_hs/zrm2/eval_isolated/dreamzero_feedback_cb08c9e_20260726/runs/formal_libero40_fbfm_l1mass_20_cb08c9e/shards/gpu7/tasks/libero_10/task_009/trajectories/trial_008.npz
libero_10,9,9,False,480,260.7435313240858,0,0,True,/mnt/project_eai_hs/zrm2/eval_isolated/dreamzero_feedback_cb08c9e_20260726/runs/formal_libero40_fbfm_l1mass_20_cb08c9e/shards/gpu7/tasks/libero_10/task_009/trajectories/trial_009.npz
libero_10,9,10,True,365,199.52998159406707,0,0,True,/mnt/project_eai_hs/zrm2/eval_isolated/dreamzero_feedback_cb08c9e_20260726/runs/formal_libero40_fbfm_l1mass_20_cb08c9e/shards/gpu7/tasks/libero_10/task_009/trajectories/trial_010.npz
libero_10,9,11,False,480,257.3492037859978,0,0,True,/mnt/project_eai_hs/zrm2/eval_isolated/dreamzero_feedback_cb08c9e_20260726/runs/formal_libero40_fbfm_l1mass_20_cb08c9e/shards/gpu7/tasks/libero_10/task_009/trajectories/trial_011.npz
libero_10,9,12,True,373,197.15573177998886,0,0,True,/mnt/project_eai_hs/zrm2/eval_isolated/dreamzero_feedback_cb08c9e_20260726/runs/formal_libero40_fbfm_l1mass_20_cb08c9e/shards/gpu7/tasks/libero_10/task_009/trajectories/trial_012.npz
libero_10,9,13,True,313,165.977120334981,0,0,True,/mnt/project_eai_hs/zrm2/eval_isolated/dreamzero_feedback_cb08c9e_20260726/runs/formal_libero40_fbfm_l1mass_20_cb08c9e/shards/gpu7/tasks/libero_10/task_009/trajectories/trial_013.npz
libero_10,9,14,False,480,254.3722514010733,0,0,True,/mnt/project_eai_hs/zrm2/eval_isolated/dreamzero_feedback_cb08c9e_20260726/runs/formal_libero40_fbfm_l1mass_20_cb08c9e/shards/gpu7/tasks/libero_10/task_009/trajectories/trial_014.npz
libero_10,9,15,True,472,252.67068081605248,0,0,True,/mnt/project_eai_hs/zrm2/eval_isolated/dreamzero_feedback_cb08c9e_20260726/runs/formal_libero40_fbfm_l1mass_20_cb08c9e/shards/gpu7/tasks/libero_10/task_009/trajectories/trial_015.npz
libero_10,9,16,False,480,258.52430422999896,0,0,True,/mnt/project_eai_hs/zrm2/eval_isolated/dreamzero_feedback_cb08c9e_20260726/runs/formal_libero40_fbfm_l1mass_20_cb08c9e/shards/gpu7/tasks/libero_10/task_009/trajectories/trial_016.npz
libero_10,9,17,True,400,214.81649496394675,0,0,True,/mnt/project_eai_hs/zrm2/eval_isolated/dreamzero_feedback_cb08c9e_20260726/runs/formal_libero40_fbfm_l1mass_20_cb08c9e/shards/gpu7/tasks/libero_10/task_009/trajectories/trial_017.npz
libero_10,9,18,False,480,254.28630902897567,0,0,True,/mnt/project_eai_hs/zrm2/eval_isolated/dreamzero_feedback_cb08c9e_20260726/runs/formal_libero40_fbfm_l1mass_20_cb08c9e/shards/gpu7/tasks/libero_10/task_009/trajectories/trial_018.npz
libero_10,9,19,True,410,214.90233182301745,0,0,True,/mnt/project_eai_hs/zrm2/eval_isolated/dreamzero_feedback_cb08c9e_20260726/runs/formal_libero40_fbfm_l1mass_20_cb08c9e/shards/gpu7/tasks/libero_10/task_009/trajectories/trial_019.npz
